# vtk DataFile Version 3.0
NIST-inspired gas boundary, metres
ASCII
DATASET POLYDATA
POINTS 2695 double
0.051 0 -0.11
0.0509726939613 0.0016686732239 -0.11
0.0508908050852 0.0033355595907 -0.11
0.0507544210603 0.0049988741568 -0.11
0.0505636879301 0.0066568358032 -0.11
0.0503188099363 0.0083076691431 -0.11
0.0500200493006 0.0099496064228 -0.11
0.0496677259431 0.0115808894148 -0.11
0.0492622171407 0.0131997713002 -0.11
0.0488039571223 0.01480451854 -0.11
0.0482934366043 0.0163934127305 -0.11
0.0477312022646 0.017964752444 -0.11
0.0471178561581 0.0195168550506 -0.11
0.046454055071 0.02104805852 -0.11
0.0457405098182 0.0225567232012 -0.11
0.0449779844818 0.0240412335781 -0.11
0.044167295593 0.0255 -0.11
0.0433093112579 0.0269314603832 -0.11
0.0424049502274 0.028334081884 -0.11
0.0414551809142 0.0297063625403 -0.11
0.0404610203549 0.0310468328794 -0.11
0.0394235331215 0.0323540574923 -0.11
0.0383438301814 0.0336266365701 -0.11
0.0372230677076 0.0348632074032 -0.11
0.0360624458405 0.0360624458405 -0.11
0.0348632074032 0.0372230677076 -0.11
0.0336266365701 0.0383438301814 -0.11
0.0323540574923 0.0394235331215 -0.11
0.0310468328794 0.0404610203549 -0.11
0.0297063625403 0.0414551809142 -0.11
0.028334081884 0.0424049502274 -0.11
0.0269314603832 0.0433093112579 -0.11
0.0255 0.044167295593 -0.11
0.0240412335781 0.0449779844818 -0.11
0.0225567232012 0.0457405098182 -0.11
0.02104805852 0.046454055071 -0.11
0.0195168550506 0.0471178561581 -0.11
0.017964752444 0.0477312022646 -0.11
0.0163934127305 0.0482934366043 -0.11
0.01480451854 0.0488039571223 -0.11
0.0131997713002 0.0492622171407 -0.11
0.0115808894148 0.0496677259431 -0.11
0.0099496064228 0.0500200493006 -0.11
0.0083076691431 0.0503188099363 -0.11
0.0066568358032 0.0505636879301 -0.11
0.0049988741568 0.0507544210603 -0.11
0.0033355595907 0.0508908050852 -0.11
0.0016686732239 0.0509726939613 -0.11
0 0.051 -0.11
-0.0016686732239 0.0509726939613 -0.11
-0.0033355595907 0.0508908050852 -0.11
-0.0049988741568 0.0507544210603 -0.11
-0.0066568358032 0.0505636879301 -0.11
-0.0083076691431 0.0503188099363 -0.11
-0.0099496064228 0.0500200493006 -0.11
-0.0115808894148 0.0496677259431 -0.11
-0.0131997713002 0.0492622171407 -0.11
-0.01480451854 0.0488039571223 -0.11
-0.0163934127305 0.0482934366043 -0.11
-0.017964752444 0.0477312022646 -0.11
-0.0195168550506 0.0471178561581 -0.11
-0.02104805852 0.046454055071 -0.11
-0.0225567232012 0.0457405098182 -0.11
-0.0240412335781 0.0449779844818 -0.11
-0.0255 0.044167295593 -0.11
-0.0269314603832 0.0433093112579 -0.11
-0.028334081884 0.0424049502274 -0.11
-0.0297063625403 0.0414551809142 -0.11
-0.0310468328794 0.0404610203549 -0.11
-0.0323540574923 0.0394235331215 -0.11
-0.0336266365701 0.0383438301814 -0.11
-0.0348632074032 0.0372230677076 -0.11
-0.0360624458405 0.0360624458405 -0.11
-0.0372230677076 0.0348632074032 -0.11
-0.0383438301814 0.0336266365701 -0.11
-0.0394235331215 0.0323540574923 -0.11
-0.0404610203549 0.0310468328794 -0.11
-0.0414551809142 0.0297063625403 -0.11
-0.0424049502274 0.028334081884 -0.11
-0.0433093112579 0.0269314603832 -0.11
-0.044167295593 0.0255 -0.11
-0.0449779844818 0.0240412335781 -0.11
-0.0457405098182 0.0225567232012 -0.11
-0.046454055071 0.02104805852 -0.11
-0.0471178561581 0.0195168550506 -0.11
-0.0477312022646 0.017964752444 -0.11
-0.0482934366043 0.0163934127305 -0.11
-0.0488039571223 0.01480451854 -0.11
-0.0492622171407 0.0131997713002 -0.11
-0.0496677259431 0.0115808894148 -0.11
-0.0500200493006 0.0099496064228 -0.11
-0.0503188099363 0.0083076691431 -0.11
-0.0505636879301 0.0066568358032 -0.11
-0.0507544210603 0.0049988741568 -0.11
-0.0508908050852 0.0033355595907 -0.11
-0.0509726939613 0.0016686732239 -0.11
-0.051 0 -0.11
-0.0509726939613 -0.0016686732239 -0.11
-0.0508908050852 -0.0033355595907 -0.11
-0.0507544210603 -0.0049988741568 -0.11
-0.0505636879301 -0.0066568358032 -0.11
-0.0503188099363 -0.0083076691431 -0.11
-0.0500200493006 -0.0099496064228 -0.11
-0.0496677259431 -0.0115808894148 -0.11
-0.0492622171407 -0.0131997713002 -0.11
-0.0488039571223 -0.01480451854 -0.11
-0.0482934366043 -0.0163934127305 -0.11
-0.0477312022646 -0.017964752444 -0.11
-0.0471178561581 -0.0195168550506 -0.11
-0.046454055071 -0.02104805852 -0.11
-0.0457405098182 -0.0225567232012 -0.11
-0.0449779844818 -0.0240412335781 -0.11
-0.044167295593 -0.0255 -0.11
-0.0433093112579 -0.0269314603832 -0.11
-0.0424049502274 -0.028334081884 -0.11
-0.0414551809142 -0.0297063625403 -0.11
-0.0404610203549 -0.0310468328794 -0.11
-0.0394235331215 -0.0323540574923 -0.11
-0.0383438301814 -0.0336266365701 -0.11
-0.0372230677076 -0.0348632074032 -0.11
-0.0360624458405 -0.0360624458405 -0.11
-0.0348632074032 -0.0372230677076 -0.11
-0.0336266365701 -0.0383438301814 -0.11
-0.0323540574923 -0.0394235331215 -0.11
-0.0310468328794 -0.0404610203549 -0.11
-0.0297063625403 -0.0414551809142 -0.11
-0.028334081884 -0.0424049502274 -0.11
-0.0269314603832 -0.0433093112579 -0.11
-0.0255 -0.044167295593 -0.11
-0.0240412335781 -0.0449779844818 -0.11
-0.0225567232012 -0.0457405098182 -0.11
-0.02104805852 -0.046454055071 -0.11
-0.0195168550506 -0.0471178561581 -0.11
-0.017964752444 -0.0477312022646 -0.11
-0.0163934127305 -0.0482934366043 -0.11
-0.01480451854 -0.0488039571223 -0.11
-0.0131997713002 -0.0492622171407 -0.11
-0.0115808894148 -0.0496677259431 -0.11
-0.0099496064228 -0.0500200493006 -0.11
-0.0083076691431 -0.0503188099363 -0.11
-0.0066568358032 -0.0505636879301 -0.11
-0.0049988741568 -0.0507544210603 -0.11
-0.0033355595907 -0.0508908050852 -0.11
-0.0016686732239 -0.0509726939613 -0.11
-0 -0.051 -0.11
0.0016686732239 -0.0509726939613 -0.11
0.0033355595907 -0.0508908050852 -0.11
0.0049988741568 -0.0507544210603 -0.11
0.0066568358032 -0.0505636879301 -0.11
0.0083076691431 -0.0503188099363 -0.11
0.0099496064228 -0.0500200493006 -0.11
0.0115808894148 -0.0496677259431 -0.11
0.0131997713002 -0.0492622171407 -0.11
0.01480451854 -0.0488039571223 -0.11
0.0163934127305 -0.0482934366043 -0.11
0.017964752444 -0.0477312022646 -0.11
0.0195168550506 -0.0471178561581 -0.11
0.02104805852 -0.046454055071 -0.11
0.0225567232012 -0.0457405098182 -0.11
0.0240412335781 -0.0449779844818 -0.11
0.0255 -0.044167295593 -0.11
0.0269314603832 -0.0433093112579 -0.11
0.028334081884 -0.0424049502274 -0.11
0.0297063625403 -0.0414551809142 -0.11
0.0310468328794 -0.0404610203549 -0.11
0.0323540574923 -0.0394235331215 -0.11
0.0336266365701 -0.0383438301814 -0.11
0.0348632074032 -0.0372230677076 -0.11
0.0360624458405 -0.0360624458405 -0.11
0.0372230677076 -0.0348632074032 -0.11
0.0383438301814 -0.0336266365701 -0.11
0.0394235331215 -0.0323540574923 -0.11
0.0404610203549 -0.0310468328794 -0.11
0.0414551809142 -0.0297063625403 -0.11
0.0424049502274 -0.028334081884 -0.11
0.0433093112579 -0.0269314603832 -0.11
0.044167295593 -0.0255 -0.11
0.0449779844818 -0.0240412335781 -0.11
0.0457405098182 -0.0225567232012 -0.11
0.046454055071 -0.02104805852 -0.11
0.0471178561581 -0.0195168550506 -0.11
0.0477312022646 -0.017964752444 -0.11
0.0482934366043 -0.0163934127305 -0.11
0.0488039571223 -0.01480451854 -0.11
0.0492622171407 -0.0131997713002 -0.11
0.0496677259431 -0.0115808894148 -0.11
0.0500200493006 -0.0099496064228 -0.11
0.0503188099363 -0.0083076691431 -0.11
0.0505636879301 -0.0066568358032 -0.11
0.0507544210603 -0.0049988741568 -0.11
0.0508908050852 -0.0033355595907 -0.11
0.0509726939613 -0.0016686732239 -0.11
0.025 0 0
0.0249866146869 0.0008179770705 0
0.024946473081 0.0016350782308 0
0.0248796181668 0.0024504285082 0
0.0247861215343 0.0032631548055 0
0.0246660833021 0.0040723868349 0
0.0245196320101 0.0048772580504 0
0.0243469244819 0.0056769065759 0
0.0241481456572 0.0064704761276 0
0.0239235083933 0.0072571169314 0
0.0236732532374 0.0080359866326 0
0.0233976481689 0.008806251198 0
0.0230969883128 0.0095670858091 0
0.022771595623 0.0103176757451 0
0.0224218185383 0.0110572172555 0
0.0220480316087 0.0117849184206 0
0.0216506350946 0.0125 0
0.0212300545382 0.0132016962663 0
0.0207867403076 0.0138892558255 0
0.0203211671148 0.0145619424217 0
0.0198338335073 0.0152190357252 0
0.0193252613341 0.0158598321041 0
0.018795995187 0.0164836453775 0
0.0182466018174 0.0170898075506 0
0.0176776695297 0.0176776695297 0
0.0170898075506 0.0182466018174 0
0.0164836453775 0.018795995187 0
0.0158598321041 0.0193252613341 0
0.0152190357252 0.0198338335073 0
0.0145619424217 0.0203211671148 0
0.0138892558255 0.0207867403076 0
0.0132016962663 0.0212300545382 0
0.0125 0.0216506350946 0
0.0117849184206 0.0220480316087 0
0.0110572172555 0.0224218185383 0
0.0103176757451 0.022771595623 0
0.0095670858091 0.0230969883128 0
0.008806251198 0.0233976481689 0
0.0080359866326 0.0236732532374 0
0.0072571169314 0.0239235083933 0
0.0064704761276 0.0241481456572 0
0.0056769065759 0.0243469244819 0
0.0048772580504 0.0245196320101 0
0.0040723868349 0.0246660833021 0
0.0032631548055 0.0247861215343 0
0.0024504285082 0.0248796181668 0
0.0016350782308 0.024946473081 0
0.0008179770705 0.0249866146869 0
0 0.025 0
-0.0008179770705 0.0249866146869 0
-0.0016350782308 0.024946473081 0
-0.0024504285082 0.0248796181668 0
-0.0032631548055 0.0247861215343 0
-0.0040723868349 0.0246660833021 0
-0.0048772580504 0.0245196320101 0
-0.0056769065759 0.0243469244819 0
-0.0064704761276 0.0241481456572 0
-0.0072571169314 0.0239235083933 0
-0.0080359866326 0.0236732532374 0
-0.008806251198 0.0233976481689 0
-0.0095670858091 0.0230969883128 0
-0.0103176757451 0.022771595623 0
-0.0110572172555 0.0224218185383 0
-0.0117849184206 0.0220480316087 0
-0.0125 0.0216506350946 0
-0.0132016962663 0.0212300545382 0
-0.0138892558255 0.0207867403076 0
-0.0145619424217 0.0203211671148 0
-0.0152190357252 0.0198338335073 0
-0.0158598321041 0.0193252613341 0
-0.0164836453775 0.018795995187 0
-0.0170898075506 0.0182466018174 0
-0.0176776695297 0.0176776695297 0
-0.0182466018174 0.0170898075506 0
-0.018795995187 0.0164836453775 0
-0.0193252613341 0.0158598321041 0
-0.0198338335073 0.0152190357252 0
-0.0203211671148 0.0145619424217 0
-0.0207867403076 0.0138892558255 0
-0.0212300545382 0.0132016962663 0
-0.0216506350946 0.0125 0
-0.0220480316087 0.0117849184206 0
-0.0224218185383 0.0110572172555 0
-0.022771595623 0.0103176757451 0
-0.0230969883128 0.0095670858091 0
-0.0233976481689 0.008806251198 0
-0.0236732532374 0.0080359866326 0
-0.0239235083933 0.0072571169314 0
-0.0241481456572 0.0064704761276 0
-0.0243469244819 0.0056769065759 0
-0.0245196320101 0.0048772580504 0
-0.0246660833021 0.0040723868349 0
-0.0247861215343 0.0032631548055 0
-0.0248796181668 0.0024504285082 0
-0.024946473081 0.0016350782308 0
-0.0249866146869 0.0008179770705 0
-0.025 0 0
-0.0249866146869 -0.0008179770705 0
-0.024946473081 -0.0016350782308 0
-0.0248796181668 -0.0024504285082 0
-0.0247861215343 -0.0032631548055 0
-0.0246660833021 -0.0040723868349 0
-0.0245196320101 -0.0048772580504 0
-0.0243469244819 -0.0056769065759 0
-0.0241481456572 -0.0064704761276 0
-0.0239235083933 -0.0072571169314 0
-0.0236732532374 -0.0080359866326 0
-0.0233976481689 -0.008806251198 0
-0.0230969883128 -0.0095670858091 0
-0.022771595623 -0.0103176757451 0
-0.0224218185383 -0.0110572172555 0
-0.0220480316087 -0.0117849184206 0
-0.0216506350946 -0.0125 0
-0.0212300545382 -0.0132016962663 0
-0.0207867403076 -0.0138892558255 0
-0.0203211671148 -0.0145619424217 0
-0.0198338335073 -0.0152190357252 0
-0.0193252613341 -0.0158598321041 0
-0.018795995187 -0.0164836453775 0
-0.0182466018174 -0.0170898075506 0
-0.0176776695297 -0.0176776695297 0
-0.0170898075506 -0.0182466018174 0
-0.0164836453775 -0.018795995187 0
-0.0158598321041 -0.0193252613341 0
-0.0152190357252 -0.0198338335073 0
-0.0145619424217 -0.0203211671148 0
-0.0138892558255 -0.0207867403076 0
-0.0132016962663 -0.0212300545382 0
-0.0125 -0.0216506350946 0
-0.0117849184206 -0.0220480316087 0
-0.0110572172555 -0.0224218185383 0
-0.0103176757451 -0.022771595623 0
-0.0095670858091 -0.0230969883128 0
-0.008806251198 -0.0233976481689 0
-0.0080359866326 -0.0236732532374 0
-0.0072571169314 -0.0239235083933 0
-0.0064704761276 -0.0241481456572 0
-0.0056769065759 -0.0243469244819 0
-0.0048772580504 -0.0245196320101 0
-0.0040723868349 -0.0246660833021 0
-0.0032631548055 -0.0247861215343 0
-0.0024504285082 -0.0248796181668 0
-0.0016350782308 -0.024946473081 0
-0.0008179770705 -0.0249866146869 0
-0 -0.025 0
0.0008179770705 -0.0249866146869 0
0.0016350782308 -0.024946473081 0
0.0024504285082 -0.0248796181668 0
0.0032631548055 -0.0247861215343 0
0.0040723868349 -0.0246660833021 0
0.0048772580504 -0.0245196320101 0
0.0056769065759 -0.0243469244819 0
0.0064704761276 -0.0241481456572 0
0.0072571169314 -0.0239235083933 0
0.0080359866326 -0.0236732532374 0
0.008806251198 -0.0233976481689 0
0.0095670858091 -0.0230969883128 0
0.0103176757451 -0.022771595623 0
0.0110572172555 -0.0224218185383 0
0.0117849184206 -0.0220480316087 0
0.0125 -0.0216506350946 0
0.0132016962663 -0.0212300545382 0
0.0138892558255 -0.0207867403076 0
0.0145619424217 -0.0203211671148 0
0.0152190357252 -0.0198338335073 0
0.0158598321041 -0.0193252613341 0
0.0164836453775 -0.018795995187 0
0.0170898075506 -0.0182466018174 0
0.0176776695297 -0.0176776695297 0
0.0182466018174 -0.0170898075506 0
0.018795995187 -0.0164836453775 0
0.0193252613341 -0.0158598321041 0
0.0198338335073 -0.0152190357252 0
0.0203211671148 -0.0145619424217 0
0.0207867403076 -0.0138892558255 0
0.0212300545382 -0.0132016962663 0
0.0216506350946 -0.0125 0
0.0220480316087 -0.0117849184206 0
0.0224218185383 -0.0110572172555 0
0.022771595623 -0.0103176757451 0
0.0230969883128 -0.0095670858091 0
0.0233976481689 -0.008806251198 0
0.0236732532374 -0.0080359866326 0
0.0239235083933 -0.0072571169314 0
0.0241481456572 -0.0064704761276 0
0.0243469244819 -0.0056769065759 0
0.0245196320101 -0.0048772580504 0
0.0246660833021 -0.0040723868349 0
0.0247861215343 -0.0032631548055 0
0.0248796181668 -0.0024504285082 0
0.024946473081 -0.0016350782308 0
0.0249866146869 -0.0008179770705 0
0.051 0 -0.53
0.0509726939613 0.0016686732239 -0.53
0.0508908050852 0.0033355595907 -0.53
0.0507544210603 0.0049988741568 -0.53
0.0505636879301 0.0066568358032 -0.53
0.0503188099363 0.0083076691431 -0.53
0.0500200493006 0.0099496064228 -0.53
0.0496677259431 0.0115808894148 -0.53
0.0492622171407 0.0131997713002 -0.53
0.0488039571223 0.01480451854 -0.53
0.0482934366043 0.0163934127305 -0.53
0.0477312022646 0.017964752444 -0.53
0.0471178561581 0.0195168550506 -0.53
0.046454055071 0.02104805852 -0.53
0.0457405098182 0.0225567232012 -0.53
0.0449779844818 0.0240412335781 -0.53
0.044167295593 0.0255 -0.53
0.0433093112579 0.0269314603832 -0.53
0.0424049502274 0.028334081884 -0.53
0.0414551809142 0.0297063625403 -0.53
0.0404610203549 0.0310468328794 -0.53
0.0394235331215 0.0323540574923 -0.53
0.0383438301814 0.0336266365701 -0.53
0.0372230677076 0.0348632074032 -0.53
0.0360624458405 0.0360624458405 -0.53
0.0348632074032 0.0372230677076 -0.53
0.0336266365701 0.0383438301814 -0.53
0.0323540574923 0.0394235331215 -0.53
0.0310468328794 0.0404610203549 -0.53
0.0297063625403 0.0414551809142 -0.53
0.028334081884 0.0424049502274 -0.53
0.0269314603832 0.0433093112579 -0.53
0.0255 0.044167295593 -0.53
0.0240412335781 0.0449779844818 -0.53
0.0225567232012 0.0457405098182 -0.53
0.02104805852 0.046454055071 -0.53
0.0195168550506 0.0471178561581 -0.53
0.017964752444 0.0477312022646 -0.53
0.0163934127305 0.0482934366043 -0.53
0.01480451854 0.0488039571223 -0.53
0.0131997713002 0.0492622171407 -0.53
0.0115808894148 0.0496677259431 -0.53
0.0099496064228 0.0500200493006 -0.53
0.0083076691431 0.0503188099363 -0.53
0.0066568358032 0.0505636879301 -0.53
0.0049988741568 0.0507544210603 -0.53
0.0033355595907 0.0508908050852 -0.53
0.0016686732239 0.0509726939613 -0.53
0 0.051 -0.53
-0.0016686732239 0.0509726939613 -0.53
-0.0033355595907 0.0508908050852 -0.53
-0.0049988741568 0.0507544210603 -0.53
-0.0066568358032 0.0505636879301 -0.53
-0.0083076691431 0.0503188099363 -0.53
-0.0099496064228 0.0500200493006 -0.53
-0.0115808894148 0.0496677259431 -0.53
-0.0131997713002 0.0492622171407 -0.53
-0.01480451854 0.0488039571223 -0.53
-0.0163934127305 0.0482934366043 -0.53
-0.017964752444 0.0477312022646 -0.53
-0.0195168550506 0.0471178561581 -0.53
-0.02104805852 0.046454055071 -0.53
-0.0225567232012 0.0457405098182 -0.53
-0.0240412335781 0.0449779844818 -0.53
-0.0255 0.044167295593 -0.53
-0.0269314603832 0.0433093112579 -0.53
-0.028334081884 0.0424049502274 -0.53
-0.0297063625403 0.0414551809142 -0.53
-0.0310468328794 0.0404610203549 -0.53
-0.0323540574923 0.0394235331215 -0.53
-0.0336266365701 0.0383438301814 -0.53
-0.0348632074032 0.0372230677076 -0.53
-0.0360624458405 0.0360624458405 -0.53
-0.0372230677076 0.0348632074032 -0.53
-0.0383438301814 0.0336266365701 -0.53
-0.0394235331215 0.0323540574923 -0.53
-0.0404610203549 0.0310468328794 -0.53
-0.0414551809142 0.0297063625403 -0.53
-0.0424049502274 0.028334081884 -0.53
-0.0433093112579 0.0269314603832 -0.53
-0.044167295593 0.0255 -0.53
-0.0449779844818 0.0240412335781 -0.53
-0.0457405098182 0.0225567232012 -0.53
-0.046454055071 0.02104805852 -0.53
-0.0471178561581 0.0195168550506 -0.53
-0.0477312022646 0.017964752444 -0.53
-0.0482934366043 0.0163934127305 -0.53
-0.0488039571223 0.01480451854 -0.53
-0.0492622171407 0.0131997713002 -0.53
-0.0496677259431 0.0115808894148 -0.53
-0.0500200493006 0.0099496064228 -0.53
-0.0503188099363 0.0083076691431 -0.53
-0.0505636879301 0.0066568358032 -0.53
-0.0507544210603 0.0049988741568 -0.53
-0.0508908050852 0.0033355595907 -0.53
-0.0509726939613 0.0016686732239 -0.53
-0.051 0 -0.53
-0.0509726939613 -0.0016686732239 -0.53
-0.0508908050852 -0.0033355595907 -0.53
-0.0507544210603 -0.0049988741568 -0.53
-0.0505636879301 -0.0066568358032 -0.53
-0.0503188099363 -0.0083076691431 -0.53
-0.0500200493006 -0.0099496064228 -0.53
-0.0496677259431 -0.0115808894148 -0.53
-0.0492622171407 -0.0131997713002 -0.53
-0.0488039571223 -0.01480451854 -0.53
-0.0482934366043 -0.0163934127305 -0.53
-0.0477312022646 -0.017964752444 -0.53
-0.0471178561581 -0.0195168550506 -0.53
-0.046454055071 -0.02104805852 -0.53
-0.0457405098182 -0.0225567232012 -0.53
-0.0449779844818 -0.0240412335781 -0.53
-0.044167295593 -0.0255 -0.53
-0.0433093112579 -0.0269314603832 -0.53
-0.0424049502274 -0.028334081884 -0.53
-0.0414551809142 -0.0297063625403 -0.53
-0.0404610203549 -0.0310468328794 -0.53
-0.0394235331215 -0.0323540574923 -0.53
-0.0383438301814 -0.0336266365701 -0.53
-0.0372230677076 -0.0348632074032 -0.53
-0.0360624458405 -0.0360624458405 -0.53
-0.0348632074032 -0.0372230677076 -0.53
-0.0336266365701 -0.0383438301814 -0.53
-0.0323540574923 -0.0394235331215 -0.53
-0.0310468328794 -0.0404610203549 -0.53
-0.0297063625403 -0.0414551809142 -0.53
-0.028334081884 -0.0424049502274 -0.53
-0.0269314603832 -0.0433093112579 -0.53
-0.0255 -0.044167295593 -0.53
-0.0240412335781 -0.0449779844818 -0.53
-0.0225567232012 -0.0457405098182 -0.53
-0.02104805852 -0.046454055071 -0.53
-0.0195168550506 -0.0471178561581 -0.53
-0.017964752444 -0.0477312022646 -0.53
-0.0163934127305 -0.0482934366043 -0.53
-0.01480451854 -0.0488039571223 -0.53
-0.0131997713002 -0.0492622171407 -0.53
-0.0115808894148 -0.0496677259431 -0.53
-0.0099496064228 -0.0500200493006 -0.53
-0.0083076691431 -0.0503188099363 -0.53
-0.0066568358032 -0.0505636879301 -0.53
-0.0049988741568 -0.0507544210603 -0.53
-0.0033355595907 -0.0508908050852 -0.53
-0.0016686732239 -0.0509726939613 -0.53
-0 -0.051 -0.53
0.0016686732239 -0.0509726939613 -0.53
0.0033355595907 -0.0508908050852 -0.53
0.0049988741568 -0.0507544210603 -0.53
0.0066568358032 -0.0505636879301 -0.53
0.0083076691431 -0.0503188099363 -0.53
0.0099496064228 -0.0500200493006 -0.53
0.0115808894148 -0.0496677259431 -0.53
0.0131997713002 -0.0492622171407 -0.53
0.01480451854 -0.0488039571223 -0.53
0.0163934127305 -0.0482934366043 -0.53
0.017964752444 -0.0477312022646 -0.53
0.0195168550506 -0.0471178561581 -0.53
0.02104805852 -0.046454055071 -0.53
0.0225567232012 -0.0457405098182 -0.53
0.0240412335781 -0.0449779844818 -0.53
0.0255 -0.044167295593 -0.53
0.0269314603832 -0.0433093112579 -0.53
0.028334081884 -0.0424049502274 -0.53
0.0297063625403 -0.0414551809142 -0.53
0.0310468328794 -0.0404610203549 -0.53
0.0323540574923 -0.0394235331215 -0.53
0.0336266365701 -0.0383438301814 -0.53
0.0348632074032 -0.0372230677076 -0.53
0.0360624458405 -0.0360624458405 -0.53
0.0372230677076 -0.0348632074032 -0.53
0.0383438301814 -0.0336266365701 -0.53
0.0394235331215 -0.0323540574923 -0.53
0.0404610203549 -0.0310468328794 -0.53
0.0414551809142 -0.0297063625403 -0.53
0.0424049502274 -0.028334081884 -0.53
0.0433093112579 -0.0269314603832 -0.53
0.044167295593 -0.0255 -0.53
0.0449779844818 -0.0240412335781 -0.53
0.0457405098182 -0.0225567232012 -0.53
0.046454055071 -0.02104805852 -0.53
0.0471178561581 -0.0195168550506 -0.53
0.0477312022646 -0.017964752444 -0.53
0.0482934366043 -0.0163934127305 -0.53
0.0488039571223 -0.01480451854 -0.53
0.0492622171407 -0.0131997713002 -0.53
0.0496677259431 -0.0115808894148 -0.53
0.0500200493006 -0.0099496064228 -0.53
0.0503188099363 -0.0083076691431 -0.53
0.0505636879301 -0.0066568358032 -0.53
0.0507544210603 -0.0049988741568 -0.53
0.0508908050852 -0.0033355595907 -0.53
0.0509726939613 -0.0016686732239 -0.53
0.0184 0 0
0.018388443344 0.0002352411368 0
0.018353884673 0.0004682167728 0
0.0182966568058 0.0006966832254 0
0.018217310878 0.0009184402377 0
0.0181166110344 0.0011313521684 0
0.0179955270695 0.0013333685592 0
0.0178552250881 0.001522543882 0
0.0176970562748 0.0016970562748 0
0.017522543882 0.0018552250881 0
0.0173333685592 0.0019955270695 0
0.0171313521684 0.0021166110344 0
0.0169184402377 0.002217310878 0
0.0166966832254 0.0022966568058 0
0.0164682167728 0.002353884673 0
0.0162352411368 0.002388443344 0
0.016 0.0024 0
0.0157647588632 0.002388443344 0
0.0155317832272 0.002353884673 0
0.0153033167746 0.0022966568058 0
0.0150815597623 0.002217310878 0
0.0148686478316 0.0021166110344 0
0.0146666314408 0.0019955270695 0
0.014477456118 0.0018552250881 0
0.0143029437252 0.0016970562748 0
0.0141447749119 0.001522543882 0
0.0140044729305 0.0013333685592 0
0.0138833889656 0.0011313521684 0
0.013782689122 0.0009184402377 0
0.0137033431942 0.0006966832254 0
0.013646115327 0.0004682167728 0
0.013611556656 0.0002352411368 0
0.0136 0 0
0.013611556656 -0.0002352411368 0
0.013646115327 -0.0004682167728 0
0.0137033431942 -0.0006966832254 0
0.013782689122 -0.0009184402377 0
0.0138833889656 -0.0011313521684 0
0.0140044729305 -0.0013333685592 0
0.0141447749119 -0.001522543882 0
0.0143029437252 -0.0016970562748 0
0.014477456118 -0.0018552250881 0
0.0146666314408 -0.0019955270695 0
0.0148686478316 -0.0021166110344 0
0.0150815597623 -0.002217310878 0
0.0153033167746 -0.0022966568058 0
0.0155317832272 -0.002353884673 0
0.0157647588632 -0.002388443344 0
0.016 -0.0024 0
0.0162352411368 -0.002388443344 0
0.0164682167728 -0.002353884673 0
0.0166966832254 -0.0022966568058 0
0.0169184402377 -0.002217310878 0
0.0171313521684 -0.0021166110344 0
0.0173333685592 -0.0019955270695 0
0.017522543882 -0.0018552250881 0
0.0176970562748 -0.0016970562748 0
0.0178552250881 -0.001522543882 0
0.0179955270695 -0.0013333685592 0
0.0181166110344 -0.0011313521684 0
0.018217310878 -0.0009184402377 0
0.0182966568058 -0.0006966832254 0
0.018353884673 -0.0004682167728 0
0.018388443344 -0.0002352411368 0
0.0024 0.016 0
0.002388443344 0.0162352411368 0
0.002353884673 0.0164682167728 0
0.0022966568058 0.0166966832254 0
0.002217310878 0.0169184402377 0
0.0021166110344 0.0171313521684 0
0.0019955270695 0.0173333685592 0
0.0018552250881 0.017522543882 0
0.0016970562748 0.0176970562748 0
0.001522543882 0.0178552250881 0
0.0013333685592 0.0179955270695 0
0.0011313521684 0.0181166110344 0
0.0009184402377 0.018217310878 0
0.0006966832254 0.0182966568058 0
0.0004682167728 0.018353884673 0
0.0002352411368 0.018388443344 0
0 0.0184 0
-0.0002352411368 0.018388443344 0
-0.0004682167728 0.018353884673 0
-0.0006966832254 0.0182966568058 0
-0.0009184402377 0.018217310878 0
-0.0011313521684 0.0181166110344 0
-0.0013333685592 0.0179955270695 0
-0.001522543882 0.0178552250881 0
-0.0016970562748 0.0176970562748 0
-0.0018552250881 0.017522543882 0
-0.0019955270695 0.0173333685592 0
-0.0021166110344 0.0171313521684 0
-0.002217310878 0.0169184402377 0
-0.0022966568058 0.0166966832254 0
-0.002353884673 0.0164682167728 0
-0.002388443344 0.0162352411368 0
-0.0024 0.016 0
-0.002388443344 0.0157647588632 0
-0.002353884673 0.0155317832272 0
-0.0022966568058 0.0153033167746 0
-0.002217310878 0.0150815597623 0
-0.0021166110344 0.0148686478316 0
-0.0019955270695 0.0146666314408 0
-0.0018552250881 0.014477456118 0
-0.0016970562748 0.0143029437252 0
-0.001522543882 0.0141447749119 0
-0.0013333685592 0.0140044729305 0
-0.0011313521684 0.0138833889656 0
-0.0009184402377 0.013782689122 0
-0.0006966832254 0.0137033431942 0
-0.0004682167728 0.013646115327 0
-0.0002352411368 0.013611556656 0
-0 0.0136 0
0.0002352411368 0.013611556656 0
0.0004682167728 0.013646115327 0
0.0006966832254 0.0137033431942 0
0.0009184402377 0.013782689122 0
0.0011313521684 0.0138833889656 0
0.0013333685592 0.0140044729305 0
0.001522543882 0.0141447749119 0
0.0016970562748 0.0143029437252 0
0.0018552250881 0.014477456118 0
0.0019955270695 0.0146666314408 0
0.0021166110344 0.0148686478316 0
0.002217310878 0.0150815597623 0
0.0022966568058 0.0153033167746 0
0.002353884673 0.0155317832272 0
0.002388443344 0.0157647588632 0
-0.0136 0 0
-0.013611556656 0.0002352411368 0
-0.013646115327 0.0004682167728 0
-0.0137033431942 0.0006966832254 0
-0.013782689122 0.0009184402377 0
-0.0138833889656 0.0011313521684 0
-0.0140044729305 0.0013333685592 0
-0.0141447749119 0.001522543882 0
-0.0143029437252 0.0016970562748 0
-0.014477456118 0.0018552250881 0
-0.0146666314408 0.0019955270695 0
-0.0148686478316 0.0021166110344 0
-0.0150815597623 0.002217310878 0
-0.0153033167746 0.0022966568058 0
-0.0155317832272 0.002353884673 0
-0.0157647588632 0.002388443344 0
-0.016 0.0024 0
-0.0162352411368 0.002388443344 0
-0.0164682167728 0.002353884673 0
-0.0166966832254 0.0022966568058 0
-0.0169184402377 0.002217310878 0
-0.0171313521684 0.0021166110344 0
-0.0173333685592 0.0019955270695 0
-0.017522543882 0.0018552250881 0
-0.0176970562748 0.0016970562748 0
-0.0178552250881 0.001522543882 0
-0.0179955270695 0.0013333685592 0
-0.0181166110344 0.0011313521684 0
-0.018217310878 0.0009184402377 0
-0.0182966568058 0.0006966832254 0
-0.018353884673 0.0004682167728 0
-0.018388443344 0.0002352411368 0
-0.0184 0 0
-0.018388443344 -0.0002352411368 0
-0.018353884673 -0.0004682167728 0
-0.0182966568058 -0.0006966832254 0
-0.018217310878 -0.0009184402377 0
-0.0181166110344 -0.0011313521684 0
-0.0179955270695 -0.0013333685592 0
-0.0178552250881 -0.001522543882 0
-0.0176970562748 -0.0016970562748 0
-0.017522543882 -0.0018552250881 0
-0.0173333685592 -0.0019955270695 0
-0.0171313521684 -0.0021166110344 0
-0.0169184402377 -0.002217310878 0
-0.0166966832254 -0.0022966568058 0
-0.0164682167728 -0.002353884673 0
-0.0162352411368 -0.002388443344 0
-0.016 -0.0024 0
-0.0157647588632 -0.002388443344 0
-0.0155317832272 -0.002353884673 0
-0.0153033167746 -0.0022966568058 0
-0.0150815597623 -0.002217310878 0
-0.0148686478316 -0.0021166110344 0
-0.0146666314408 -0.0019955270695 0
-0.014477456118 -0.0018552250881 0
-0.0143029437252 -0.0016970562748 0
-0.0141447749119 -0.001522543882 0
-0.0140044729305 -0.0013333685592 0
-0.0138833889656 -0.0011313521684 0
-0.013782689122 -0.0009184402377 0
-0.0137033431942 -0.0006966832254 0
-0.013646115327 -0.0004682167728 0
-0.013611556656 -0.0002352411368 0
0.0024 -0.016 0
0.002388443344 -0.0157647588632 0
0.002353884673 -0.0155317832272 0
0.0022966568058 -0.0153033167746 0
0.002217310878 -0.0150815597623 0
0.0021166110344 -0.0148686478316 0
0.0019955270695 -0.0146666314408 0
0.0018552250881 -0.014477456118 0
0.0016970562748 -0.0143029437252 0
0.001522543882 -0.0141447749119 0
0.0013333685592 -0.0140044729305 0
0.0011313521684 -0.0138833889656 0
0.0009184402377 -0.013782689122 0
0.0006966832254 -0.0137033431942 0
0.0004682167728 -0.013646115327 0
0.0002352411368 -0.013611556656 0
0 -0.0136 0
-0.0002352411368 -0.013611556656 0
-0.0004682167728 -0.013646115327 0
-0.0006966832254 -0.0137033431942 0
-0.0009184402377 -0.013782689122 0
-0.0011313521684 -0.0138833889656 0
-0.0013333685592 -0.0140044729305 0
-0.001522543882 -0.0141447749119 0
-0.0016970562748 -0.0143029437252 0
-0.0018552250881 -0.014477456118 0
-0.0019955270695 -0.0146666314408 0
-0.0021166110344 -0.0148686478316 0
-0.002217310878 -0.0150815597623 0
-0.0022966568058 -0.0153033167746 0
-0.002353884673 -0.0155317832272 0
-0.002388443344 -0.0157647588632 0
-0.0024 -0.016 0
-0.002388443344 -0.0162352411368 0
-0.002353884673 -0.0164682167728 0
-0.0022966568058 -0.0166966832254 0
-0.002217310878 -0.0169184402377 0
-0.0021166110344 -0.0171313521684 0
-0.0019955270695 -0.0173333685592 0
-0.0018552250881 -0.017522543882 0
-0.0016970562748 -0.0176970562748 0
-0.001522543882 -0.0178552250881 0
-0.0013333685592 -0.0179955270695 0
-0.0011313521684 -0.0181166110344 0
-0.0009184402377 -0.018217310878 0
-0.0006966832254 -0.0182966568058 0
-0.0004682167728 -0.018353884673 0
-0.0002352411368 -0.018388443344 0
-0 -0.0184 0
0.0002352411368 -0.018388443344 0
0.0004682167728 -0.018353884673 0
0.0006966832254 -0.0182966568058 0
0.0009184402377 -0.018217310878 0
0.0011313521684 -0.0181166110344 0
0.0013333685592 -0.0179955270695 0
0.001522543882 -0.0178552250881 0
0.0016970562748 -0.0176970562748 0
0.0018552250881 -0.017522543882 0
0.0019955270695 -0.0173333685592 0
0.0021166110344 -0.0171313521684 0
0.002217310878 -0.0169184402377 0
0.0022966568058 -0.0166966832254 0
0.002353884673 -0.0164682167728 0
0.002388443344 -0.0162352411368 0
0.0184 0 0.01
0.018388443344 0.0002352411368 0.01
0.018353884673 0.0004682167728 0.01
0.0182966568058 0.0006966832254 0.01
0.018217310878 0.0009184402377 0.01
0.0181166110344 0.0011313521684 0.01
0.0179955270695 0.0013333685592 0.01
0.0178552250881 0.001522543882 0.01
0.0176970562748 0.0016970562748 0.01
0.017522543882 0.0018552250881 0.01
0.0173333685592 0.0019955270695 0.01
0.0171313521684 0.0021166110344 0.01
0.0169184402377 0.002217310878 0.01
0.0166966832254 0.0022966568058 0.01
0.0164682167728 0.002353884673 0.01
0.0162352411368 0.002388443344 0.01
0.016 0.0024 0.01
0.0157647588632 0.002388443344 0.01
0.0155317832272 0.002353884673 0.01
0.0153033167746 0.0022966568058 0.01
0.0150815597623 0.002217310878 0.01
0.0148686478316 0.0021166110344 0.01
0.0146666314408 0.0019955270695 0.01
0.014477456118 0.0018552250881 0.01
0.0143029437252 0.0016970562748 0.01
0.0141447749119 0.001522543882 0.01
0.0140044729305 0.0013333685592 0.01
0.0138833889656 0.0011313521684 0.01
0.013782689122 0.0009184402377 0.01
0.0137033431942 0.0006966832254 0.01
0.013646115327 0.0004682167728 0.01
0.013611556656 0.0002352411368 0.01
0.0136 0 0.01
0.013611556656 -0.0002352411368 0.01
0.013646115327 -0.0004682167728 0.01
0.0137033431942 -0.0006966832254 0.01
0.013782689122 -0.0009184402377 0.01
0.0138833889656 -0.0011313521684 0.01
0.0140044729305 -0.0013333685592 0.01
0.0141447749119 -0.001522543882 0.01
0.0143029437252 -0.0016970562748 0.01
0.014477456118 -0.0018552250881 0.01
0.0146666314408 -0.0019955270695 0.01
0.0148686478316 -0.0021166110344 0.01
0.0150815597623 -0.002217310878 0.01
0.0153033167746 -0.0022966568058 0.01
0.0155317832272 -0.002353884673 0.01
0.0157647588632 -0.002388443344 0.01
0.016 -0.0024 0.01
0.0162352411368 -0.002388443344 0.01
0.0164682167728 -0.002353884673 0.01
0.0166966832254 -0.0022966568058 0.01
0.0169184402377 -0.002217310878 0.01
0.0171313521684 -0.0021166110344 0.01
0.0173333685592 -0.0019955270695 0.01
0.017522543882 -0.0018552250881 0.01
0.0176970562748 -0.0016970562748 0.01
0.0178552250881 -0.001522543882 0.01
0.0179955270695 -0.0013333685592 0.01
0.0181166110344 -0.0011313521684 0.01
0.018217310878 -0.0009184402377 0.01
0.0182966568058 -0.0006966832254 0.01
0.018353884673 -0.0004682167728 0.01
0.018388443344 -0.0002352411368 0.01
0.016 0 0.01
0.0024 0.016 0.01
0.002388443344 0.0162352411368 0.01
0.002353884673 0.0164682167728 0.01
0.0022966568058 0.0166966832254 0.01
0.002217310878 0.0169184402377 0.01
0.0021166110344 0.0171313521684 0.01
0.0019955270695 0.0173333685592 0.01
0.0018552250881 0.017522543882 0.01
0.0016970562748 0.0176970562748 0.01
0.001522543882 0.0178552250881 0.01
0.0013333685592 0.0179955270695 0.01
0.0011313521684 0.0181166110344 0.01
0.0009184402377 0.018217310878 0.01
0.0006966832254 0.0182966568058 0.01
0.0004682167728 0.018353884673 0.01
0.0002352411368 0.018388443344 0.01
0 0.0184 0.01
-0.0002352411368 0.018388443344 0.01
-0.0004682167728 0.018353884673 0.01
-0.0006966832254 0.0182966568058 0.01
-0.0009184402377 0.018217310878 0.01
-0.0011313521684 0.0181166110344 0.01
-0.0013333685592 0.0179955270695 0.01
-0.001522543882 0.0178552250881 0.01
-0.0016970562748 0.0176970562748 0.01
-0.0018552250881 0.017522543882 0.01
-0.0019955270695 0.0173333685592 0.01
-0.0021166110344 0.0171313521684 0.01
-0.002217310878 0.0169184402377 0.01
-0.0022966568058 0.0166966832254 0.01
-0.002353884673 0.0164682167728 0.01
-0.002388443344 0.0162352411368 0.01
-0.0024 0.016 0.01
-0.002388443344 0.0157647588632 0.01
-0.002353884673 0.0155317832272 0.01
-0.0022966568058 0.0153033167746 0.01
-0.002217310878 0.0150815597623 0.01
-0.0021166110344 0.0148686478316 0.01
-0.0019955270695 0.0146666314408 0.01
-0.0018552250881 0.014477456118 0.01
-0.0016970562748 0.0143029437252 0.01
-0.001522543882 0.0141447749119 0.01
-0.0013333685592 0.0140044729305 0.01
-0.0011313521684 0.0138833889656 0.01
-0.0009184402377 0.013782689122 0.01
-0.0006966832254 0.0137033431942 0.01
-0.0004682167728 0.013646115327 0.01
-0.0002352411368 0.013611556656 0.01
-0 0.0136 0.01
0.0002352411368 0.013611556656 0.01
0.0004682167728 0.013646115327 0.01
0.0006966832254 0.0137033431942 0.01
0.0009184402377 0.013782689122 0.01
0.0011313521684 0.0138833889656 0.01
0.0013333685592 0.0140044729305 0.01
0.001522543882 0.0141447749119 0.01
0.0016970562748 0.0143029437252 0.01
0.0018552250881 0.014477456118 0.01
0.0019955270695 0.0146666314408 0.01
0.0021166110344 0.0148686478316 0.01
0.002217310878 0.0150815597623 0.01
0.0022966568058 0.0153033167746 0.01
0.002353884673 0.0155317832272 0.01
0.002388443344 0.0157647588632 0.01
0 0.016 0.01
-0.0136 0 0.01
-0.013611556656 0.0002352411368 0.01
-0.013646115327 0.0004682167728 0.01
-0.0137033431942 0.0006966832254 0.01
-0.013782689122 0.0009184402377 0.01
-0.0138833889656 0.0011313521684 0.01
-0.0140044729305 0.0013333685592 0.01
-0.0141447749119 0.001522543882 0.01
-0.0143029437252 0.0016970562748 0.01
-0.014477456118 0.0018552250881 0.01
-0.0146666314408 0.0019955270695 0.01
-0.0148686478316 0.0021166110344 0.01
-0.0150815597623 0.002217310878 0.01
-0.0153033167746 0.0022966568058 0.01
-0.0155317832272 0.002353884673 0.01
-0.0157647588632 0.002388443344 0.01
-0.016 0.0024 0.01
-0.0162352411368 0.002388443344 0.01
-0.0164682167728 0.002353884673 0.01
-0.0166966832254 0.0022966568058 0.01
-0.0169184402377 0.002217310878 0.01
-0.0171313521684 0.0021166110344 0.01
-0.0173333685592 0.0019955270695 0.01
-0.017522543882 0.0018552250881 0.01
-0.0176970562748 0.0016970562748 0.01
-0.0178552250881 0.001522543882 0.01
-0.0179955270695 0.0013333685592 0.01
-0.0181166110344 0.0011313521684 0.01
-0.018217310878 0.0009184402377 0.01
-0.0182966568058 0.0006966832254 0.01
-0.018353884673 0.0004682167728 0.01
-0.018388443344 0.0002352411368 0.01
-0.0184 0 0.01
-0.018388443344 -0.0002352411368 0.01
-0.018353884673 -0.0004682167728 0.01
-0.0182966568058 -0.0006966832254 0.01
-0.018217310878 -0.0009184402377 0.01
-0.0181166110344 -0.0011313521684 0.01
-0.0179955270695 -0.0013333685592 0.01
-0.0178552250881 -0.001522543882 0.01
-0.0176970562748 -0.0016970562748 0.01
-0.017522543882 -0.0018552250881 0.01
-0.0173333685592 -0.0019955270695 0.01
-0.0171313521684 -0.0021166110344 0.01
-0.0169184402377 -0.002217310878 0.01
-0.0166966832254 -0.0022966568058 0.01
-0.0164682167728 -0.002353884673 0.01
-0.0162352411368 -0.002388443344 0.01
-0.016 -0.0024 0.01
-0.0157647588632 -0.002388443344 0.01
-0.0155317832272 -0.002353884673 0.01
-0.0153033167746 -0.0022966568058 0.01
-0.0150815597623 -0.002217310878 0.01
-0.0148686478316 -0.0021166110344 0.01
-0.0146666314408 -0.0019955270695 0.01
-0.014477456118 -0.0018552250881 0.01
-0.0143029437252 -0.0016970562748 0.01
-0.0141447749119 -0.001522543882 0.01
-0.0140044729305 -0.0013333685592 0.01
-0.0138833889656 -0.0011313521684 0.01
-0.013782689122 -0.0009184402377 0.01
-0.0137033431942 -0.0006966832254 0.01
-0.013646115327 -0.0004682167728 0.01
-0.013611556656 -0.0002352411368 0.01
-0.016 0 0.01
0.0024 -0.016 0.01
0.002388443344 -0.0157647588632 0.01
0.002353884673 -0.0155317832272 0.01
0.0022966568058 -0.0153033167746 0.01
0.002217310878 -0.0150815597623 0.01
0.0021166110344 -0.0148686478316 0.01
0.0019955270695 -0.0146666314408 0.01
0.0018552250881 -0.014477456118 0.01
0.0016970562748 -0.0143029437252 0.01
0.001522543882 -0.0141447749119 0.01
0.0013333685592 -0.0140044729305 0.01
0.0011313521684 -0.0138833889656 0.01
0.0009184402377 -0.013782689122 0.01
0.0006966832254 -0.0137033431942 0.01
0.0004682167728 -0.013646115327 0.01
0.0002352411368 -0.013611556656 0.01
0 -0.0136 0.01
-0.0002352411368 -0.013611556656 0.01
-0.0004682167728 -0.013646115327 0.01
-0.0006966832254 -0.0137033431942 0.01
-0.0009184402377 -0.013782689122 0.01
-0.0011313521684 -0.0138833889656 0.01
-0.0013333685592 -0.0140044729305 0.01
-0.001522543882 -0.0141447749119 0.01
-0.0016970562748 -0.0143029437252 0.01
-0.0018552250881 -0.014477456118 0.01
-0.0019955270695 -0.0146666314408 0.01
-0.0021166110344 -0.0148686478316 0.01
-0.002217310878 -0.0150815597623 0.01
-0.0022966568058 -0.0153033167746 0.01
-0.002353884673 -0.0155317832272 0.01
-0.002388443344 -0.0157647588632 0.01
-0.0024 -0.016 0.01
-0.002388443344 -0.0162352411368 0.01
-0.002353884673 -0.0164682167728 0.01
-0.0022966568058 -0.0166966832254 0.01
-0.002217310878 -0.0169184402377 0.01
-0.0021166110344 -0.0171313521684 0.01
-0.0019955270695 -0.0173333685592 0.01
-0.0018552250881 -0.017522543882 0.01
-0.0016970562748 -0.0176970562748 0.01
-0.001522543882 -0.0178552250881 0.01
-0.0013333685592 -0.0179955270695 0.01
-0.0011313521684 -0.0181166110344 0.01
-0.0009184402377 -0.018217310878 0.01
-0.0006966832254 -0.0182966568058 0.01
-0.0004682167728 -0.018353884673 0.01
-0.0002352411368 -0.018388443344 0.01
-0 -0.0184 0.01
0.0002352411368 -0.018388443344 0.01
0.0004682167728 -0.018353884673 0.01
0.0006966832254 -0.0182966568058 0.01
0.0009184402377 -0.018217310878 0.01
0.0011313521684 -0.0181166110344 0.01
0.0013333685592 -0.0179955270695 0.01
0.001522543882 -0.0178552250881 0.01
0.0016970562748 -0.0176970562748 0.01
0.0018552250881 -0.017522543882 0.01
0.0019955270695 -0.0173333685592 0.01
0.0021166110344 -0.0171313521684 0.01
0.002217310878 -0.0169184402377 0.01
0.0022966568058 -0.0166966832254 0.01
0.002353884673 -0.0164682167728 0.01
0.002388443344 -0.0162352411368 0.01
0 -0.016 0.01
0.025 0 -0.158
0.0249866146869 0.0008179770705 -0.158
0.024946473081 0.0016350782308 -0.158
0.0248796181668 0.0024504285082 -0.158
0.0247861215343 0.0032631548055 -0.158
0.0246660833021 0.0040723868349 -0.158
0.0245196320101 0.0048772580504 -0.158
0.0243469244819 0.0056769065759 -0.158
0.0241481456572 0.0064704761276 -0.158
0.0239235083933 0.0072571169314 -0.158
0.0236732532374 0.0080359866326 -0.158
0.0233976481689 0.008806251198 -0.158
0.0230969883128 0.0095670858091 -0.158
0.022771595623 0.0103176757451 -0.158
0.0224218185383 0.0110572172555 -0.158
0.0220480316087 0.0117849184206 -0.158
0.0216506350946 0.0125 -0.158
0.0212300545382 0.0132016962663 -0.158
0.0207867403076 0.0138892558255 -0.158
0.0203211671148 0.0145619424217 -0.158
0.0198338335073 0.0152190357252 -0.158
0.0193252613341 0.0158598321041 -0.158
0.018795995187 0.0164836453775 -0.158
0.0182466018174 0.0170898075506 -0.158
0.0176776695297 0.0176776695297 -0.158
0.0170898075506 0.0182466018174 -0.158
0.0164836453775 0.018795995187 -0.158
0.0158598321041 0.0193252613341 -0.158
0.0152190357252 0.0198338335073 -0.158
0.0145619424217 0.0203211671148 -0.158
0.0138892558255 0.0207867403076 -0.158
0.0132016962663 0.0212300545382 -0.158
0.0125 0.0216506350946 -0.158
0.0117849184206 0.0220480316087 -0.158
0.0110572172555 0.0224218185383 -0.158
0.0103176757451 0.022771595623 -0.158
0.0095670858091 0.0230969883128 -0.158
0.008806251198 0.0233976481689 -0.158
0.0080359866326 0.0236732532374 -0.158
0.0072571169314 0.0239235083933 -0.158
0.0064704761276 0.0241481456572 -0.158
0.0056769065759 0.0243469244819 -0.158
0.0048772580504 0.0245196320101 -0.158
0.0040723868349 0.0246660833021 -0.158
0.0032631548055 0.0247861215343 -0.158
0.0024504285082 0.0248796181668 -0.158
0.0016350782308 0.024946473081 -0.158
0.0008179770705 0.0249866146869 -0.158
0 0.025 -0.158
-0.0008179770705 0.0249866146869 -0.158
-0.0016350782308 0.024946473081 -0.158
-0.0024504285082 0.0248796181668 -0.158
-0.0032631548055 0.0247861215343 -0.158
-0.0040723868349 0.0246660833021 -0.158
-0.0048772580504 0.0245196320101 -0.158
-0.0056769065759 0.0243469244819 -0.158
-0.0064704761276 0.0241481456572 -0.158
-0.0072571169314 0.0239235083933 -0.158
-0.0080359866326 0.0236732532374 -0.158
-0.008806251198 0.0233976481689 -0.158
-0.0095670858091 0.0230969883128 -0.158
-0.0103176757451 0.022771595623 -0.158
-0.0110572172555 0.0224218185383 -0.158
-0.0117849184206 0.0220480316087 -0.158
-0.0125 0.0216506350946 -0.158
-0.0132016962663 0.0212300545382 -0.158
-0.0138892558255 0.0207867403076 -0.158
-0.0145619424217 0.0203211671148 -0.158
-0.0152190357252 0.0198338335073 -0.158
-0.0158598321041 0.0193252613341 -0.158
-0.0164836453775 0.018795995187 -0.158
-0.0170898075506 0.0182466018174 -0.158
-0.0176776695297 0.0176776695297 -0.158
-0.0182466018174 0.0170898075506 -0.158
-0.018795995187 0.0164836453775 -0.158
-0.0193252613341 0.0158598321041 -0.158
-0.0198338335073 0.0152190357252 -0.158
-0.0203211671148 0.0145619424217 -0.158
-0.0207867403076 0.0138892558255 -0.158
-0.0212300545382 0.0132016962663 -0.158
-0.0216506350946 0.0125 -0.158
-0.0220480316087 0.0117849184206 -0.158
-0.0224218185383 0.0110572172555 -0.158
-0.022771595623 0.0103176757451 -0.158
-0.0230969883128 0.0095670858091 -0.158
-0.0233976481689 0.008806251198 -0.158
-0.0236732532374 0.0080359866326 -0.158
-0.0239235083933 0.0072571169314 -0.158
-0.0241481456572 0.0064704761276 -0.158
-0.0243469244819 0.0056769065759 -0.158
-0.0245196320101 0.0048772580504 -0.158
-0.0246660833021 0.0040723868349 -0.158
-0.0247861215343 0.0032631548055 -0.158
-0.0248796181668 0.0024504285082 -0.158
-0.024946473081 0.0016350782308 -0.158
-0.0249866146869 0.0008179770705 -0.158
-0.025 0 -0.158
-0.0249866146869 -0.0008179770705 -0.158
-0.024946473081 -0.0016350782308 -0.158
-0.0248796181668 -0.0024504285082 -0.158
-0.0247861215343 -0.0032631548055 -0.158
-0.0246660833021 -0.0040723868349 -0.158
-0.0245196320101 -0.0048772580504 -0.158
-0.0243469244819 -0.0056769065759 -0.158
-0.0241481456572 -0.0064704761276 -0.158
-0.0239235083933 -0.0072571169314 -0.158
-0.0236732532374 -0.0080359866326 -0.158
-0.0233976481689 -0.008806251198 -0.158
-0.0230969883128 -0.0095670858091 -0.158
-0.022771595623 -0.0103176757451 -0.158
-0.0224218185383 -0.0110572172555 -0.158
-0.0220480316087 -0.0117849184206 -0.158
-0.0216506350946 -0.0125 -0.158
-0.0212300545382 -0.0132016962663 -0.158
-0.0207867403076 -0.0138892558255 -0.158
-0.0203211671148 -0.0145619424217 -0.158
-0.0198338335073 -0.0152190357252 -0.158
-0.0193252613341 -0.0158598321041 -0.158
-0.018795995187 -0.0164836453775 -0.158
-0.0182466018174 -0.0170898075506 -0.158
-0.0176776695297 -0.0176776695297 -0.158
-0.0170898075506 -0.0182466018174 -0.158
-0.0164836453775 -0.018795995187 -0.158
-0.0158598321041 -0.0193252613341 -0.158
-0.0152190357252 -0.0198338335073 -0.158
-0.0145619424217 -0.0203211671148 -0.158
-0.0138892558255 -0.0207867403076 -0.158
-0.0132016962663 -0.0212300545382 -0.158
-0.0125 -0.0216506350946 -0.158
-0.0117849184206 -0.0220480316087 -0.158
-0.0110572172555 -0.0224218185383 -0.158
-0.0103176757451 -0.022771595623 -0.158
-0.0095670858091 -0.0230969883128 -0.158
-0.008806251198 -0.0233976481689 -0.158
-0.0080359866326 -0.0236732532374 -0.158
-0.0072571169314 -0.0239235083933 -0.158
-0.0064704761276 -0.0241481456572 -0.158
-0.0056769065759 -0.0243469244819 -0.158
-0.0048772580504 -0.0245196320101 -0.158
-0.0040723868349 -0.0246660833021 -0.158
-0.0032631548055 -0.0247861215343 -0.158
-0.0024504285082 -0.0248796181668 -0.158
-0.0016350782308 -0.024946473081 -0.158
-0.0008179770705 -0.0249866146869 -0.158
-0 -0.025 -0.158
0.0008179770705 -0.0249866146869 -0.158
0.0016350782308 -0.024946473081 -0.158
0.0024504285082 -0.0248796181668 -0.158
0.0032631548055 -0.0247861215343 -0.158
0.0040723868349 -0.0246660833021 -0.158
0.0048772580504 -0.0245196320101 -0.158
0.0056769065759 -0.0243469244819 -0.158
0.0064704761276 -0.0241481456572 -0.158
0.0072571169314 -0.0239235083933 -0.158
0.0080359866326 -0.0236732532374 -0.158
0.008806251198 -0.0233976481689 -0.158
0.0095670858091 -0.0230969883128 -0.158
0.0103176757451 -0.022771595623 -0.158
0.0110572172555 -0.0224218185383 -0.158
0.0117849184206 -0.0220480316087 -0.158
0.0125 -0.0216506350946 -0.158
0.0132016962663 -0.0212300545382 -0.158
0.0138892558255 -0.0207867403076 -0.158
0.0145619424217 -0.0203211671148 -0.158
0.0152190357252 -0.0198338335073 -0.158
0.0158598321041 -0.0193252613341 -0.158
0.0164836453775 -0.018795995187 -0.158
0.0170898075506 -0.0182466018174 -0.158
0.0176776695297 -0.0176776695297 -0.158
0.0182466018174 -0.0170898075506 -0.158
0.018795995187 -0.0164836453775 -0.158
0.0193252613341 -0.0158598321041 -0.158
0.0198338335073 -0.0152190357252 -0.158
0.0203211671148 -0.0145619424217 -0.158
0.0207867403076 -0.0138892558255 -0.158
0.0212300545382 -0.0132016962663 -0.158
0.0216506350946 -0.0125 -0.158
0.0220480316087 -0.0117849184206 -0.158
0.0224218185383 -0.0110572172555 -0.158
0.022771595623 -0.0103176757451 -0.158
0.0230969883128 -0.0095670858091 -0.158
0.0233976481689 -0.008806251198 -0.158
0.0236732532374 -0.0080359866326 -0.158
0.0239235083933 -0.0072571169314 -0.158
0.0241481456572 -0.0064704761276 -0.158
0.0243469244819 -0.0056769065759 -0.158
0.0245196320101 -0.0048772580504 -0.158
0.0246660833021 -0.0040723868349 -0.158
0.0247861215343 -0.0032631548055 -0.158
0.0248796181668 -0.0024504285082 -0.158
0.024946473081 -0.0016350782308 -0.158
0.0249866146869 -0.0008179770705 -0.158
0 0 -0.158
0.033 0 -0.158
0.0329823313867 0.0010797297331 -0.158
0.0329293444669 0.0021583032646 -0.158
0.0328410959802 0.0032345656309 -0.158
0.0327176804253 0.0043073643433 -0.158
0.0325592299588 0.005375550622 -0.158
0.0323659142533 0.0064379806265 -0.158
0.0321379403162 0.0074935166801 -0.158
0.0318755522675 0.0085410284884 -0.158
0.0315790310792 0.0095793943494 -0.158
0.0312486942733 0.010607502355 -0.158
0.030884895583 0.0116242515814 -0.158
0.0304880245729 0.012628553268 -0.158
0.0300585062224 0.0136193319835 -0.158
0.0295968004706 0.0145955267772 -0.158
0.0291034017235 0.0155560923153 -0.158
0.0285788383249 0.0165 -0.158
0.0280236719904 0.0174262390715 -0.158
0.027438497206 0.0183338176896 -0.158
0.0268239405915 0.0192217639966 -0.158
0.0261806602296 0.0200891271573 -0.158
0.025509344961 0.0209349783774 -0.158
0.0248107136468 0.0217584118983 -0.158
0.024085514399 0.0225585459668 -0.158
0.0233345237792 0.0233345237792 -0.158
0.0225585459668 0.024085514399 -0.158
0.0217584118983 0.0248107136468 -0.158
0.0209349783774 0.025509344961 -0.158
0.0200891271573 0.0261806602296 -0.158
0.0192217639966 0.0268239405915 -0.158
0.0183338176896 0.027438497206 -0.158
0.0174262390715 0.0280236719904 -0.158
0.0165 0.0285788383249 -0.158
0.0155560923153 0.0291034017235 -0.158
0.0145955267772 0.0295968004706 -0.158
0.0136193319835 0.0300585062224 -0.158
0.012628553268 0.0304880245729 -0.158
0.0116242515814 0.030884895583 -0.158
0.010607502355 0.0312486942733 -0.158
0.0095793943494 0.0315790310792 -0.158
0.0085410284884 0.0318755522675 -0.158
0.0074935166801 0.0321379403162 -0.158
0.0064379806265 0.0323659142533 -0.158
0.005375550622 0.0325592299588 -0.158
0.0043073643433 0.0327176804253 -0.158
0.0032345656309 0.0328410959802 -0.158
0.0021583032646 0.0329293444669 -0.158
0.0010797297331 0.0329823313867 -0.158
0 0.033 -0.158
-0.0010797297331 0.0329823313867 -0.158
-0.0021583032646 0.0329293444669 -0.158
-0.0032345656309 0.0328410959802 -0.158
-0.0043073643433 0.0327176804253 -0.158
-0.005375550622 0.0325592299588 -0.158
-0.0064379806265 0.0323659142533 -0.158
-0.0074935166801 0.0321379403162 -0.158
-0.0085410284884 0.0318755522675 -0.158
-0.0095793943494 0.0315790310792 -0.158
-0.010607502355 0.0312486942733 -0.158
-0.0116242515814 0.030884895583 -0.158
-0.012628553268 0.0304880245729 -0.158
-0.0136193319835 0.0300585062224 -0.158
-0.0145955267772 0.0295968004706 -0.158
-0.0155560923153 0.0291034017235 -0.158
-0.0165 0.0285788383249 -0.158
-0.0174262390715 0.0280236719904 -0.158
-0.0183338176896 0.027438497206 -0.158
-0.0192217639966 0.0268239405915 -0.158
-0.0200891271573 0.0261806602296 -0.158
-0.0209349783774 0.025509344961 -0.158
-0.0217584118983 0.0248107136468 -0.158
-0.0225585459668 0.024085514399 -0.158
-0.0233345237792 0.0233345237792 -0.158
-0.024085514399 0.0225585459668 -0.158
-0.0248107136468 0.0217584118983 -0.158
-0.025509344961 0.0209349783774 -0.158
-0.0261806602296 0.0200891271573 -0.158
-0.0268239405915 0.0192217639966 -0.158
-0.027438497206 0.0183338176896 -0.158
-0.0280236719904 0.0174262390715 -0.158
-0.0285788383249 0.0165 -0.158
-0.0291034017235 0.0155560923153 -0.158
-0.0295968004706 0.0145955267772 -0.158
-0.0300585062224 0.0136193319835 -0.158
-0.0304880245729 0.012628553268 -0.158
-0.030884895583 0.0116242515814 -0.158
-0.0312486942733 0.010607502355 -0.158
-0.0315790310792 0.0095793943494 -0.158
-0.0318755522675 0.0085410284884 -0.158
-0.0321379403162 0.0074935166801 -0.158
-0.0323659142533 0.0064379806265 -0.158
-0.0325592299588 0.005375550622 -0.158
-0.0327176804253 0.0043073643433 -0.158
-0.0328410959802 0.0032345656309 -0.158
-0.0329293444669 0.0021583032646 -0.158
-0.0329823313867 0.0010797297331 -0.158
-0.033 0 -0.158
-0.0329823313867 -0.0010797297331 -0.158
-0.0329293444669 -0.0021583032646 -0.158
-0.0328410959802 -0.0032345656309 -0.158
-0.0327176804253 -0.0043073643433 -0.158
-0.0325592299588 -0.005375550622 -0.158
-0.0323659142533 -0.0064379806265 -0.158
-0.0321379403162 -0.0074935166801 -0.158
-0.0318755522675 -0.0085410284884 -0.158
-0.0315790310792 -0.0095793943494 -0.158
-0.0312486942733 -0.010607502355 -0.158
-0.030884895583 -0.0116242515814 -0.158
-0.0304880245729 -0.012628553268 -0.158
-0.0300585062224 -0.0136193319835 -0.158
-0.0295968004706 -0.0145955267772 -0.158
-0.0291034017235 -0.0155560923153 -0.158
-0.0285788383249 -0.0165 -0.158
-0.0280236719904 -0.0174262390715 -0.158
-0.027438497206 -0.0183338176896 -0.158
-0.0268239405915 -0.0192217639966 -0.158
-0.0261806602296 -0.0200891271573 -0.158
-0.025509344961 -0.0209349783774 -0.158
-0.0248107136468 -0.0217584118983 -0.158
-0.024085514399 -0.0225585459668 -0.158
-0.0233345237792 -0.0233345237792 -0.158
-0.0225585459668 -0.024085514399 -0.158
-0.0217584118983 -0.0248107136468 -0.158
-0.0209349783774 -0.025509344961 -0.158
-0.0200891271573 -0.0261806602296 -0.158
-0.0192217639966 -0.0268239405915 -0.158
-0.0183338176896 -0.027438497206 -0.158
-0.0174262390715 -0.0280236719904 -0.158
-0.0165 -0.0285788383249 -0.158
-0.0155560923153 -0.0291034017235 -0.158
-0.0145955267772 -0.0295968004706 -0.158
-0.0136193319835 -0.0300585062224 -0.158
-0.012628553268 -0.0304880245729 -0.158
-0.0116242515814 -0.030884895583 -0.158
-0.010607502355 -0.0312486942733 -0.158
-0.0095793943494 -0.0315790310792 -0.158
-0.0085410284884 -0.0318755522675 -0.158
-0.0074935166801 -0.0321379403162 -0.158
-0.0064379806265 -0.0323659142533 -0.158
-0.005375550622 -0.0325592299588 -0.158
-0.0043073643433 -0.0327176804253 -0.158
-0.0032345656309 -0.0328410959802 -0.158
-0.0021583032646 -0.0329293444669 -0.158
-0.0010797297331 -0.0329823313867 -0.158
-0 -0.033 -0.158
0.0010797297331 -0.0329823313867 -0.158
0.0021583032646 -0.0329293444669 -0.158
0.0032345656309 -0.0328410959802 -0.158
0.0043073643433 -0.0327176804253 -0.158
0.005375550622 -0.0325592299588 -0.158
0.0064379806265 -0.0323659142533 -0.158
0.0074935166801 -0.0321379403162 -0.158
0.0085410284884 -0.0318755522675 -0.158
0.0095793943494 -0.0315790310792 -0.158
0.010607502355 -0.0312486942733 -0.158
0.0116242515814 -0.030884895583 -0.158
0.012628553268 -0.0304880245729 -0.158
0.0136193319835 -0.0300585062224 -0.158
0.0145955267772 -0.0295968004706 -0.158
0.0155560923153 -0.0291034017235 -0.158
0.0165 -0.0285788383249 -0.158
0.0174262390715 -0.0280236719904 -0.158
0.0183338176896 -0.027438497206 -0.158
0.0192217639966 -0.0268239405915 -0.158
0.0200891271573 -0.0261806602296 -0.158
0.0209349783774 -0.025509344961 -0.158
0.0217584118983 -0.0248107136468 -0.158
0.0225585459668 -0.024085514399 -0.158
0.0233345237792 -0.0233345237792 -0.158
0.024085514399 -0.0225585459668 -0.158
0.0248107136468 -0.0217584118983 -0.158
0.025509344961 -0.0209349783774 -0.158
0.0261806602296 -0.0200891271573 -0.158
0.0268239405915 -0.0192217639966 -0.158
0.027438497206 -0.0183338176896 -0.158
0.0280236719904 -0.0174262390715 -0.158
0.0285788383249 -0.0165 -0.158
0.0291034017235 -0.0155560923153 -0.158
0.0295968004706 -0.0145955267772 -0.158
0.0300585062224 -0.0136193319835 -0.158
0.0304880245729 -0.012628553268 -0.158
0.030884895583 -0.0116242515814 -0.158
0.0312486942733 -0.010607502355 -0.158
0.0315790310792 -0.0095793943494 -0.158
0.0318755522675 -0.0085410284884 -0.158
0.0321379403162 -0.0074935166801 -0.158
0.0323659142533 -0.0064379806265 -0.158
0.0325592299588 -0.005375550622 -0.158
0.0327176804253 -0.0043073643433 -0.158
0.0328410959802 -0.0032345656309 -0.158
0.0329293444669 -0.0021583032646 -0.158
0.0329823313867 -0.0010797297331 -0.158
0.033 0 -0.206
0.0329823313867 0.0010797297331 -0.206
0.0329293444669 0.0021583032646 -0.206
0.0328410959802 0.0032345656309 -0.206
0.0327176804253 0.0043073643433 -0.206
0.0325592299588 0.005375550622 -0.206
0.0323659142533 0.0064379806265 -0.206
0.0321379403162 0.0074935166801 -0.206
0.0318755522675 0.0085410284884 -0.206
0.0315790310792 0.0095793943494 -0.206
0.0312486942733 0.010607502355 -0.206
0.030884895583 0.0116242515814 -0.206
0.0304880245729 0.012628553268 -0.206
0.0300585062224 0.0136193319835 -0.206
0.0295968004706 0.0145955267772 -0.206
0.0291034017235 0.0155560923153 -0.206
0.0285788383249 0.0165 -0.206
0.0280236719904 0.0174262390715 -0.206
0.027438497206 0.0183338176896 -0.206
0.0268239405915 0.0192217639966 -0.206
0.0261806602296 0.0200891271573 -0.206
0.025509344961 0.0209349783774 -0.206
0.0248107136468 0.0217584118983 -0.206
0.024085514399 0.0225585459668 -0.206
0.0233345237792 0.0233345237792 -0.206
0.0225585459668 0.024085514399 -0.206
0.0217584118983 0.0248107136468 -0.206
0.0209349783774 0.025509344961 -0.206
0.0200891271573 0.0261806602296 -0.206
0.0192217639966 0.0268239405915 -0.206
0.0183338176896 0.027438497206 -0.206
0.0174262390715 0.0280236719904 -0.206
0.0165 0.0285788383249 -0.206
0.0155560923153 0.0291034017235 -0.206
0.0145955267772 0.0295968004706 -0.206
0.0136193319835 0.0300585062224 -0.206
0.012628553268 0.0304880245729 -0.206
0.0116242515814 0.030884895583 -0.206
0.010607502355 0.0312486942733 -0.206
0.0095793943494 0.0315790310792 -0.206
0.0085410284884 0.0318755522675 -0.206
0.0074935166801 0.0321379403162 -0.206
0.0064379806265 0.0323659142533 -0.206
0.005375550622 0.0325592299588 -0.206
0.0043073643433 0.0327176804253 -0.206
0.0032345656309 0.0328410959802 -0.206
0.0021583032646 0.0329293444669 -0.206
0.0010797297331 0.0329823313867 -0.206
0 0.033 -0.206
-0.0010797297331 0.0329823313867 -0.206
-0.0021583032646 0.0329293444669 -0.206
-0.0032345656309 0.0328410959802 -0.206
-0.0043073643433 0.0327176804253 -0.206
-0.005375550622 0.0325592299588 -0.206
-0.0064379806265 0.0323659142533 -0.206
-0.0074935166801 0.0321379403162 -0.206
-0.0085410284884 0.0318755522675 -0.206
-0.0095793943494 0.0315790310792 -0.206
-0.010607502355 0.0312486942733 -0.206
-0.0116242515814 0.030884895583 -0.206
-0.012628553268 0.0304880245729 -0.206
-0.0136193319835 0.0300585062224 -0.206
-0.0145955267772 0.0295968004706 -0.206
-0.0155560923153 0.0291034017235 -0.206
-0.0165 0.0285788383249 -0.206
-0.0174262390715 0.0280236719904 -0.206
-0.0183338176896 0.027438497206 -0.206
-0.0192217639966 0.0268239405915 -0.206
-0.0200891271573 0.0261806602296 -0.206
-0.0209349783774 0.025509344961 -0.206
-0.0217584118983 0.0248107136468 -0.206
-0.0225585459668 0.024085514399 -0.206
-0.0233345237792 0.0233345237792 -0.206
-0.024085514399 0.0225585459668 -0.206
-0.0248107136468 0.0217584118983 -0.206
-0.025509344961 0.0209349783774 -0.206
-0.0261806602296 0.0200891271573 -0.206
-0.0268239405915 0.0192217639966 -0.206
-0.027438497206 0.0183338176896 -0.206
-0.0280236719904 0.0174262390715 -0.206
-0.0285788383249 0.0165 -0.206
-0.0291034017235 0.0155560923153 -0.206
-0.0295968004706 0.0145955267772 -0.206
-0.0300585062224 0.0136193319835 -0.206
-0.0304880245729 0.012628553268 -0.206
-0.030884895583 0.0116242515814 -0.206
-0.0312486942733 0.010607502355 -0.206
-0.0315790310792 0.0095793943494 -0.206
-0.0318755522675 0.0085410284884 -0.206
-0.0321379403162 0.0074935166801 -0.206
-0.0323659142533 0.0064379806265 -0.206
-0.0325592299588 0.005375550622 -0.206
-0.0327176804253 0.0043073643433 -0.206
-0.0328410959802 0.0032345656309 -0.206
-0.0329293444669 0.0021583032646 -0.206
-0.0329823313867 0.0010797297331 -0.206
-0.033 0 -0.206
-0.0329823313867 -0.0010797297331 -0.206
-0.0329293444669 -0.0021583032646 -0.206
-0.0328410959802 -0.0032345656309 -0.206
-0.0327176804253 -0.0043073643433 -0.206
-0.0325592299588 -0.005375550622 -0.206
-0.0323659142533 -0.0064379806265 -0.206
-0.0321379403162 -0.0074935166801 -0.206
-0.0318755522675 -0.0085410284884 -0.206
-0.0315790310792 -0.0095793943494 -0.206
-0.0312486942733 -0.010607502355 -0.206
-0.030884895583 -0.0116242515814 -0.206
-0.0304880245729 -0.012628553268 -0.206
-0.0300585062224 -0.0136193319835 -0.206
-0.0295968004706 -0.0145955267772 -0.206
-0.0291034017235 -0.0155560923153 -0.206
-0.0285788383249 -0.0165 -0.206
-0.0280236719904 -0.0174262390715 -0.206
-0.027438497206 -0.0183338176896 -0.206
-0.0268239405915 -0.0192217639966 -0.206
-0.0261806602296 -0.0200891271573 -0.206
-0.025509344961 -0.0209349783774 -0.206
-0.0248107136468 -0.0217584118983 -0.206
-0.024085514399 -0.0225585459668 -0.206
-0.0233345237792 -0.0233345237792 -0.206
-0.0225585459668 -0.024085514399 -0.206
-0.0217584118983 -0.0248107136468 -0.206
-0.0209349783774 -0.025509344961 -0.206
-0.0200891271573 -0.0261806602296 -0.206
-0.0192217639966 -0.0268239405915 -0.206
-0.0183338176896 -0.027438497206 -0.206
-0.0174262390715 -0.0280236719904 -0.206
-0.0165 -0.0285788383249 -0.206
-0.0155560923153 -0.0291034017235 -0.206
-0.0145955267772 -0.0295968004706 -0.206
-0.0136193319835 -0.0300585062224 -0.206
-0.012628553268 -0.0304880245729 -0.206
-0.0116242515814 -0.030884895583 -0.206
-0.010607502355 -0.0312486942733 -0.206
-0.0095793943494 -0.0315790310792 -0.206
-0.0085410284884 -0.0318755522675 -0.206
-0.0074935166801 -0.0321379403162 -0.206
-0.0064379806265 -0.0323659142533 -0.206
-0.005375550622 -0.0325592299588 -0.206
-0.0043073643433 -0.0327176804253 -0.206
-0.0032345656309 -0.0328410959802 -0.206
-0.0021583032646 -0.0329293444669 -0.206
-0.0010797297331 -0.0329823313867 -0.206
-0 -0.033 -0.206
0.0010797297331 -0.0329823313867 -0.206
0.0021583032646 -0.0329293444669 -0.206
0.0032345656309 -0.0328410959802 -0.206
0.0043073643433 -0.0327176804253 -0.206
0.005375550622 -0.0325592299588 -0.206
0.0064379806265 -0.0323659142533 -0.206
0.0074935166801 -0.0321379403162 -0.206
0.0085410284884 -0.0318755522675 -0.206
0.0095793943494 -0.0315790310792 -0.206
0.010607502355 -0.0312486942733 -0.206
0.0116242515814 -0.030884895583 -0.206
0.012628553268 -0.0304880245729 -0.206
0.0136193319835 -0.0300585062224 -0.206
0.0145955267772 -0.0295968004706 -0.206
0.0155560923153 -0.0291034017235 -0.206
0.0165 -0.0285788383249 -0.206
0.0174262390715 -0.0280236719904 -0.206
0.0183338176896 -0.027438497206 -0.206
0.0192217639966 -0.0268239405915 -0.206
0.0200891271573 -0.0261806602296 -0.206
0.0209349783774 -0.025509344961 -0.206
0.0217584118983 -0.0248107136468 -0.206
0.0225585459668 -0.024085514399 -0.206
0.0233345237792 -0.0233345237792 -0.206
0.024085514399 -0.0225585459668 -0.206
0.0248107136468 -0.0217584118983 -0.206
0.025509344961 -0.0209349783774 -0.206
0.0261806602296 -0.0200891271573 -0.206
0.0268239405915 -0.0192217639966 -0.206
0.027438497206 -0.0183338176896 -0.206
0.0280236719904 -0.0174262390715 -0.206
0.0285788383249 -0.0165 -0.206
0.0291034017235 -0.0155560923153 -0.206
0.0295968004706 -0.0145955267772 -0.206
0.0300585062224 -0.0136193319835 -0.206
0.0304880245729 -0.012628553268 -0.206
0.030884895583 -0.0116242515814 -0.206
0.0312486942733 -0.010607502355 -0.206
0.0315790310792 -0.0095793943494 -0.206
0.0318755522675 -0.0085410284884 -0.206
0.0321379403162 -0.0074935166801 -0.206
0.0323659142533 -0.0064379806265 -0.206
0.0325592299588 -0.005375550622 -0.206
0.0327176804253 -0.0043073643433 -0.206
0.0328410959802 -0.0032345656309 -0.206
0.0329293444669 -0.0021583032646 -0.206
0.0329823313867 -0.0010797297331 -0.206
0.038 0 -0.306
0.0379796543241 0.0012433251472 -0.306
0.0379186390831 0.0024853189107 -0.306
0.0378170196135 0.0037246513325 -0.306
0.0376749047322 0.0049599953044 -0.306
0.0374924466192 0.006190027989 -0.306
0.0372698406553 0.0074134322366 -0.306
0.0370073252125 0.0086288979953 -0.306
0.036705181399 0.0098351237139 -0.306
0.0363637327578 0.0110308177357 -0.306
0.0359833449208 0.0122146996815 -0.306
0.0355644252168 0.013385501821 -0.306
0.0351074222354 0.0145419704299 -0.306
0.034612825347 0.0156828671326 -0.306
0.0340811641782 0.0168069702283 -0.306
0.0335130080452 0.0179130759994 -0.306
0.0329089653438 0.019 -0.306
0.032269682898 0.0200665783247 -0.306
0.0315958452675 0.0211116688547 -0.306
0.0308881740145 0.022134152481 -0.306
0.0301474269311 0.0231329343023 -0.306
0.0293743972278 0.0241069447982 -0.306
0.0285699126842 0.0250551409738 -0.306
0.0277348347625 0.0259765074769 -0.306
0.0268700576851 0.0268700576851 -0.306
0.0259765074769 0.0277348347625 -0.306
0.0250551409738 0.0285699126842 -0.306
0.0241069447982 0.0293743972278 -0.306
0.0231329343023 0.0301474269311 -0.306
0.022134152481 0.0308881740145 -0.306
0.0211116688547 0.0315958452675 -0.306
0.0200665783247 0.032269682898 -0.306
0.019 0.0329089653438 -0.306
0.0179130759994 0.0335130080452 -0.306
0.0168069702283 0.0340811641782 -0.306
0.0156828671326 0.034612825347 -0.306
0.0145419704299 0.0351074222354 -0.306
0.013385501821 0.0355644252168 -0.306
0.0122146996815 0.0359833449208 -0.306
0.0110308177357 0.0363637327578 -0.306
0.0098351237139 0.036705181399 -0.306
0.0086288979953 0.0370073252125 -0.306
0.0074134322366 0.0372698406553 -0.306
0.006190027989 0.0374924466192 -0.306
0.0049599953044 0.0376749047322 -0.306
0.0037246513325 0.0378170196135 -0.306
0.0024853189107 0.0379186390831 -0.306
0.0012433251472 0.0379796543241 -0.306
0 0.038 -0.306
-0.0012433251472 0.0379796543241 -0.306
-0.0024853189107 0.0379186390831 -0.306
-0.0037246513325 0.0378170196135 -0.306
-0.0049599953044 0.0376749047322 -0.306
-0.006190027989 0.0374924466192 -0.306
-0.0074134322366 0.0372698406553 -0.306
-0.0086288979953 0.0370073252125 -0.306
-0.0098351237139 0.036705181399 -0.306
-0.0110308177357 0.0363637327578 -0.306
-0.0122146996815 0.0359833449208 -0.306
-0.013385501821 0.0355644252168 -0.306
-0.0145419704299 0.0351074222354 -0.306
-0.0156828671326 0.034612825347 -0.306
-0.0168069702283 0.0340811641782 -0.306
-0.0179130759994 0.0335130080452 -0.306
-0.019 0.0329089653438 -0.306
-0.0200665783247 0.032269682898 -0.306
-0.0211116688547 0.0315958452675 -0.306
-0.022134152481 0.0308881740145 -0.306
-0.0231329343023 0.0301474269311 -0.306
-0.0241069447982 0.0293743972278 -0.306
-0.0250551409738 0.0285699126842 -0.306
-0.0259765074769 0.0277348347625 -0.306
-0.0268700576851 0.0268700576851 -0.306
-0.0277348347625 0.0259765074769 -0.306
-0.0285699126842 0.0250551409738 -0.306
-0.0293743972278 0.0241069447982 -0.306
-0.0301474269311 0.0231329343023 -0.306
-0.0308881740145 0.022134152481 -0.306
-0.0315958452675 0.0211116688547 -0.306
-0.032269682898 0.0200665783247 -0.306
-0.0329089653438 0.019 -0.306
-0.0335130080452 0.0179130759994 -0.306
-0.0340811641782 0.0168069702283 -0.306
-0.034612825347 0.0156828671326 -0.306
-0.0351074222354 0.0145419704299 -0.306
-0.0355644252168 0.013385501821 -0.306
-0.0359833449208 0.0122146996815 -0.306
-0.0363637327578 0.0110308177357 -0.306
-0.036705181399 0.0098351237139 -0.306
-0.0370073252125 0.0086288979953 -0.306
-0.0372698406553 0.0074134322366 -0.306
-0.0374924466192 0.006190027989 -0.306
-0.0376749047322 0.0049599953044 -0.306
-0.0378170196135 0.0037246513325 -0.306
-0.0379186390831 0.0024853189107 -0.306
-0.0379796543241 0.0012433251472 -0.306
-0.038 0 -0.306
-0.0379796543241 -0.0012433251472 -0.306
-0.0379186390831 -0.0024853189107 -0.306
-0.0378170196135 -0.0037246513325 -0.306
-0.0376749047322 -0.0049599953044 -0.306
-0.0374924466192 -0.006190027989 -0.306
-0.0372698406553 -0.0074134322366 -0.306
-0.0370073252125 -0.0086288979953 -0.306
-0.036705181399 -0.0098351237139 -0.306
-0.0363637327578 -0.0110308177357 -0.306
-0.0359833449208 -0.0122146996815 -0.306
-0.0355644252168 -0.013385501821 -0.306
-0.0351074222354 -0.0145419704299 -0.306
-0.034612825347 -0.0156828671326 -0.306
-0.0340811641782 -0.0168069702283 -0.306
-0.0335130080452 -0.0179130759994 -0.306
-0.0329089653438 -0.019 -0.306
-0.032269682898 -0.0200665783247 -0.306
-0.0315958452675 -0.0211116688547 -0.306
-0.0308881740145 -0.022134152481 -0.306
-0.0301474269311 -0.0231329343023 -0.306
-0.0293743972278 -0.0241069447982 -0.306
-0.0285699126842 -0.0250551409738 -0.306
-0.0277348347625 -0.0259765074769 -0.306
-0.0268700576851 -0.0268700576851 -0.306
-0.0259765074769 -0.0277348347625 -0.306
-0.0250551409738 -0.0285699126842 -0.306
-0.0241069447982 -0.0293743972278 -0.306
-0.0231329343023 -0.0301474269311 -0.306
-0.022134152481 -0.0308881740145 -0.306
-0.0211116688547 -0.0315958452675 -0.306
-0.0200665783247 -0.032269682898 -0.306
-0.019 -0.0329089653438 -0.306
-0.0179130759994 -0.0335130080452 -0.306
-0.0168069702283 -0.0340811641782 -0.306
-0.0156828671326 -0.034612825347 -0.306
-0.0145419704299 -0.0351074222354 -0.306
-0.013385501821 -0.0355644252168 -0.306
-0.0122146996815 -0.0359833449208 -0.306
-0.0110308177357 -0.0363637327578 -0.306
-0.0098351237139 -0.036705181399 -0.306
-0.0086288979953 -0.0370073252125 -0.306
-0.0074134322366 -0.0372698406553 -0.306
-0.006190027989 -0.0374924466192 -0.306
-0.0049599953044 -0.0376749047322 -0.306
-0.0037246513325 -0.0378170196135 -0.306
-0.0024853189107 -0.0379186390831 -0.306
-0.0012433251472 -0.0379796543241 -0.306
-0 -0.038 -0.306
0.0012433251472 -0.0379796543241 -0.306
0.0024853189107 -0.0379186390831 -0.306
0.0037246513325 -0.0378170196135 -0.306
0.0049599953044 -0.0376749047322 -0.306
0.006190027989 -0.0374924466192 -0.306
0.0074134322366 -0.0372698406553 -0.306
0.0086288979953 -0.0370073252125 -0.306
0.0098351237139 -0.036705181399 -0.306
0.0110308177357 -0.0363637327578 -0.306
0.0122146996815 -0.0359833449208 -0.306
0.013385501821 -0.0355644252168 -0.306
0.0145419704299 -0.0351074222354 -0.306
0.0156828671326 -0.034612825347 -0.306
0.0168069702283 -0.0340811641782 -0.306
0.0179130759994 -0.0335130080452 -0.306
0.019 -0.0329089653438 -0.306
0.0200665783247 -0.032269682898 -0.306
0.0211116688547 -0.0315958452675 -0.306
0.022134152481 -0.0308881740145 -0.306
0.0231329343023 -0.0301474269311 -0.306
0.0241069447982 -0.0293743972278 -0.306
0.0250551409738 -0.0285699126842 -0.306
0.0259765074769 -0.0277348347625 -0.306
0.0268700576851 -0.0268700576851 -0.306
0.0277348347625 -0.0259765074769 -0.306
0.0285699126842 -0.0250551409738 -0.306
0.0293743972278 -0.0241069447982 -0.306
0.0301474269311 -0.0231329343023 -0.306
0.0308881740145 -0.022134152481 -0.306
0.0315958452675 -0.0211116688547 -0.306
0.032269682898 -0.0200665783247 -0.306
0.0329089653438 -0.019 -0.306
0.0335130080452 -0.0179130759994 -0.306
0.0340811641782 -0.0168069702283 -0.306
0.034612825347 -0.0156828671326 -0.306
0.0351074222354 -0.0145419704299 -0.306
0.0355644252168 -0.013385501821 -0.306
0.0359833449208 -0.0122146996815 -0.306
0.0363637327578 -0.0110308177357 -0.306
0.036705181399 -0.0098351237139 -0.306
0.0370073252125 -0.0086288979953 -0.306
0.0372698406553 -0.0074134322366 -0.306
0.0374924466192 -0.006190027989 -0.306
0.0376749047322 -0.0049599953044 -0.306
0.0378170196135 -0.0037246513325 -0.306
0.0379186390831 -0.0024853189107 -0.306
0.0379796543241 -0.0012433251472 -0.306
0.038 0 -0.206
0.0379796543241 0.0012433251472 -0.206
0.0379186390831 0.0024853189107 -0.206
0.0378170196135 0.0037246513325 -0.206
0.0376749047322 0.0049599953044 -0.206
0.0374924466192 0.006190027989 -0.206
0.0372698406553 0.0074134322366 -0.206
0.0370073252125 0.0086288979953 -0.206
0.036705181399 0.0098351237139 -0.206
0.0363637327578 0.0110308177357 -0.206
0.0359833449208 0.0122146996815 -0.206
0.0355644252168 0.013385501821 -0.206
0.0351074222354 0.0145419704299 -0.206
0.034612825347 0.0156828671326 -0.206
0.0340811641782 0.0168069702283 -0.206
0.0335130080452 0.0179130759994 -0.206
0.0329089653438 0.019 -0.206
0.032269682898 0.0200665783247 -0.206
0.0315958452675 0.0211116688547 -0.206
0.0308881740145 0.022134152481 -0.206
0.0301474269311 0.0231329343023 -0.206
0.0293743972278 0.0241069447982 -0.206
0.0285699126842 0.0250551409738 -0.206
0.0277348347625 0.0259765074769 -0.206
0.0268700576851 0.0268700576851 -0.206
0.0259765074769 0.0277348347625 -0.206
0.0250551409738 0.0285699126842 -0.206
0.0241069447982 0.0293743972278 -0.206
0.0231329343023 0.0301474269311 -0.206
0.022134152481 0.0308881740145 -0.206
0.0211116688547 0.0315958452675 -0.206
0.0200665783247 0.032269682898 -0.206
0.019 0.0329089653438 -0.206
0.0179130759994 0.0335130080452 -0.206
0.0168069702283 0.0340811641782 -0.206
0.0156828671326 0.034612825347 -0.206
0.0145419704299 0.0351074222354 -0.206
0.013385501821 0.0355644252168 -0.206
0.0122146996815 0.0359833449208 -0.206
0.0110308177357 0.0363637327578 -0.206
0.0098351237139 0.036705181399 -0.206
0.0086288979953 0.0370073252125 -0.206
0.0074134322366 0.0372698406553 -0.206
0.006190027989 0.0374924466192 -0.206
0.0049599953044 0.0376749047322 -0.206
0.0037246513325 0.0378170196135 -0.206
0.0024853189107 0.0379186390831 -0.206
0.0012433251472 0.0379796543241 -0.206
0 0.038 -0.206
-0.0012433251472 0.0379796543241 -0.206
-0.0024853189107 0.0379186390831 -0.206
-0.0037246513325 0.0378170196135 -0.206
-0.0049599953044 0.0376749047322 -0.206
-0.006190027989 0.0374924466192 -0.206
-0.0074134322366 0.0372698406553 -0.206
-0.0086288979953 0.0370073252125 -0.206
-0.0098351237139 0.036705181399 -0.206
-0.0110308177357 0.0363637327578 -0.206
-0.0122146996815 0.0359833449208 -0.206
-0.013385501821 0.0355644252168 -0.206
-0.0145419704299 0.0351074222354 -0.206
-0.0156828671326 0.034612825347 -0.206
-0.0168069702283 0.0340811641782 -0.206
-0.0179130759994 0.0335130080452 -0.206
-0.019 0.0329089653438 -0.206
-0.0200665783247 0.032269682898 -0.206
-0.0211116688547 0.0315958452675 -0.206
-0.022134152481 0.0308881740145 -0.206
-0.0231329343023 0.0301474269311 -0.206
-0.0241069447982 0.0293743972278 -0.206
-0.0250551409738 0.0285699126842 -0.206
-0.0259765074769 0.0277348347625 -0.206
-0.0268700576851 0.0268700576851 -0.206
-0.0277348347625 0.0259765074769 -0.206
-0.0285699126842 0.0250551409738 -0.206
-0.0293743972278 0.0241069447982 -0.206
-0.0301474269311 0.0231329343023 -0.206
-0.0308881740145 0.022134152481 -0.206
-0.0315958452675 0.0211116688547 -0.206
-0.032269682898 0.0200665783247 -0.206
-0.0329089653438 0.019 -0.206
-0.0335130080452 0.0179130759994 -0.206
-0.0340811641782 0.0168069702283 -0.206
-0.034612825347 0.0156828671326 -0.206
-0.0351074222354 0.0145419704299 -0.206
-0.0355644252168 0.013385501821 -0.206
-0.0359833449208 0.0122146996815 -0.206
-0.0363637327578 0.0110308177357 -0.206
-0.036705181399 0.0098351237139 -0.206
-0.0370073252125 0.0086288979953 -0.206
-0.0372698406553 0.0074134322366 -0.206
-0.0374924466192 0.006190027989 -0.206
-0.0376749047322 0.0049599953044 -0.206
-0.0378170196135 0.0037246513325 -0.206
-0.0379186390831 0.0024853189107 -0.206
-0.0379796543241 0.0012433251472 -0.206
-0.038 0 -0.206
-0.0379796543241 -0.0012433251472 -0.206
-0.0379186390831 -0.0024853189107 -0.206
-0.0378170196135 -0.0037246513325 -0.206
-0.0376749047322 -0.0049599953044 -0.206
-0.0374924466192 -0.006190027989 -0.206
-0.0372698406553 -0.0074134322366 -0.206
-0.0370073252125 -0.0086288979953 -0.206
-0.036705181399 -0.0098351237139 -0.206
-0.0363637327578 -0.0110308177357 -0.206
-0.0359833449208 -0.0122146996815 -0.206
-0.0355644252168 -0.013385501821 -0.206
-0.0351074222354 -0.0145419704299 -0.206
-0.034612825347 -0.0156828671326 -0.206
-0.0340811641782 -0.0168069702283 -0.206
-0.0335130080452 -0.0179130759994 -0.206
-0.0329089653438 -0.019 -0.206
-0.032269682898 -0.0200665783247 -0.206
-0.0315958452675 -0.0211116688547 -0.206
-0.0308881740145 -0.022134152481 -0.206
-0.0301474269311 -0.0231329343023 -0.206
-0.0293743972278 -0.0241069447982 -0.206
-0.0285699126842 -0.0250551409738 -0.206
-0.0277348347625 -0.0259765074769 -0.206
-0.0268700576851 -0.0268700576851 -0.206
-0.0259765074769 -0.0277348347625 -0.206
-0.0250551409738 -0.0285699126842 -0.206
-0.0241069447982 -0.0293743972278 -0.206
-0.0231329343023 -0.0301474269311 -0.206
-0.022134152481 -0.0308881740145 -0.206
-0.0211116688547 -0.0315958452675 -0.206
-0.0200665783247 -0.032269682898 -0.206
-0.019 -0.0329089653438 -0.206
-0.0179130759994 -0.0335130080452 -0.206
-0.0168069702283 -0.0340811641782 -0.206
-0.0156828671326 -0.034612825347 -0.206
-0.0145419704299 -0.0351074222354 -0.206
-0.013385501821 -0.0355644252168 -0.206
-0.0122146996815 -0.0359833449208 -0.206
-0.0110308177357 -0.0363637327578 -0.206
-0.0098351237139 -0.036705181399 -0.206
-0.0086288979953 -0.0370073252125 -0.206
-0.0074134322366 -0.0372698406553 -0.206
-0.006190027989 -0.0374924466192 -0.206
-0.0049599953044 -0.0376749047322 -0.206
-0.0037246513325 -0.0378170196135 -0.206
-0.0024853189107 -0.0379186390831 -0.206
-0.0012433251472 -0.0379796543241 -0.206
-0 -0.038 -0.206
0.0012433251472 -0.0379796543241 -0.206
0.0024853189107 -0.0379186390831 -0.206
0.0037246513325 -0.0378170196135 -0.206
0.0049599953044 -0.0376749047322 -0.206
0.006190027989 -0.0374924466192 -0.206
0.0074134322366 -0.0372698406553 -0.206
0.0086288979953 -0.0370073252125 -0.206
0.0098351237139 -0.036705181399 -0.206
0.0110308177357 -0.0363637327578 -0.206
0.0122146996815 -0.0359833449208 -0.206
0.013385501821 -0.0355644252168 -0.206
0.0145419704299 -0.0351074222354 -0.206
0.0156828671326 -0.034612825347 -0.206
0.0168069702283 -0.0340811641782 -0.206
0.0179130759994 -0.0335130080452 -0.206
0.019 -0.0329089653438 -0.206
0.0200665783247 -0.032269682898 -0.206
0.0211116688547 -0.0315958452675 -0.206
0.022134152481 -0.0308881740145 -0.206
0.0231329343023 -0.0301474269311 -0.206
0.0241069447982 -0.0293743972278 -0.206
0.0250551409738 -0.0285699126842 -0.206
0.0259765074769 -0.0277348347625 -0.206
0.0268700576851 -0.0268700576851 -0.206
0.0277348347625 -0.0259765074769 -0.206
0.0285699126842 -0.0250551409738 -0.206
0.0293743972278 -0.0241069447982 -0.206
0.0301474269311 -0.0231329343023 -0.206
0.0308881740145 -0.022134152481 -0.206
0.0315958452675 -0.0211116688547 -0.206
0.032269682898 -0.0200665783247 -0.206
0.0329089653438 -0.019 -0.206
0.0335130080452 -0.0179130759994 -0.206
0.0340811641782 -0.0168069702283 -0.206
0.034612825347 -0.0156828671326 -0.206
0.0351074222354 -0.0145419704299 -0.206
0.0355644252168 -0.013385501821 -0.206
0.0359833449208 -0.0122146996815 -0.206
0.0363637327578 -0.0110308177357 -0.206
0.036705181399 -0.0098351237139 -0.206
0.0370073252125 -0.0086288979953 -0.206
0.0372698406553 -0.0074134322366 -0.206
0.0374924466192 -0.006190027989 -0.206
0.0376749047322 -0.0049599953044 -0.206
0.0378170196135 -0.0037246513325 -0.206
0.0379186390831 -0.0024853189107 -0.206
0.0379796543241 -0.0012433251472 -0.206
0.017 0 -0.53
0.0169908979871 0.000556224408 -0.53
0.0169636016951 0.0011118531969 -0.53
0.0169181403534 0.0016662913856 -0.53
0.0168545626434 0.0022189452677 -0.53
0.0167729366454 0.0027692230477 -0.53
0.0166733497669 0.0033165354743 -0.53
0.0165559086477 0.0038602964716 -0.53
0.0164207390469 0.0043999237667 -0.53
0.0162679857074 0.0049348395133 -0.53
0.0160978122014 0.0054644709102 -0.53
0.0159104007549 0.0059882508147 -0.53
0.0157059520527 0.0065056183502 -0.53
0.0154846850237 0.0070160195067 -0.53
0.0152468366061 0.0075189077337 -0.53
0.0149926614939 0.008013744526 -0.53
0.0147224318643 0.0085 -0.53
0.014436437086 0.0089771534611 -0.53
0.0141349834091 0.0094446939613 -0.53
0.0138183936381 0.0099021208468 -0.53
0.013487006785 0.0103489442931 -0.53
0.0131411777072 0.0107846858308 -0.53
0.0127812767271 0.0112088788567 -0.53
0.0124076892359 0.0116210691344 -0.53
0.0120208152802 0.0120208152802 -0.53
0.0116210691344 0.0124076892359 -0.53
0.0112088788567 0.0127812767271 -0.53
0.0107846858308 0.0131411777072 -0.53
0.0103489442931 0.013487006785 -0.53
0.0099021208468 0.0138183936381 -0.53
0.0094446939613 0.0141349834091 -0.53
0.0089771534611 0.014436437086 -0.53
0.0085 0.0147224318643 -0.53
0.008013744526 0.0149926614939 -0.53
0.0075189077337 0.0152468366061 -0.53
0.0070160195067 0.0154846850237 -0.53
0.0065056183502 0.0157059520527 -0.53
0.0059882508147 0.0159104007549 -0.53
0.0054644709102 0.0160978122014 -0.53
0.0049348395133 0.0162679857074 -0.53
0.0043999237667 0.0164207390469 -0.53
0.0038602964716 0.0165559086477 -0.53
0.0033165354743 0.0166733497669 -0.53
0.0027692230477 0.0167729366454 -0.53
0.0022189452677 0.0168545626434 -0.53
0.0016662913856 0.0169181403534 -0.53
0.0011118531969 0.0169636016951 -0.53
0.000556224408 0.0169908979871 -0.53
0 0.017 -0.53
-0.000556224408 0.0169908979871 -0.53
-0.0011118531969 0.0169636016951 -0.53
-0.0016662913856 0.0169181403534 -0.53
-0.0022189452677 0.0168545626434 -0.53
-0.0027692230477 0.0167729366454 -0.53
-0.0033165354743 0.0166733497669 -0.53
-0.0038602964716 0.0165559086477 -0.53
-0.0043999237667 0.0164207390469 -0.53
-0.0049348395133 0.0162679857074 -0.53
-0.0054644709102 0.0160978122014 -0.53
-0.0059882508147 0.0159104007549 -0.53
-0.0065056183502 0.0157059520527 -0.53
-0.0070160195067 0.0154846850237 -0.53
-0.0075189077337 0.0152468366061 -0.53
-0.008013744526 0.0149926614939 -0.53
-0.0085 0.0147224318643 -0.53
-0.0089771534611 0.014436437086 -0.53
-0.0094446939613 0.0141349834091 -0.53
-0.0099021208468 0.0138183936381 -0.53
-0.0103489442931 0.013487006785 -0.53
-0.0107846858308 0.0131411777072 -0.53
-0.0112088788567 0.0127812767271 -0.53
-0.0116210691344 0.0124076892359 -0.53
-0.0120208152802 0.0120208152802 -0.53
-0.0124076892359 0.0116210691344 -0.53
-0.0127812767271 0.0112088788567 -0.53
-0.0131411777072 0.0107846858308 -0.53
-0.013487006785 0.0103489442931 -0.53
-0.0138183936381 0.0099021208468 -0.53
-0.0141349834091 0.0094446939613 -0.53
-0.014436437086 0.0089771534611 -0.53
-0.0147224318643 0.0085 -0.53
-0.0149926614939 0.008013744526 -0.53
-0.0152468366061 0.0075189077337 -0.53
-0.0154846850237 0.0070160195067 -0.53
-0.0157059520527 0.0065056183502 -0.53
-0.0159104007549 0.0059882508147 -0.53
-0.0160978122014 0.0054644709102 -0.53
-0.0162679857074 0.0049348395133 -0.53
-0.0164207390469 0.0043999237667 -0.53
-0.0165559086477 0.0038602964716 -0.53
-0.0166733497669 0.0033165354743 -0.53
-0.0167729366454 0.0027692230477 -0.53
-0.0168545626434 0.0022189452677 -0.53
-0.0169181403534 0.0016662913856 -0.53
-0.0169636016951 0.0011118531969 -0.53
-0.0169908979871 0.000556224408 -0.53
-0.017 0 -0.53
-0.0169908979871 -0.000556224408 -0.53
-0.0169636016951 -0.0011118531969 -0.53
-0.0169181403534 -0.0016662913856 -0.53
-0.0168545626434 -0.0022189452677 -0.53
-0.0167729366454 -0.0027692230477 -0.53
-0.0166733497669 -0.0033165354743 -0.53
-0.0165559086477 -0.0038602964716 -0.53
-0.0164207390469 -0.0043999237667 -0.53
-0.0162679857074 -0.0049348395133 -0.53
-0.0160978122014 -0.0054644709102 -0.53
-0.0159104007549 -0.0059882508147 -0.53
-0.0157059520527 -0.0065056183502 -0.53
-0.0154846850237 -0.0070160195067 -0.53
-0.0152468366061 -0.0075189077337 -0.53
-0.0149926614939 -0.008013744526 -0.53
-0.0147224318643 -0.0085 -0.53
-0.014436437086 -0.0089771534611 -0.53
-0.0141349834091 -0.0094446939613 -0.53
-0.0138183936381 -0.0099021208468 -0.53
-0.013487006785 -0.0103489442931 -0.53
-0.0131411777072 -0.0107846858308 -0.53
-0.0127812767271 -0.0112088788567 -0.53
-0.0124076892359 -0.0116210691344 -0.53
-0.0120208152802 -0.0120208152802 -0.53
-0.0116210691344 -0.0124076892359 -0.53
-0.0112088788567 -0.0127812767271 -0.53
-0.0107846858308 -0.0131411777072 -0.53
-0.0103489442931 -0.013487006785 -0.53
-0.0099021208468 -0.0138183936381 -0.53
-0.0094446939613 -0.0141349834091 -0.53
-0.0089771534611 -0.014436437086 -0.53
-0.0085 -0.0147224318643 -0.53
-0.008013744526 -0.0149926614939 -0.53
-0.0075189077337 -0.0152468366061 -0.53
-0.0070160195067 -0.0154846850237 -0.53
-0.0065056183502 -0.0157059520527 -0.53
-0.0059882508147 -0.0159104007549 -0.53
-0.0054644709102 -0.0160978122014 -0.53
-0.0049348395133 -0.0162679857074 -0.53
-0.0043999237667 -0.0164207390469 -0.53
-0.0038602964716 -0.0165559086477 -0.53
-0.0033165354743 -0.0166733497669 -0.53
-0.0027692230477 -0.0167729366454 -0.53
-0.0022189452677 -0.0168545626434 -0.53
-0.0016662913856 -0.0169181403534 -0.53
-0.0011118531969 -0.0169636016951 -0.53
-0.000556224408 -0.0169908979871 -0.53
-0 -0.017 -0.53
0.000556224408 -0.0169908979871 -0.53
0.0011118531969 -0.0169636016951 -0.53
0.0016662913856 -0.0169181403534 -0.53
0.0022189452677 -0.0168545626434 -0.53
0.0027692230477 -0.0167729366454 -0.53
0.0033165354743 -0.0166733497669 -0.53
0.0038602964716 -0.0165559086477 -0.53
0.0043999237667 -0.0164207390469 -0.53
0.0049348395133 -0.0162679857074 -0.53
0.0054644709102 -0.0160978122014 -0.53
0.0059882508147 -0.0159104007549 -0.53
0.0065056183502 -0.0157059520527 -0.53
0.0070160195067 -0.0154846850237 -0.53
0.0075189077337 -0.0152468366061 -0.53
0.008013744526 -0.0149926614939 -0.53
0.0085 -0.0147224318643 -0.53
0.0089771534611 -0.014436437086 -0.53
0.0094446939613 -0.0141349834091 -0.53
0.0099021208468 -0.0138183936381 -0.53
0.0103489442931 -0.013487006785 -0.53
0.0107846858308 -0.0131411777072 -0.53
0.0112088788567 -0.0127812767271 -0.53
0.0116210691344 -0.0124076892359 -0.53
0.0120208152802 -0.0120208152802 -0.53
0.0124076892359 -0.0116210691344 -0.53
0.0127812767271 -0.0112088788567 -0.53
0.0131411777072 -0.0107846858308 -0.53
0.013487006785 -0.0103489442931 -0.53
0.0138183936381 -0.0099021208468 -0.53
0.0141349834091 -0.0094446939613 -0.53
0.014436437086 -0.0089771534611 -0.53
0.0147224318643 -0.0085 -0.53
0.0149926614939 -0.008013744526 -0.53
0.0152468366061 -0.0075189077337 -0.53
0.0154846850237 -0.0070160195067 -0.53
0.0157059520527 -0.0065056183502 -0.53
0.0159104007549 -0.0059882508147 -0.53
0.0160978122014 -0.0054644709102 -0.53
0.0162679857074 -0.0049348395133 -0.53
0.0164207390469 -0.0043999237667 -0.53
0.0165559086477 -0.0038602964716 -0.53
0.0166733497669 -0.0033165354743 -0.53
0.0167729366454 -0.0027692230477 -0.53
0.0168545626434 -0.0022189452677 -0.53
0.0169181403534 -0.0016662913856 -0.53
0.0169636016951 -0.0011118531969 -0.53
0.0169908979871 -0.000556224408 -0.53
0.017 0 -0.306
0.0169908979871 0.000556224408 -0.306
0.0169636016951 0.0011118531969 -0.306
0.0169181403534 0.0016662913856 -0.306
0.0168545626434 0.0022189452677 -0.306
0.0167729366454 0.0027692230477 -0.306
0.0166733497669 0.0033165354743 -0.306
0.0165559086477 0.0038602964716 -0.306
0.0164207390469 0.0043999237667 -0.306
0.0162679857074 0.0049348395133 -0.306
0.0160978122014 0.0054644709102 -0.306
0.0159104007549 0.0059882508147 -0.306
0.0157059520527 0.0065056183502 -0.306
0.0154846850237 0.0070160195067 -0.306
0.0152468366061 0.0075189077337 -0.306
0.0149926614939 0.008013744526 -0.306
0.0147224318643 0.0085 -0.306
0.014436437086 0.0089771534611 -0.306
0.0141349834091 0.0094446939613 -0.306
0.0138183936381 0.0099021208468 -0.306
0.013487006785 0.0103489442931 -0.306
0.0131411777072 0.0107846858308 -0.306
0.0127812767271 0.0112088788567 -0.306
0.0124076892359 0.0116210691344 -0.306
0.0120208152802 0.0120208152802 -0.306
0.0116210691344 0.0124076892359 -0.306
0.0112088788567 0.0127812767271 -0.306
0.0107846858308 0.0131411777072 -0.306
0.0103489442931 0.013487006785 -0.306
0.0099021208468 0.0138183936381 -0.306
0.0094446939613 0.0141349834091 -0.306
0.0089771534611 0.014436437086 -0.306
0.0085 0.0147224318643 -0.306
0.008013744526 0.0149926614939 -0.306
0.0075189077337 0.0152468366061 -0.306
0.0070160195067 0.0154846850237 -0.306
0.0065056183502 0.0157059520527 -0.306
0.0059882508147 0.0159104007549 -0.306
0.0054644709102 0.0160978122014 -0.306
0.0049348395133 0.0162679857074 -0.306
0.0043999237667 0.0164207390469 -0.306
0.0038602964716 0.0165559086477 -0.306
0.0033165354743 0.0166733497669 -0.306
0.0027692230477 0.0167729366454 -0.306
0.0022189452677 0.0168545626434 -0.306
0.0016662913856 0.0169181403534 -0.306
0.0011118531969 0.0169636016951 -0.306
0.000556224408 0.0169908979871 -0.306
0 0.017 -0.306
-0.000556224408 0.0169908979871 -0.306
-0.0011118531969 0.0169636016951 -0.306
-0.0016662913856 0.0169181403534 -0.306
-0.0022189452677 0.0168545626434 -0.306
-0.0027692230477 0.0167729366454 -0.306
-0.0033165354743 0.0166733497669 -0.306
-0.0038602964716 0.0165559086477 -0.306
-0.0043999237667 0.0164207390469 -0.306
-0.0049348395133 0.0162679857074 -0.306
-0.0054644709102 0.0160978122014 -0.306
-0.0059882508147 0.0159104007549 -0.306
-0.0065056183502 0.0157059520527 -0.306
-0.0070160195067 0.0154846850237 -0.306
-0.0075189077337 0.0152468366061 -0.306
-0.008013744526 0.0149926614939 -0.306
-0.0085 0.0147224318643 -0.306
-0.0089771534611 0.014436437086 -0.306
-0.0094446939613 0.0141349834091 -0.306
-0.0099021208468 0.0138183936381 -0.306
-0.0103489442931 0.013487006785 -0.306
-0.0107846858308 0.0131411777072 -0.306
-0.0112088788567 0.0127812767271 -0.306
-0.0116210691344 0.0124076892359 -0.306
-0.0120208152802 0.0120208152802 -0.306
-0.0124076892359 0.0116210691344 -0.306
-0.0127812767271 0.0112088788567 -0.306
-0.0131411777072 0.0107846858308 -0.306
-0.013487006785 0.0103489442931 -0.306
-0.0138183936381 0.0099021208468 -0.306
-0.0141349834091 0.0094446939613 -0.306
-0.014436437086 0.0089771534611 -0.306
-0.0147224318643 0.0085 -0.306
-0.0149926614939 0.008013744526 -0.306
-0.0152468366061 0.0075189077337 -0.306
-0.0154846850237 0.0070160195067 -0.306
-0.0157059520527 0.0065056183502 -0.306
-0.0159104007549 0.0059882508147 -0.306
-0.0160978122014 0.0054644709102 -0.306
-0.0162679857074 0.0049348395133 -0.306
-0.0164207390469 0.0043999237667 -0.306
-0.0165559086477 0.0038602964716 -0.306
-0.0166733497669 0.0033165354743 -0.306
-0.0167729366454 0.0027692230477 -0.306
-0.0168545626434 0.0022189452677 -0.306
-0.0169181403534 0.0016662913856 -0.306
-0.0169636016951 0.0011118531969 -0.306
-0.0169908979871 0.000556224408 -0.306
-0.017 0 -0.306
-0.0169908979871 -0.000556224408 -0.306
-0.0169636016951 -0.0011118531969 -0.306
-0.0169181403534 -0.0016662913856 -0.306
-0.0168545626434 -0.0022189452677 -0.306
-0.0167729366454 -0.0027692230477 -0.306
-0.0166733497669 -0.0033165354743 -0.306
-0.0165559086477 -0.0038602964716 -0.306
-0.0164207390469 -0.0043999237667 -0.306
-0.0162679857074 -0.0049348395133 -0.306
-0.0160978122014 -0.0054644709102 -0.306
-0.0159104007549 -0.0059882508147 -0.306
-0.0157059520527 -0.0065056183502 -0.306
-0.0154846850237 -0.0070160195067 -0.306
-0.0152468366061 -0.0075189077337 -0.306
-0.0149926614939 -0.008013744526 -0.306
-0.0147224318643 -0.0085 -0.306
-0.014436437086 -0.0089771534611 -0.306
-0.0141349834091 -0.0094446939613 -0.306
-0.0138183936381 -0.0099021208468 -0.306
-0.013487006785 -0.0103489442931 -0.306
-0.0131411777072 -0.0107846858308 -0.306
-0.0127812767271 -0.0112088788567 -0.306
-0.0124076892359 -0.0116210691344 -0.306
-0.0120208152802 -0.0120208152802 -0.306
-0.0116210691344 -0.0124076892359 -0.306
-0.0112088788567 -0.0127812767271 -0.306
-0.0107846858308 -0.0131411777072 -0.306
-0.0103489442931 -0.013487006785 -0.306
-0.0099021208468 -0.0138183936381 -0.306
-0.0094446939613 -0.0141349834091 -0.306
-0.0089771534611 -0.014436437086 -0.306
-0.0085 -0.0147224318643 -0.306
-0.008013744526 -0.0149926614939 -0.306
-0.0075189077337 -0.0152468366061 -0.306
-0.0070160195067 -0.0154846850237 -0.306
-0.0065056183502 -0.0157059520527 -0.306
-0.0059882508147 -0.0159104007549 -0.306
-0.0054644709102 -0.0160978122014 -0.306
-0.0049348395133 -0.0162679857074 -0.306
-0.0043999237667 -0.0164207390469 -0.306
-0.0038602964716 -0.0165559086477 -0.306
-0.0033165354743 -0.0166733497669 -0.306
-0.0027692230477 -0.0167729366454 -0.306
-0.0022189452677 -0.0168545626434 -0.306
-0.0016662913856 -0.0169181403534 -0.306
-0.0011118531969 -0.0169636016951 -0.306
-0.000556224408 -0.0169908979871 -0.306
-0 -0.017 -0.306
0.000556224408 -0.0169908979871 -0.306
0.0011118531969 -0.0169636016951 -0.306
0.0016662913856 -0.0169181403534 -0.306
0.0022189452677 -0.0168545626434 -0.306
0.0027692230477 -0.0167729366454 -0.306
0.0033165354743 -0.0166733497669 -0.306
0.0038602964716 -0.0165559086477 -0.306
0.0043999237667 -0.0164207390469 -0.306
0.0049348395133 -0.0162679857074 -0.306
0.0054644709102 -0.0160978122014 -0.306
0.0059882508147 -0.0159104007549 -0.306
0.0065056183502 -0.0157059520527 -0.306
0.0070160195067 -0.0154846850237 -0.306
0.0075189077337 -0.0152468366061 -0.306
0.008013744526 -0.0149926614939 -0.306
0.0085 -0.0147224318643 -0.306
0.0089771534611 -0.014436437086 -0.306
0.0094446939613 -0.0141349834091 -0.306
0.0099021208468 -0.0138183936381 -0.306
0.0103489442931 -0.013487006785 -0.306
0.0107846858308 -0.0131411777072 -0.306
0.0112088788567 -0.0127812767271 -0.306
0.0116210691344 -0.0124076892359 -0.306
0.0120208152802 -0.0120208152802 -0.306
0.0124076892359 -0.0116210691344 -0.306
0.0127812767271 -0.0112088788567 -0.306
0.0131411777072 -0.0107846858308 -0.306
0.013487006785 -0.0103489442931 -0.306
0.0138183936381 -0.0099021208468 -0.306
0.0141349834091 -0.0094446939613 -0.306
0.014436437086 -0.0089771534611 -0.306
0.0147224318643 -0.0085 -0.306
0.0149926614939 -0.008013744526 -0.306
0.0152468366061 -0.0075189077337 -0.306
0.0154846850237 -0.0070160195067 -0.306
0.0157059520527 -0.0065056183502 -0.306
0.0159104007549 -0.0059882508147 -0.306
0.0160978122014 -0.0054644709102 -0.306
0.0162679857074 -0.0049348395133 -0.306
0.0164207390469 -0.0043999237667 -0.306
0.0165559086477 -0.0038602964716 -0.306
0.0166733497669 -0.0033165354743 -0.306
0.0167729366454 -0.0027692230477 -0.306
0.0168545626434 -0.0022189452677 -0.306
0.0169181403534 -0.0016662913856 -0.306
0.0169636016951 -0.0011118531969 -0.306
0.0169908979871 -0.000556224408 -0.306
0.043 0 -0.53
0.0429614778134 0.0007841371226 -0.53
0.0428462822432 0.0015607225761 -0.53
0.0426555226859 0.002322277418 -0.53
0.0423910362601 0.0030614674589 -0.53
0.0420553701148 0.0037711738946 -0.53
0.0416517568984 0.0044445618642 -0.53
0.0411840836269 0.0050751462733 -0.53
0.0406568542495 0.0056568542495 -0.53
0.0400751462733 0.0061840836269 -0.53
0.0394445618642 0.0066517568984 -0.53
0.0387711738946 0.0070553701148 -0.53
0.0380614674589 0.0073910362601 -0.53
0.037322277418 0.0076555226859 -0.53
0.0365607225761 0.0078462822432 -0.53
0.0357841371226 0.0079614778134 -0.53
0.035 0.008 -0.53
0.0342158628774 0.0079614778134 -0.53
0.0334392774239 0.0078462822432 -0.53
0.032677722582 0.0076555226859 -0.53
0.0319385325411 0.0073910362601 -0.53
0.0312288261054 0.0070553701148 -0.53
0.0305554381358 0.0066517568984 -0.53
0.0299248537267 0.0061840836269 -0.53
0.0293431457505 0.0056568542495 -0.53
0.0288159163731 0.0050751462733 -0.53
0.0283482431016 0.0044445618642 -0.53
0.0279446298852 0.0037711738946 -0.53
0.0276089637399 0.0030614674589 -0.53
0.0273444773141 0.002322277418 -0.53
0.0271537177568 0.0015607225761 -0.53
0.0270385221866 0.0007841371226 -0.53
0.027 0 -0.53
0.0270385221866 -0.0007841371226 -0.53
0.0271537177568 -0.0015607225761 -0.53
0.0273444773141 -0.002322277418 -0.53
0.0276089637399 -0.0030614674589 -0.53
0.0279446298852 -0.0037711738946 -0.53
0.0283482431016 -0.0044445618642 -0.53
0.0288159163731 -0.0050751462733 -0.53
0.0293431457505 -0.0056568542495 -0.53
0.0299248537267 -0.0061840836269 -0.53
0.0305554381358 -0.0066517568984 -0.53
0.0312288261054 -0.0070553701148 -0.53
0.0319385325411 -0.0073910362601 -0.53
0.032677722582 -0.0076555226859 -0.53
0.0334392774239 -0.0078462822432 -0.53
0.0342158628774 -0.0079614778134 -0.53
0.035 -0.008 -0.53
0.0357841371226 -0.0079614778134 -0.53
0.0365607225761 -0.0078462822432 -0.53
0.037322277418 -0.0076555226859 -0.53
0.0380614674589 -0.0073910362601 -0.53
0.0387711738946 -0.0070553701148 -0.53
0.0394445618642 -0.0066517568984 -0.53
0.0400751462733 -0.0061840836269 -0.53
0.0406568542495 -0.0056568542495 -0.53
0.0411840836269 -0.0050751462733 -0.53
0.0416517568984 -0.0044445618642 -0.53
0.0420553701148 -0.0037711738946 -0.53
0.0423910362601 -0.0030614674589 -0.53
0.0426555226859 -0.002322277418 -0.53
0.0428462822432 -0.0015607225761 -0.53
0.0429614778134 -0.0007841371226 -0.53
-0.027 0 -0.53
-0.0270385221866 0.0007841371226 -0.53
-0.0271537177568 0.0015607225761 -0.53
-0.0273444773141 0.002322277418 -0.53
-0.0276089637399 0.0030614674589 -0.53
-0.0279446298852 0.0037711738946 -0.53
-0.0283482431016 0.0044445618642 -0.53
-0.0288159163731 0.0050751462733 -0.53
-0.0293431457505 0.0056568542495 -0.53
-0.0299248537267 0.0061840836269 -0.53
-0.0305554381358 0.0066517568984 -0.53
-0.0312288261054 0.0070553701148 -0.53
-0.0319385325411 0.0073910362601 -0.53
-0.032677722582 0.0076555226859 -0.53
-0.0334392774239 0.0078462822432 -0.53
-0.0342158628774 0.0079614778134 -0.53
-0.035 0.008 -0.53
-0.0357841371226 0.0079614778134 -0.53
-0.0365607225761 0.0078462822432 -0.53
-0.037322277418 0.0076555226859 -0.53
-0.0380614674589 0.0073910362601 -0.53
-0.0387711738946 0.0070553701148 -0.53
-0.0394445618642 0.0066517568984 -0.53
-0.0400751462733 0.0061840836269 -0.53
-0.0406568542495 0.0056568542495 -0.53
-0.0411840836269 0.0050751462733 -0.53
-0.0416517568984 0.0044445618642 -0.53
-0.0420553701148 0.0037711738946 -0.53
-0.0423910362601 0.0030614674589 -0.53
-0.0426555226859 0.002322277418 -0.53
-0.0428462822432 0.0015607225761 -0.53
-0.0429614778134 0.0007841371226 -0.53
-0.043 0 -0.53
-0.0429614778134 -0.0007841371226 -0.53
-0.0428462822432 -0.0015607225761 -0.53
-0.0426555226859 -0.002322277418 -0.53
-0.0423910362601 -0.0030614674589 -0.53
-0.0420553701148 -0.0037711738946 -0.53
-0.0416517568984 -0.0044445618642 -0.53
-0.0411840836269 -0.0050751462733 -0.53
-0.0406568542495 -0.0056568542495 -0.53
-0.0400751462733 -0.0061840836269 -0.53
-0.0394445618642 -0.0066517568984 -0.53
-0.0387711738946 -0.0070553701148 -0.53
-0.0380614674589 -0.0073910362601 -0.53
-0.037322277418 -0.0076555226859 -0.53
-0.0365607225761 -0.0078462822432 -0.53
-0.0357841371226 -0.0079614778134 -0.53
-0.035 -0.008 -0.53
-0.0342158628774 -0.0079614778134 -0.53
-0.0334392774239 -0.0078462822432 -0.53
-0.032677722582 -0.0076555226859 -0.53
-0.0319385325411 -0.0073910362601 -0.53
-0.0312288261054 -0.0070553701148 -0.53
-0.0305554381358 -0.0066517568984 -0.53
-0.0299248537267 -0.0061840836269 -0.53
-0.0293431457505 -0.0056568542495 -0.53
-0.0288159163731 -0.0050751462733 -0.53
-0.0283482431016 -0.0044445618642 -0.53
-0.0279446298852 -0.0037711738946 -0.53
-0.0276089637399 -0.0030614674589 -0.53
-0.0273444773141 -0.002322277418 -0.53
-0.0271537177568 -0.0015607225761 -0.53
-0.0270385221866 -0.0007841371226 -0.53
0.043 0 -0.54
0.0429614778134 0.0007841371226 -0.54
0.0428462822432 0.0015607225761 -0.54
0.0426555226859 0.002322277418 -0.54
0.0423910362601 0.0030614674589 -0.54
0.0420553701148 0.0037711738946 -0.54
0.0416517568984 0.0044445618642 -0.54
0.0411840836269 0.0050751462733 -0.54
0.0406568542495 0.0056568542495 -0.54
0.0400751462733 0.0061840836269 -0.54
0.0394445618642 0.0066517568984 -0.54
0.0387711738946 0.0070553701148 -0.54
0.0380614674589 0.0073910362601 -0.54
0.037322277418 0.0076555226859 -0.54
0.0365607225761 0.0078462822432 -0.54
0.0357841371226 0.0079614778134 -0.54
0.035 0.008 -0.54
0.0342158628774 0.0079614778134 -0.54
0.0334392774239 0.0078462822432 -0.54
0.032677722582 0.0076555226859 -0.54
0.0319385325411 0.0073910362601 -0.54
0.0312288261054 0.0070553701148 -0.54
0.0305554381358 0.0066517568984 -0.54
0.0299248537267 0.0061840836269 -0.54
0.0293431457505 0.0056568542495 -0.54
0.0288159163731 0.0050751462733 -0.54
0.0283482431016 0.0044445618642 -0.54
0.0279446298852 0.0037711738946 -0.54
0.0276089637399 0.0030614674589 -0.54
0.0273444773141 0.002322277418 -0.54
0.0271537177568 0.0015607225761 -0.54
0.0270385221866 0.0007841371226 -0.54
0.027 0 -0.54
0.0270385221866 -0.0007841371226 -0.54
0.0271537177568 -0.0015607225761 -0.54
0.0273444773141 -0.002322277418 -0.54
0.0276089637399 -0.0030614674589 -0.54
0.0279446298852 -0.0037711738946 -0.54
0.0283482431016 -0.0044445618642 -0.54
0.0288159163731 -0.0050751462733 -0.54
0.0293431457505 -0.0056568542495 -0.54
0.0299248537267 -0.0061840836269 -0.54
0.0305554381358 -0.0066517568984 -0.54
0.0312288261054 -0.0070553701148 -0.54
0.0319385325411 -0.0073910362601 -0.54
0.032677722582 -0.0076555226859 -0.54
0.0334392774239 -0.0078462822432 -0.54
0.0342158628774 -0.0079614778134 -0.54
0.035 -0.008 -0.54
0.0357841371226 -0.0079614778134 -0.54
0.0365607225761 -0.0078462822432 -0.54
0.037322277418 -0.0076555226859 -0.54
0.0380614674589 -0.0073910362601 -0.54
0.0387711738946 -0.0070553701148 -0.54
0.0394445618642 -0.0066517568984 -0.54
0.0400751462733 -0.0061840836269 -0.54
0.0406568542495 -0.0056568542495 -0.54
0.0411840836269 -0.0050751462733 -0.54
0.0416517568984 -0.0044445618642 -0.54
0.0420553701148 -0.0037711738946 -0.54
0.0423910362601 -0.0030614674589 -0.54
0.0426555226859 -0.002322277418 -0.54
0.0428462822432 -0.0015607225761 -0.54
0.0429614778134 -0.0007841371226 -0.54
0.035 0 -0.54
-0.027 0 -0.54
-0.0270385221866 0.0007841371226 -0.54
-0.0271537177568 0.0015607225761 -0.54
-0.0273444773141 0.002322277418 -0.54
-0.0276089637399 0.0030614674589 -0.54
-0.0279446298852 0.0037711738946 -0.54
-0.0283482431016 0.0044445618642 -0.54
-0.0288159163731 0.0050751462733 -0.54
-0.0293431457505 0.0056568542495 -0.54
-0.0299248537267 0.0061840836269 -0.54
-0.0305554381358 0.0066517568984 -0.54
-0.0312288261054 0.0070553701148 -0.54
-0.0319385325411 0.0073910362601 -0.54
-0.032677722582 0.0076555226859 -0.54
-0.0334392774239 0.0078462822432 -0.54
-0.0342158628774 0.0079614778134 -0.54
-0.035 0.008 -0.54
-0.0357841371226 0.0079614778134 -0.54
-0.0365607225761 0.0078462822432 -0.54
-0.037322277418 0.0076555226859 -0.54
-0.0380614674589 0.0073910362601 -0.54
-0.0387711738946 0.0070553701148 -0.54
-0.0394445618642 0.0066517568984 -0.54
-0.0400751462733 0.0061840836269 -0.54
-0.0406568542495 0.0056568542495 -0.54
-0.0411840836269 0.0050751462733 -0.54
-0.0416517568984 0.0044445618642 -0.54
-0.0420553701148 0.0037711738946 -0.54
-0.0423910362601 0.0030614674589 -0.54
-0.0426555226859 0.002322277418 -0.54
-0.0428462822432 0.0015607225761 -0.54
-0.0429614778134 0.0007841371226 -0.54
-0.043 0 -0.54
-0.0429614778134 -0.0007841371226 -0.54
-0.0428462822432 -0.0015607225761 -0.54
-0.0426555226859 -0.002322277418 -0.54
-0.0423910362601 -0.0030614674589 -0.54
-0.0420553701148 -0.0037711738946 -0.54
-0.0416517568984 -0.0044445618642 -0.54
-0.0411840836269 -0.0050751462733 -0.54
-0.0406568542495 -0.0056568542495 -0.54
-0.0400751462733 -0.0061840836269 -0.54
-0.0394445618642 -0.0066517568984 -0.54
-0.0387711738946 -0.0070553701148 -0.54
-0.0380614674589 -0.0073910362601 -0.54
-0.037322277418 -0.0076555226859 -0.54
-0.0365607225761 -0.0078462822432 -0.54
-0.0357841371226 -0.0079614778134 -0.54
-0.035 -0.008 -0.54
-0.0342158628774 -0.0079614778134 -0.54
-0.0334392774239 -0.0078462822432 -0.54
-0.032677722582 -0.0076555226859 -0.54
-0.0319385325411 -0.0073910362601 -0.54
-0.0312288261054 -0.0070553701148 -0.54
-0.0305554381358 -0.0066517568984 -0.54
-0.0299248537267 -0.0061840836269 -0.54
-0.0293431457505 -0.0056568542495 -0.54
-0.0288159163731 -0.0050751462733 -0.54
-0.0283482431016 -0.0044445618642 -0.54
-0.0279446298852 -0.0037711738946 -0.54
-0.0276089637399 -0.0030614674589 -0.54
-0.0273444773141 -0.002322277418 -0.54
-0.0271537177568 -0.0015607225761 -0.54
-0.0270385221866 -0.0007841371226 -0.54
-0.035 0 -0.54
POLYGONS 5386 21544
3 0 1 193
3 0 193 192
3 1 2 194
3 1 194 193
3 2 3 195
3 2 195 194
3 3 4 196
3 3 196 195
3 4 5 197
3 4 197 196
3 5 6 198
3 5 198 197
3 6 7 199
3 6 199 198
3 7 8 200
3 7 200 199
3 8 9 201
3 8 201 200
3 9 10 202
3 9 202 201
3 10 11 203
3 10 203 202
3 11 12 204
3 11 204 203
3 12 13 205
3 12 205 204
3 13 14 206
3 13 206 205
3 14 15 207
3 14 207 206
3 15 16 208
3 15 208 207
3 16 17 209
3 16 209 208
3 17 18 210
3 17 210 209
3 18 19 211
3 18 211 210
3 19 20 212
3 19 212 211
3 20 21 213
3 20 213 212
3 21 22 214
3 21 214 213
3 22 23 215
3 22 215 214
3 23 24 216
3 23 216 215
3 24 25 217
3 24 217 216
3 25 26 218
3 25 218 217
3 26 27 219
3 26 219 218
3 27 28 220
3 27 220 219
3 28 29 221
3 28 221 220
3 29 30 222
3 29 222 221
3 30 31 223
3 30 223 222
3 31 32 224
3 31 224 223
3 32 33 225
3 32 225 224
3 33 34 226
3 33 226 225
3 34 35 227
3 34 227 226
3 35 36 228
3 35 228 227
3 36 37 229
3 36 229 228
3 37 38 230
3 37 230 229
3 38 39 231
3 38 231 230
3 39 40 232
3 39 232 231
3 40 41 233
3 40 233 232
3 41 42 234
3 41 234 233
3 42 43 235
3 42 235 234
3 43 44 236
3 43 236 235
3 44 45 237
3 44 237 236
3 45 46 238
3 45 238 237
3 46 47 239
3 46 239 238
3 47 48 240
3 47 240 239
3 48 49 241
3 48 241 240
3 49 50 242
3 49 242 241
3 50 51 243
3 50 243 242
3 51 52 244
3 51 244 243
3 52 53 245
3 52 245 244
3 53 54 246
3 53 246 245
3 54 55 247
3 54 247 246
3 55 56 248
3 55 248 247
3 56 57 249
3 56 249 248
3 57 58 250
3 57 250 249
3 58 59 251
3 58 251 250
3 59 60 252
3 59 252 251
3 60 61 253
3 60 253 252
3 61 62 254
3 61 254 253
3 62 63 255
3 62 255 254
3 63 64 256
3 63 256 255
3 64 65 257
3 64 257 256
3 65 66 258
3 65 258 257
3 66 67 259
3 66 259 258
3 67 68 260
3 67 260 259
3 68 69 261
3 68 261 260
3 69 70 262
3 69 262 261
3 70 71 263
3 70 263 262
3 71 72 264
3 71 264 263
3 72 73 265
3 72 265 264
3 73 74 266
3 73 266 265
3 74 75 267
3 74 267 266
3 75 76 268
3 75 268 267
3 76 77 269
3 76 269 268
3 77 78 270
3 77 270 269
3 78 79 271
3 78 271 270
3 79 80 272
3 79 272 271
3 80 81 273
3 80 273 272
3 81 82 274
3 81 274 273
3 82 83 275
3 82 275 274
3 83 84 276
3 83 276 275
3 84 85 277
3 84 277 276
3 85 86 278
3 85 278 277
3 86 87 279
3 86 279 278
3 87 88 280
3 87 280 279
3 88 89 281
3 88 281 280
3 89 90 282
3 89 282 281
3 90 91 283
3 90 283 282
3 91 92 284
3 91 284 283
3 92 93 285
3 92 285 284
3 93 94 286
3 93 286 285
3 94 95 287
3 94 287 286
3 95 96 288
3 95 288 287
3 96 97 289
3 96 289 288
3 97 98 290
3 97 290 289
3 98 99 291
3 98 291 290
3 99 100 292
3 99 292 291
3 100 101 293
3 100 293 292
3 101 102 294
3 101 294 293
3 102 103 295
3 102 295 294
3 103 104 296
3 103 296 295
3 104 105 297
3 104 297 296
3 105 106 298
3 105 298 297
3 106 107 299
3 106 299 298
3 107 108 300
3 107 300 299
3 108 109 301
3 108 301 300
3 109 110 302
3 109 302 301
3 110 111 303
3 110 303 302
3 111 112 304
3 111 304 303
3 112 113 305
3 112 305 304
3 113 114 306
3 113 306 305
3 114 115 307
3 114 307 306
3 115 116 308
3 115 308 307
3 116 117 309
3 116 309 308
3 117 118 310
3 117 310 309
3 118 119 311
3 118 311 310
3 119 120 312
3 119 312 311
3 120 121 313
3 120 313 312
3 121 122 314
3 121 314 313
3 122 123 315
3 122 315 314
3 123 124 316
3 123 316 315
3 124 125 317
3 124 317 316
3 125 126 318
3 125 318 317
3 126 127 319
3 126 319 318
3 127 128 320
3 127 320 319
3 128 129 321
3 128 321 320
3 129 130 322
3 129 322 321
3 130 131 323
3 130 323 322
3 131 132 324
3 131 324 323
3 132 133 325
3 132 325 324
3 133 134 326
3 133 326 325
3 134 135 327
3 134 327 326
3 135 136 328
3 135 328 327
3 136 137 329
3 136 329 328
3 137 138 330
3 137 330 329
3 138 139 331
3 138 331 330
3 139 140 332
3 139 332 331
3 140 141 333
3 140 333 332
3 141 142 334
3 141 334 333
3 142 143 335
3 142 335 334
3 143 144 336
3 143 336 335
3 144 145 337
3 144 337 336
3 145 146 338
3 145 338 337
3 146 147 339
3 146 339 338
3 147 148 340
3 147 340 339
3 148 149 341
3 148 341 340
3 149 150 342
3 149 342 341
3 150 151 343
3 150 343 342
3 151 152 344
3 151 344 343
3 152 153 345
3 152 345 344
3 153 154 346
3 153 346 345
3 154 155 347
3 154 347 346
3 155 156 348
3 155 348 347
3 156 157 349
3 156 349 348
3 157 158 350
3 157 350 349
3 158 159 351
3 158 351 350
3 159 160 352
3 159 352 351
3 160 161 353
3 160 353 352
3 161 162 354
3 161 354 353
3 162 163 355
3 162 355 354
3 163 164 356
3 163 356 355
3 164 165 357
3 164 357 356
3 165 166 358
3 165 358 357
3 166 167 359
3 166 359 358
3 167 168 360
3 167 360 359
3 168 169 361
3 168 361 360
3 169 170 362
3 169 362 361
3 170 171 363
3 170 363 362
3 171 172 364
3 171 364 363
3 172 173 365
3 172 365 364
3 173 174 366
3 173 366 365
3 174 175 367
3 174 367 366
3 175 176 368
3 175 368 367
3 176 177 369
3 176 369 368
3 177 178 370
3 177 370 369
3 178 179 371
3 178 371 370
3 179 180 372
3 179 372 371
3 180 181 373
3 180 373 372
3 181 182 374
3 181 374 373
3 182 183 375
3 182 375 374
3 183 184 376
3 183 376 375
3 184 185 377
3 184 377 376
3 185 186 378
3 185 378 377
3 186 187 379
3 186 379 378
3 187 188 380
3 187 380 379
3 188 189 381
3 188 381 380
3 189 190 382
3 189 382 381
3 190 191 383
3 190 383 382
3 191 0 192
3 191 192 383
3 384 385 1
3 384 1 0
3 385 386 2
3 385 2 1
3 386 387 3
3 386 3 2
3 387 388 4
3 387 4 3
3 388 389 5
3 388 5 4
3 389 390 6
3 389 6 5
3 390 391 7
3 390 7 6
3 391 392 8
3 391 8 7
3 392 393 9
3 392 9 8
3 393 394 10
3 393 10 9
3 394 395 11
3 394 11 10
3 395 396 12
3 395 12 11
3 396 397 13
3 396 13 12
3 397 398 14
3 397 14 13
3 398 399 15
3 398 15 14
3 399 400 16
3 399 16 15
3 400 401 17
3 400 17 16
3 401 402 18
3 401 18 17
3 402 403 19
3 402 19 18
3 403 404 20
3 403 20 19
3 404 405 21
3 404 21 20
3 405 406 22
3 405 22 21
3 406 407 23
3 406 23 22
3 407 408 24
3 407 24 23
3 408 409 25
3 408 25 24
3 409 410 26
3 409 26 25
3 410 411 27
3 410 27 26
3 411 412 28
3 411 28 27
3 412 413 29
3 412 29 28
3 413 414 30
3 413 30 29
3 414 415 31
3 414 31 30
3 415 416 32
3 415 32 31
3 416 417 33
3 416 33 32
3 417 418 34
3 417 34 33
3 418 419 35
3 418 35 34
3 419 420 36
3 419 36 35
3 420 421 37
3 420 37 36
3 421 422 38
3 421 38 37
3 422 423 39
3 422 39 38
3 423 424 40
3 423 40 39
3 424 425 41
3 424 41 40
3 425 426 42
3 425 42 41
3 426 427 43
3 426 43 42
3 427 428 44
3 427 44 43
3 428 429 45
3 428 45 44
3 429 430 46
3 429 46 45
3 430 431 47
3 430 47 46
3 431 432 48
3 431 48 47
3 432 433 49
3 432 49 48
3 433 434 50
3 433 50 49
3 434 435 51
3 434 51 50
3 435 436 52
3 435 52 51
3 436 437 53
3 436 53 52
3 437 438 54
3 437 54 53
3 438 439 55
3 438 55 54
3 439 440 56
3 439 56 55
3 440 441 57
3 440 57 56
3 441 442 58
3 441 58 57
3 442 443 59
3 442 59 58
3 443 444 60
3 443 60 59
3 444 445 61
3 444 61 60
3 445 446 62
3 445 62 61
3 446 447 63
3 446 63 62
3 447 448 64
3 447 64 63
3 448 449 65
3 448 65 64
3 449 450 66
3 449 66 65
3 450 451 67
3 450 67 66
3 451 452 68
3 451 68 67
3 452 453 69
3 452 69 68
3 453 454 70
3 453 70 69
3 454 455 71
3 454 71 70
3 455 456 72
3 455 72 71
3 456 457 73
3 456 73 72
3 457 458 74
3 457 74 73
3 458 459 75
3 458 75 74
3 459 460 76
3 459 76 75
3 460 461 77
3 460 77 76
3 461 462 78
3 461 78 77
3 462 463 79
3 462 79 78
3 463 464 80
3 463 80 79
3 464 465 81
3 464 81 80
3 465 466 82
3 465 82 81
3 466 467 83
3 466 83 82
3 467 468 84
3 467 84 83
3 468 469 85
3 468 85 84
3 469 470 86
3 469 86 85
3 470 471 87
3 470 87 86
3 471 472 88
3 471 88 87
3 472 473 89
3 472 89 88
3 473 474 90
3 473 90 89
3 474 475 91
3 474 91 90
3 475 476 92
3 475 92 91
3 476 477 93
3 476 93 92
3 477 478 94
3 477 94 93
3 478 479 95
3 478 95 94
3 479 480 96
3 479 96 95
3 480 481 97
3 480 97 96
3 481 482 98
3 481 98 97
3 482 483 99
3 482 99 98
3 483 484 100
3 483 100 99
3 484 485 101
3 484 101 100
3 485 486 102
3 485 102 101
3 486 487 103
3 486 103 102
3 487 488 104
3 487 104 103
3 488 489 105
3 488 105 104
3 489 490 106
3 489 106 105
3 490 491 107
3 490 107 106
3 491 492 108
3 491 108 107
3 492 493 109
3 492 109 108
3 493 494 110
3 493 110 109
3 494 495 111
3 494 111 110
3 495 496 112
3 495 112 111
3 496 497 113
3 496 113 112
3 497 498 114
3 497 114 113
3 498 499 115
3 498 115 114
3 499 500 116
3 499 116 115
3 500 501 117
3 500 117 116
3 501 502 118
3 501 118 117
3 502 503 119
3 502 119 118
3 503 504 120
3 503 120 119
3 504 505 121
3 504 121 120
3 505 506 122
3 505 122 121
3 506 507 123
3 506 123 122
3 507 508 124
3 507 124 123
3 508 509 125
3 508 125 124
3 509 510 126
3 509 126 125
3 510 511 127
3 510 127 126
3 511 512 128
3 511 128 127
3 512 513 129
3 512 129 128
3 513 514 130
3 513 130 129
3 514 515 131
3 514 131 130
3 515 516 132
3 515 132 131
3 516 517 133
3 516 133 132
3 517 518 134
3 517 134 133
3 518 519 135
3 518 135 134
3 519 520 136
3 519 136 135
3 520 521 137
3 520 137 136
3 521 522 138
3 521 138 137
3 522 523 139
3 522 139 138
3 523 524 140
3 523 140 139
3 524 525 141
3 524 141 140
3 525 526 142
3 525 142 141
3 526 527 143
3 526 143 142
3 527 528 144
3 527 144 143
3 528 529 145
3 528 145 144
3 529 530 146
3 529 146 145
3 530 531 147
3 530 147 146
3 531 532 148
3 531 148 147
3 532 533 149
3 532 149 148
3 533 534 150
3 533 150 149
3 534 535 151
3 534 151 150
3 535 536 152
3 535 152 151
3 536 537 153
3 536 153 152
3 537 538 154
3 537 154 153
3 538 539 155
3 538 155 154
3 539 540 156
3 539 156 155
3 540 541 157
3 540 157 156
3 541 542 158
3 541 158 157
3 542 543 159
3 542 159 158
3 543 544 160
3 543 160 159
3 544 545 161
3 544 161 160
3 545 546 162
3 545 162 161
3 546 547 163
3 546 163 162
3 547 548 164
3 547 164 163
3 548 549 165
3 548 165 164
3 549 550 166
3 549 166 165
3 550 551 167
3 550 167 166
3 551 552 168
3 551 168 167
3 552 553 169
3 552 169 168
3 553 554 170
3 553 170 169
3 554 555 171
3 554 171 170
3 555 556 172
3 555 172 171
3 556 557 173
3 556 173 172
3 557 558 174
3 557 174 173
3 558 559 175
3 558 175 174
3 559 560 176
3 559 176 175
3 560 561 177
3 560 177 176
3 561 562 178
3 561 178 177
3 562 563 179
3 562 179 178
3 563 564 180
3 563 180 179
3 564 565 181
3 564 181 180
3 565 566 182
3 565 182 181
3 566 567 183
3 566 183 182
3 567 568 184
3 567 184 183
3 568 569 185
3 568 185 184
3 569 570 186
3 569 186 185
3 570 571 187
3 570 187 186
3 571 572 188
3 571 188 187
3 572 573 189
3 572 189 188
3 573 574 190
3 573 190 189
3 574 575 191
3 574 191 190
3 575 384 0
3 575 0 191
3 621 620 362
3 621 362 363
3 594 212 595
3 639 383 192
3 213 595 212
3 747 297 298
3 306 307 754
3 288 735 287
3 278 279 725
3 265 716 264
3 673 257 258
3 378 633 632
3 373 374 628
3 378 632 377
3 377 632 631
3 628 374 629
3 374 375 629
3 361 362 620
3 620 360 361
3 621 363 364
3 215 216 596
3 637 381 382
3 576 639 192
3 192 577 576
3 193 577 192
3 194 579 578
3 578 193 194
3 577 193 578
3 195 579 194
3 201 202 587
3 215 596 214
3 595 213 214
3 214 596 595
3 211 212 594
3 594 210 211
3 337 817 336
3 241 657 240
3 815 335 336
3 299 300 749
3 297 747 746
3 756 310 311
3 311 312 756
3 754 307 308
3 755 310 756
3 755 309 310
3 754 308 755
3 755 308 309
3 753 306 754
3 305 306 753
3 799 318 319
3 805 326 327
3 290 738 289
3 743 293 294
3 728 281 282
3 266 716 265
3 258 259 674
3 674 673 258
3 259 260 674
3 257 673 256
3 379 633 378
3 376 377 631
3 630 629 375
3 630 376 631
3 375 376 630
3 370 625 369
3 623 367 368
3 623 366 367
3 626 370 371
3 626 625 370
3 371 372 626
3 638 637 382
3 382 383 638
3 383 639 638
3 381 637 636
3 635 380 636
3 380 381 636
3 585 199 200
3 197 582 196
3 583 197 198
3 582 197 583
3 196 582 581
3 633 379 634
3 634 380 635
3 634 379 380
3 201 587 586
3 586 200 201
3 585 200 586
3 588 202 203
3 588 587 202
3 208 592 207
3 593 208 209
3 593 592 208
3 593 210 594
3 209 210 593
3 345 346 827
3 352 768 351
3 769 352 353
3 769 768 352
3 353 354 769
3 830 349 350
3 348 349 830
3 645 230 231
3 231 646 645
3 334 335 814
3 335 815 814
3 336 817 816
3 816 815 336
3 748 747 298
3 298 299 748
3 748 299 749
3 745 295 296
3 296 746 745
3 297 746 296
3 740 291 292
3 305 753 304
3 751 302 303
3 800 321 801
3 798 317 318
3 318 799 798
3 316 317 798
3 801 321 322
3 328 329 807
3 806 805 327
3 327 328 806
3 806 328 807
3 804 325 326
3 326 805 804
3 723 276 277
3 273 721 720
3 720 272 273
3 283 284 730
3 734 733 286
3 734 287 735
3 286 287 734
3 729 728 282
3 282 283 729
3 729 283 730
3 725 279 726
3 279 280 726
3 727 280 281
3 281 728 727
3 727 726 280
3 675 260 261
3 675 674 260
3 261 262 675
3 255 256 672
3 672 256 673
3 253 670 252
3 242 243 659
3 624 623 368
3 368 369 624
3 624 369 625
3 621 364 622
3 622 364 365
3 365 366 622
3 366 623 622
3 627 626 372
3 627 373 628
3 372 373 627
3 580 195 196
3 196 581 580
3 579 195 580
3 584 199 585
3 198 199 584
3 584 583 198
3 203 204 589
3 589 588 203
3 206 207 591
3 591 207 592
3 825 343 344
3 341 822 340
3 823 341 342
3 822 341 823
3 818 337 338
3 817 337 818
3 820 339 340
3 345 827 826
3 826 344 345
3 825 344 826
3 350 351 831
3 831 351 768
3 831 830 350
3 354 355 770
3 770 769 354
3 770 355 356
3 232 646 231
3 236 650 235
3 234 235 649
3 649 235 650
3 236 237 652
3 222 223 703
3 703 223 224
3 744 295 745
3 294 295 744
3 744 743 294
3 288 289 737
3 737 289 738
3 290 291 739
3 291 740 739
3 739 738 290
3 752 304 753
3 303 304 752
3 752 751 303
3 301 302 750
3 302 751 750
3 750 300 301
3 749 300 750
3 321 800 320
3 320 799 319
3 320 800 799
3 797 315 316
3 316 798 797
3 797 314 315
3 324 325 803
3 325 804 803
3 724 723 277
3 277 278 724
3 724 278 725
3 274 721 273
3 721 274 722
3 722 274 275
3 276 723 722
3 722 275 276
3 719 270 271
3 271 272 719
3 272 720 719
3 730 284 731
3 284 732 731
3 286 733 285
3 733 732 285
3 285 732 284
3 262 263 676
3 676 675 262
3 676 263 264
3 676 264 716
3 255 672 671
3 252 670 669
3 669 251 252
3 242 659 658
3 658 241 242
3 657 241 658
3 204 205 590
3 590 589 204
3 590 205 206
3 206 591 590
3 340 822 821
3 821 820 340
3 338 339 819
3 339 820 819
3 819 818 338
3 824 343 825
3 342 343 824
3 824 823 342
3 828 827 346
3 346 347 828
3 356 357 771
3 771 770 356
3 357 358 771
3 359 360 772
3 772 358 359
3 772 771 358
3 772 360 620
3 646 232 647
3 647 232 233
3 651 650 236
3 236 652 651
3 653 237 238
3 653 652 237
3 655 239 240
3 216 217 700
3 700 217 218
3 700 596 216
3 641 225 226
3 741 740 292
3 332 810 331
3 736 735 288
3 288 737 736
3 796 312 313
3 313 314 796
3 314 797 796
3 756 312 796
3 332 333 812
3 808 329 330
3 807 329 808
3 801 322 802
3 802 322 323
3 802 323 324
3 324 803 802
3 717 267 268
3 716 266 717
3 717 266 267
3 670 253 254
3 254 671 670
3 255 671 254
3 246 247 664
3 348 830 829
3 829 347 348
3 829 828 347
3 648 647 233
3 648 233 234
3 234 649 648
3 240 657 656
3 656 655 240
3 654 653 238
3 238 239 654
3 239 655 654
3 701 218 219
3 701 700 218
3 219 220 701
3 642 227 228
3 226 227 642
3 642 641 226
3 640 703 224
3 224 225 640
3 225 641 640
3 293 743 742
3 292 293 742
3 742 741 292
3 334 814 813
3 813 333 334
3 813 812 333
3 811 810 332
3 332 812 811
3 809 808 330
3 330 331 809
3 809 331 810
3 718 269 270
3 270 719 718
3 268 269 718
3 718 717 268
3 666 248 249
3 663 245 246
3 246 664 663
3 247 248 665
3 665 664 247
3 248 666 665
3 702 221 222
3 222 703 702
3 702 220 221
3 702 701 220
3 230 645 644
3 644 229 230
3 250 251 668
3 251 669 668
3 244 245 662
3 245 663 662
3 228 229 643
3 229 644 643
3 643 642 228
3 250 668 667
3 249 250 667
3 667 666 249
3 244 662 661
3 660 243 244
3 244 661 660
3 660 659 243
3 608 688 704
3 704 784 608
3 697 696 600
3 600 599 697
3 608 784 609
3 784 783 609
3 687 704 688
3 687 705 704
3 784 704 767
3 767 785 784
3 695 600 696
3 601 600 695
3 760 793 792
3 759 793 760
3 782 609 783
3 610 609 782
3 610 782 611
3 611 782 781
3 791 760 792
3 761 760 791
3 762 790 789
3 762 789 763
3 761 791 762
3 762 791 790
3 616 776 775
3 775 617 616
3 689 688 608
3 608 607 689
3 606 690 689
3 689 607 606
3 763 789 764
3 789 788 764
3 764 788 787
3 787 765 764
3 713 712 680
3 680 679 713
3 714 713 679
3 714 679 678
3 774 619 618
3 773 619 774
3 617 775 774
3 618 617 774
3 758 793 759
3 758 794 793
3 758 757 795
3 795 794 758
3 612 611 781
3 781 780 612
3 601 695 694
3 694 602 601
3 766 765 787
3 787 786 766
3 785 767 766
3 766 786 785
3 605 690 606
3 605 691 690
3 605 604 692
3 692 691 605
3 772 619 773
3 620 619 772
3 795 757 796
3 796 757 756
3 615 776 616
3 615 777 776
3 614 778 615
3 778 777 615
3 613 778 614
3 779 778 613
3 613 612 780
3 613 780 779
3 677 714 678
3 715 714 677
3 677 716 715
3 677 676 716
3 680 712 681
3 712 711 681
3 681 710 682
3 711 710 681
3 697 599 698
3 599 598 698
3 684 707 685
3 708 707 684
3 705 687 706
3 687 686 706
3 685 707 706
3 706 686 685
3 692 604 693
3 604 603 693
3 602 694 693
3 693 603 602
3 596 700 699
3 597 596 699
3 699 698 598
3 699 598 597
3 682 710 683
3 710 709 683
3 708 684 683
3 683 709 708
3 576 577 833
3 576 833 832
3 577 578 834
3 577 834 833
3 578 579 835
3 578 835 834
3 579 580 836
3 579 836 835
3 580 581 837
3 580 837 836
3 581 582 838
3 581 838 837
3 582 583 839
3 582 839 838
3 583 584 840
3 583 840 839
3 584 585 841
3 584 841 840
3 585 586 842
3 585 842 841
3 586 587 843
3 586 843 842
3 587 588 844
3 587 844 843
3 588 589 845
3 588 845 844
3 589 590 846
3 589 846 845
3 590 591 847
3 590 847 846
3 591 592 848
3 591 848 847
3 592 593 849
3 592 849 848
3 593 594 850
3 593 850 849
3 594 595 851
3 594 851 850
3 595 596 852
3 595 852 851
3 596 597 853
3 596 853 852
3 597 598 854
3 597 854 853
3 598 599 855
3 598 855 854
3 599 600 856
3 599 856 855
3 600 601 857
3 600 857 856
3 601 602 858
3 601 858 857
3 602 603 859
3 602 859 858
3 603 604 860
3 603 860 859
3 604 605 861
3 604 861 860
3 605 606 862
3 605 862 861
3 606 607 863
3 606 863 862
3 607 608 864
3 607 864 863
3 608 609 865
3 608 865 864
3 609 610 866
3 609 866 865
3 610 611 867
3 610 867 866
3 611 612 868
3 611 868 867
3 612 613 869
3 612 869 868
3 613 614 870
3 613 870 869
3 614 615 871
3 614 871 870
3 615 616 872
3 615 872 871
3 616 617 873
3 616 873 872
3 617 618 874
3 617 874 873
3 618 619 875
3 618 875 874
3 619 620 876
3 619 876 875
3 620 621 877
3 620 877 876
3 621 622 878
3 621 878 877
3 622 623 879
3 622 879 878
3 623 624 880
3 623 880 879
3 624 625 881
3 624 881 880
3 625 626 882
3 625 882 881
3 626 627 883
3 626 883 882
3 627 628 884
3 627 884 883
3 628 629 885
3 628 885 884
3 629 630 886
3 629 886 885
3 630 631 887
3 630 887 886
3 631 632 888
3 631 888 887
3 632 633 889
3 632 889 888
3 633 634 890
3 633 890 889
3 634 635 891
3 634 891 890
3 635 636 892
3 635 892 891
3 636 637 893
3 636 893 892
3 637 638 894
3 637 894 893
3 638 639 895
3 638 895 894
3 639 576 832
3 639 832 895
3 896 832 833
3 896 833 834
3 896 834 835
3 896 835 836
3 896 836 837
3 896 837 838
3 896 838 839
3 896 839 840
3 896 840 841
3 896 841 842
3 896 842 843
3 896 843 844
3 896 844 845
3 896 845 846
3 896 846 847
3 896 847 848
3 896 848 849
3 896 849 850
3 896 850 851
3 896 851 852
3 896 852 853
3 896 853 854
3 896 854 855
3 896 855 856
3 896 856 857
3 896 857 858
3 896 858 859
3 896 859 860
3 896 860 861
3 896 861 862
3 896 862 863
3 896 863 864
3 896 864 865
3 896 865 866
3 896 866 867
3 896 867 868
3 896 868 869
3 896 869 870
3 896 870 871
3 896 871 872
3 896 872 873
3 896 873 874
3 896 874 875
3 896 875 876
3 896 876 877
3 896 877 878
3 896 878 879
3 896 879 880
3 896 880 881
3 896 881 882
3 896 882 883
3 896 883 884
3 896 884 885
3 896 885 886
3 896 886 887
3 896 887 888
3 896 888 889
3 896 889 890
3 896 890 891
3 896 891 892
3 896 892 893
3 896 893 894
3 896 894 895
3 896 895 832
3 640 641 898
3 640 898 897
3 641 642 899
3 641 899 898
3 642 643 900
3 642 900 899
3 643 644 901
3 643 901 900
3 644 645 902
3 644 902 901
3 645 646 903
3 645 903 902
3 646 647 904
3 646 904 903
3 647 648 905
3 647 905 904
3 648 649 906
3 648 906 905
3 649 650 907
3 649 907 906
3 650 651 908
3 650 908 907
3 651 652 909
3 651 909 908
3 652 653 910
3 652 910 909
3 653 654 911
3 653 911 910
3 654 655 912
3 654 912 911
3 655 656 913
3 655 913 912
3 656 657 914
3 656 914 913
3 657 658 915
3 657 915 914
3 658 659 916
3 658 916 915
3 659 660 917
3 659 917 916
3 660 661 918
3 660 918 917
3 661 662 919
3 661 919 918
3 662 663 920
3 662 920 919
3 663 664 921
3 663 921 920
3 664 665 922
3 664 922 921
3 665 666 923
3 665 923 922
3 666 667 924
3 666 924 923
3 667 668 925
3 667 925 924
3 668 669 926
3 668 926 925
3 669 670 927
3 669 927 926
3 670 671 928
3 670 928 927
3 671 672 929
3 671 929 928
3 672 673 930
3 672 930 929
3 673 674 931
3 673 931 930
3 674 675 932
3 674 932 931
3 675 676 933
3 675 933 932
3 676 677 934
3 676 934 933
3 677 678 935
3 677 935 934
3 678 679 936
3 678 936 935
3 679 680 937
3 679 937 936
3 680 681 938
3 680 938 937
3 681 682 939
3 681 939 938
3 682 683 940
3 682 940 939
3 683 684 941
3 683 941 940
3 684 685 942
3 684 942 941
3 685 686 943
3 685 943 942
3 686 687 944
3 686 944 943
3 687 688 945
3 687 945 944
3 688 689 946
3 688 946 945
3 689 690 947
3 689 947 946
3 690 691 948
3 690 948 947
3 691 692 949
3 691 949 948
3 692 693 950
3 692 950 949
3 693 694 951
3 693 951 950
3 694 695 952
3 694 952 951
3 695 696 953
3 695 953 952
3 696 697 954
3 696 954 953
3 697 698 955
3 697 955 954
3 698 699 956
3 698 956 955
3 699 700 957
3 699 957 956
3 700 701 958
3 700 958 957
3 701 702 959
3 701 959 958
3 702 703 960
3 702 960 959
3 703 640 897
3 703 897 960
3 961 897 898
3 961 898 899
3 961 899 900
3 961 900 901
3 961 901 902
3 961 902 903
3 961 903 904
3 961 904 905
3 961 905 906
3 961 906 907
3 961 907 908
3 961 908 909
3 961 909 910
3 961 910 911
3 961 911 912
3 961 912 913
3 961 913 914
3 961 914 915
3 961 915 916
3 961 916 917
3 961 917 918
3 961 918 919
3 961 919 920
3 961 920 921
3 961 921 922
3 961 922 923
3 961 923 924
3 961 924 925
3 961 925 926
3 961 926 927
3 961 927 928
3 961 928 929
3 961 929 930
3 961 930 931
3 961 931 932
3 961 932 933
3 961 933 934
3 961 934 935
3 961 935 936
3 961 936 937
3 961 937 938
3 961 938 939
3 961 939 940
3 961 940 941
3 961 941 942
3 961 942 943
3 961 943 944
3 961 944 945
3 961 945 946
3 961 946 947
3 961 947 948
3 961 948 949
3 961 949 950
3 961 950 951
3 961 951 952
3 961 952 953
3 961 953 954
3 961 954 955
3 961 955 956
3 961 956 957
3 961 957 958
3 961 958 959
3 961 959 960
3 961 960 897
3 704 705 963
3 704 963 962
3 705 706 964
3 705 964 963
3 706 707 965
3 706 965 964
3 707 708 966
3 707 966 965
3 708 709 967
3 708 967 966
3 709 710 968
3 709 968 967
3 710 711 969
3 710 969 968
3 711 712 970
3 711 970 969
3 712 713 971
3 712 971 970
3 713 714 972
3 713 972 971
3 714 715 973
3 714 973 972
3 715 716 974
3 715 974 973
3 716 717 975
3 716 975 974
3 717 718 976
3 717 976 975
3 718 719 977
3 718 977 976
3 719 720 978
3 719 978 977
3 720 721 979
3 720 979 978
3 721 722 980
3 721 980 979
3 722 723 981
3 722 981 980
3 723 724 982
3 723 982 981
3 724 725 983
3 724 983 982
3 725 726 984
3 725 984 983
3 726 727 985
3 726 985 984
3 727 728 986
3 727 986 985
3 728 729 987
3 728 987 986
3 729 730 988
3 729 988 987
3 730 731 989
3 730 989 988
3 731 732 990
3 731 990 989
3 732 733 991
3 732 991 990
3 733 734 992
3 733 992 991
3 734 735 993
3 734 993 992
3 735 736 994
3 735 994 993
3 736 737 995
3 736 995 994
3 737 738 996
3 737 996 995
3 738 739 997
3 738 997 996
3 739 740 998
3 739 998 997
3 740 741 999
3 740 999 998
3 741 742 1000
3 741 1000 999
3 742 743 1001
3 742 1001 1000
3 743 744 1002
3 743 1002 1001
3 744 745 1003
3 744 1003 1002
3 745 746 1004
3 745 1004 1003
3 746 747 1005
3 746 1005 1004
3 747 748 1006
3 747 1006 1005
3 748 749 1007
3 748 1007 1006
3 749 750 1008
3 749 1008 1007
3 750 751 1009
3 750 1009 1008
3 751 752 1010
3 751 1010 1009
3 752 753 1011
3 752 1011 1010
3 753 754 1012
3 753 1012 1011
3 754 755 1013
3 754 1013 1012
3 755 756 1014
3 755 1014 1013
3 756 757 1015
3 756 1015 1014
3 757 758 1016
3 757 1016 1015
3 758 759 1017
3 758 1017 1016
3 759 760 1018
3 759 1018 1017
3 760 761 1019
3 760 1019 1018
3 761 762 1020
3 761 1020 1019
3 762 763 1021
3 762 1021 1020
3 763 764 1022
3 763 1022 1021
3 764 765 1023
3 764 1023 1022
3 765 766 1024
3 765 1024 1023
3 766 767 1025
3 766 1025 1024
3 767 704 962
3 767 962 1025
3 1026 962 963
3 1026 963 964
3 1026 964 965
3 1026 965 966
3 1026 966 967
3 1026 967 968
3 1026 968 969
3 1026 969 970
3 1026 970 971
3 1026 971 972
3 1026 972 973
3 1026 973 974
3 1026 974 975
3 1026 975 976
3 1026 976 977
3 1026 977 978
3 1026 978 979
3 1026 979 980
3 1026 980 981
3 1026 981 982
3 1026 982 983
3 1026 983 984
3 1026 984 985
3 1026 985 986
3 1026 986 987
3 1026 987 988
3 1026 988 989
3 1026 989 990
3 1026 990 991
3 1026 991 992
3 1026 992 993
3 1026 993 994
3 1026 994 995
3 1026 995 996
3 1026 996 997
3 1026 997 998
3 1026 998 999
3 1026 999 1000
3 1026 1000 1001
3 1026 1001 1002
3 1026 1002 1003
3 1026 1003 1004
3 1026 1004 1005
3 1026 1005 1006
3 1026 1006 1007
3 1026 1007 1008
3 1026 1008 1009
3 1026 1009 1010
3 1026 1010 1011
3 1026 1011 1012
3 1026 1012 1013
3 1026 1013 1014
3 1026 1014 1015
3 1026 1015 1016
3 1026 1016 1017
3 1026 1017 1018
3 1026 1018 1019
3 1026 1019 1020
3 1026 1020 1021
3 1026 1021 1022
3 1026 1022 1023
3 1026 1023 1024
3 1026 1024 1025
3 1026 1025 962
3 768 769 1028
3 768 1028 1027
3 769 770 1029
3 769 1029 1028
3 770 771 1030
3 770 1030 1029
3 771 772 1031
3 771 1031 1030
3 772 773 1032
3 772 1032 1031
3 773 774 1033
3 773 1033 1032
3 774 775 1034
3 774 1034 1033
3 775 776 1035
3 775 1035 1034
3 776 777 1036
3 776 1036 1035
3 777 778 1037
3 777 1037 1036
3 778 779 1038
3 778 1038 1037
3 779 780 1039
3 779 1039 1038
3 780 781 1040
3 780 1040 1039
3 781 782 1041
3 781 1041 1040
3 782 783 1042
3 782 1042 1041
3 783 784 1043
3 783 1043 1042
3 784 785 1044
3 784 1044 1043
3 785 786 1045
3 785 1045 1044
3 786 787 1046
3 786 1046 1045
3 787 788 1047
3 787 1047 1046
3 788 789 1048
3 788 1048 1047
3 789 790 1049
3 789 1049 1048
3 790 791 1050
3 790 1050 1049
3 791 792 1051
3 791 1051 1050
3 792 793 1052
3 792 1052 1051
3 793 794 1053
3 793 1053 1052
3 794 795 1054
3 794 1054 1053
3 795 796 1055
3 795 1055 1054
3 796 797 1056
3 796 1056 1055
3 797 798 1057
3 797 1057 1056
3 798 799 1058
3 798 1058 1057
3 799 800 1059
3 799 1059 1058
3 800 801 1060
3 800 1060 1059
3 801 802 1061
3 801 1061 1060
3 802 803 1062
3 802 1062 1061
3 803 804 1063
3 803 1063 1062
3 804 805 1064
3 804 1064 1063
3 805 806 1065
3 805 1065 1064
3 806 807 1066
3 806 1066 1065
3 807 808 1067
3 807 1067 1066
3 808 809 1068
3 808 1068 1067
3 809 810 1069
3 809 1069 1068
3 810 811 1070
3 810 1070 1069
3 811 812 1071
3 811 1071 1070
3 812 813 1072
3 812 1072 1071
3 813 814 1073
3 813 1073 1072
3 814 815 1074
3 814 1074 1073
3 815 816 1075
3 815 1075 1074
3 816 817 1076
3 816 1076 1075
3 817 818 1077
3 817 1077 1076
3 818 819 1078
3 818 1078 1077
3 819 820 1079
3 819 1079 1078
3 820 821 1080
3 820 1080 1079
3 821 822 1081
3 821 1081 1080
3 822 823 1082
3 822 1082 1081
3 823 824 1083
3 823 1083 1082
3 824 825 1084
3 824 1084 1083
3 825 826 1085
3 825 1085 1084
3 826 827 1086
3 826 1086 1085
3 827 828 1087
3 827 1087 1086
3 828 829 1088
3 828 1088 1087
3 829 830 1089
3 829 1089 1088
3 830 831 1090
3 830 1090 1089
3 831 768 1027
3 831 1027 1090
3 1091 1027 1028
3 1091 1028 1029
3 1091 1029 1030
3 1091 1030 1031
3 1091 1031 1032
3 1091 1032 1033
3 1091 1033 1034
3 1091 1034 1035
3 1091 1035 1036
3 1091 1036 1037
3 1091 1037 1038
3 1091 1038 1039
3 1091 1039 1040
3 1091 1040 1041
3 1091 1041 1042
3 1091 1042 1043
3 1091 1043 1044
3 1091 1044 1045
3 1091 1045 1046
3 1091 1046 1047
3 1091 1047 1048
3 1091 1048 1049
3 1091 1049 1050
3 1091 1050 1051
3 1091 1051 1052
3 1091 1052 1053
3 1091 1053 1054
3 1091 1054 1055
3 1091 1055 1056
3 1091 1056 1057
3 1091 1057 1058
3 1091 1058 1059
3 1091 1059 1060
3 1091 1060 1061
3 1091 1061 1062
3 1091 1062 1063
3 1091 1063 1064
3 1091 1064 1065
3 1091 1065 1066
3 1091 1066 1067
3 1091 1067 1068
3 1091 1068 1069
3 1091 1069 1070
3 1091 1070 1071
3 1091 1071 1072
3 1091 1072 1073
3 1091 1073 1074
3 1091 1074 1075
3 1091 1075 1076
3 1091 1076 1077
3 1091 1077 1078
3 1091 1078 1079
3 1091 1079 1080
3 1091 1080 1081
3 1091 1081 1082
3 1091 1082 1083
3 1091 1083 1084
3 1091 1084 1085
3 1091 1085 1086
3 1091 1086 1087
3 1091 1087 1088
3 1091 1088 1089
3 1091 1089 1090
3 1091 1090 1027
3 1284 1093 1092
3 1284 1094 1093
3 1284 1095 1094
3 1284 1096 1095
3 1284 1097 1096
3 1284 1098 1097
3 1284 1099 1098
3 1284 1100 1099
3 1284 1101 1100
3 1284 1102 1101
3 1284 1103 1102
3 1284 1104 1103
3 1284 1105 1104
3 1284 1106 1105
3 1284 1107 1106
3 1284 1108 1107
3 1284 1109 1108
3 1284 1110 1109
3 1284 1111 1110
3 1284 1112 1111
3 1284 1113 1112
3 1284 1114 1113
3 1284 1115 1114
3 1284 1116 1115
3 1284 1117 1116
3 1284 1118 1117
3 1284 1119 1118
3 1284 1120 1119
3 1284 1121 1120
3 1284 1122 1121
3 1284 1123 1122
3 1284 1124 1123
3 1284 1125 1124
3 1284 1126 1125
3 1284 1127 1126
3 1284 1128 1127
3 1284 1129 1128
3 1284 1130 1129
3 1284 1131 1130
3 1284 1132 1131
3 1284 1133 1132
3 1284 1134 1133
3 1284 1135 1134
3 1284 1136 1135
3 1284 1137 1136
3 1284 1138 1137
3 1284 1139 1138
3 1284 1140 1139
3 1284 1141 1140
3 1284 1142 1141
3 1284 1143 1142
3 1284 1144 1143
3 1284 1145 1144
3 1284 1146 1145
3 1284 1147 1146
3 1284 1148 1147
3 1284 1149 1148
3 1284 1150 1149
3 1284 1151 1150
3 1284 1152 1151
3 1284 1153 1152
3 1284 1154 1153
3 1284 1155 1154
3 1284 1156 1155
3 1284 1157 1156
3 1284 1158 1157
3 1284 1159 1158
3 1284 1160 1159
3 1284 1161 1160
3 1284 1162 1161
3 1284 1163 1162
3 1284 1164 1163
3 1284 1165 1164
3 1284 1166 1165
3 1284 1167 1166
3 1284 1168 1167
3 1284 1169 1168
3 1284 1170 1169
3 1284 1171 1170
3 1284 1172 1171
3 1284 1173 1172
3 1284 1174 1173
3 1284 1175 1174
3 1284 1176 1175
3 1284 1177 1176
3 1284 1178 1177
3 1284 1179 1178
3 1284 1180 1179
3 1284 1181 1180
3 1284 1182 1181
3 1284 1183 1182
3 1284 1184 1183
3 1284 1185 1184
3 1284 1186 1185
3 1284 1187 1186
3 1284 1188 1187
3 1284 1189 1188
3 1284 1190 1189
3 1284 1191 1190
3 1284 1192 1191
3 1284 1193 1192
3 1284 1194 1193
3 1284 1195 1194
3 1284 1196 1195
3 1284 1197 1196
3 1284 1198 1197
3 1284 1199 1198
3 1284 1200 1199
3 1284 1201 1200
3 1284 1202 1201
3 1284 1203 1202
3 1284 1204 1203
3 1284 1205 1204
3 1284 1206 1205
3 1284 1207 1206
3 1284 1208 1207
3 1284 1209 1208
3 1284 1210 1209
3 1284 1211 1210
3 1284 1212 1211
3 1284 1213 1212
3 1284 1214 1213
3 1284 1215 1214
3 1284 1216 1215
3 1284 1217 1216
3 1284 1218 1217
3 1284 1219 1218
3 1284 1220 1219
3 1284 1221 1220
3 1284 1222 1221
3 1284 1223 1222
3 1284 1224 1223
3 1284 1225 1224
3 1284 1226 1225
3 1284 1227 1226
3 1284 1228 1227
3 1284 1229 1228
3 1284 1230 1229
3 1284 1231 1230
3 1284 1232 1231
3 1284 1233 1232
3 1284 1234 1233
3 1284 1235 1234
3 1284 1236 1235
3 1284 1237 1236
3 1284 1238 1237
3 1284 1239 1238
3 1284 1240 1239
3 1284 1241 1240
3 1284 1242 1241
3 1284 1243 1242
3 1284 1244 1243
3 1284 1245 1244
3 1284 1246 1245
3 1284 1247 1246
3 1284 1248 1247
3 1284 1249 1248
3 1284 1250 1249
3 1284 1251 1250
3 1284 1252 1251
3 1284 1253 1252
3 1284 1254 1253
3 1284 1255 1254
3 1284 1256 1255
3 1284 1257 1256
3 1284 1258 1257
3 1284 1259 1258
3 1284 1260 1259
3 1284 1261 1260
3 1284 1262 1261
3 1284 1263 1262
3 1284 1264 1263
3 1284 1265 1264
3 1284 1266 1265
3 1284 1267 1266
3 1284 1268 1267
3 1284 1269 1268
3 1284 1270 1269
3 1284 1271 1270
3 1284 1272 1271
3 1284 1273 1272
3 1284 1274 1273
3 1284 1275 1274
3 1284 1276 1275
3 1284 1277 1276
3 1284 1278 1277
3 1284 1279 1278
3 1284 1280 1279
3 1284 1281 1280
3 1284 1282 1281
3 1284 1283 1282
3 1284 1092 1283
3 1092 1286 1285
3 1092 1093 1286
3 1093 1287 1286
3 1093 1094 1287
3 1094 1288 1287
3 1094 1095 1288
3 1095 1289 1288
3 1095 1096 1289
3 1096 1290 1289
3 1096 1097 1290
3 1097 1291 1290
3 1097 1098 1291
3 1098 1292 1291
3 1098 1099 1292
3 1099 1293 1292
3 1099 1100 1293
3 1100 1294 1293
3 1100 1101 1294
3 1101 1295 1294
3 1101 1102 1295
3 1102 1296 1295
3 1102 1103 1296
3 1103 1297 1296
3 1103 1104 1297
3 1104 1298 1297
3 1104 1105 1298
3 1105 1299 1298
3 1105 1106 1299
3 1106 1300 1299
3 1106 1107 1300
3 1107 1301 1300
3 1107 1108 1301
3 1108 1302 1301
3 1108 1109 1302
3 1109 1303 1302
3 1109 1110 1303
3 1110 1304 1303
3 1110 1111 1304
3 1111 1305 1304
3 1111 1112 1305
3 1112 1306 1305
3 1112 1113 1306
3 1113 1307 1306
3 1113 1114 1307
3 1114 1308 1307
3 1114 1115 1308
3 1115 1309 1308
3 1115 1116 1309
3 1116 1310 1309
3 1116 1117 1310
3 1117 1311 1310
3 1117 1118 1311
3 1118 1312 1311
3 1118 1119 1312
3 1119 1313 1312
3 1119 1120 1313
3 1120 1314 1313
3 1120 1121 1314
3 1121 1315 1314
3 1121 1122 1315
3 1122 1316 1315
3 1122 1123 1316
3 1123 1317 1316
3 1123 1124 1317
3 1124 1318 1317
3 1124 1125 1318
3 1125 1319 1318
3 1125 1126 1319
3 1126 1320 1319
3 1126 1127 1320
3 1127 1321 1320
3 1127 1128 1321
3 1128 1322 1321
3 1128 1129 1322
3 1129 1323 1322
3 1129 1130 1323
3 1130 1324 1323
3 1130 1131 1324
3 1131 1325 1324
3 1131 1132 1325
3 1132 1326 1325
3 1132 1133 1326
3 1133 1327 1326
3 1133 1134 1327
3 1134 1328 1327
3 1134 1135 1328
3 1135 1329 1328
3 1135 1136 1329
3 1136 1330 1329
3 1136 1137 1330
3 1137 1331 1330
3 1137 1138 1331
3 1138 1332 1331
3 1138 1139 1332
3 1139 1333 1332
3 1139 1140 1333
3 1140 1334 1333
3 1140 1141 1334
3 1141 1335 1334
3 1141 1142 1335
3 1142 1336 1335
3 1142 1143 1336
3 1143 1337 1336
3 1143 1144 1337
3 1144 1338 1337
3 1144 1145 1338
3 1145 1339 1338
3 1145 1146 1339
3 1146 1340 1339
3 1146 1147 1340
3 1147 1341 1340
3 1147 1148 1341
3 1148 1342 1341
3 1148 1149 1342
3 1149 1343 1342
3 1149 1150 1343
3 1150 1344 1343
3 1150 1151 1344
3 1151 1345 1344
3 1151 1152 1345
3 1152 1346 1345
3 1152 1153 1346
3 1153 1347 1346
3 1153 1154 1347
3 1154 1348 1347
3 1154 1155 1348
3 1155 1349 1348
3 1155 1156 1349
3 1156 1350 1349
3 1156 1157 1350
3 1157 1351 1350
3 1157 1158 1351
3 1158 1352 1351
3 1158 1159 1352
3 1159 1353 1352
3 1159 1160 1353
3 1160 1354 1353
3 1160 1161 1354
3 1161 1355 1354
3 1161 1162 1355
3 1162 1356 1355
3 1162 1163 1356
3 1163 1357 1356
3 1163 1164 1357
3 1164 1358 1357
3 1164 1165 1358
3 1165 1359 1358
3 1165 1166 1359
3 1166 1360 1359
3 1166 1167 1360
3 1167 1361 1360
3 1167 1168 1361
3 1168 1362 1361
3 1168 1169 1362
3 1169 1363 1362
3 1169 1170 1363
3 1170 1364 1363
3 1170 1171 1364
3 1171 1365 1364
3 1171 1172 1365
3 1172 1366 1365
3 1172 1173 1366
3 1173 1367 1366
3 1173 1174 1367
3 1174 1368 1367
3 1174 1175 1368
3 1175 1369 1368
3 1175 1176 1369
3 1176 1370 1369
3 1176 1177 1370
3 1177 1371 1370
3 1177 1178 1371
3 1178 1372 1371
3 1178 1179 1372
3 1179 1373 1372
3 1179 1180 1373
3 1180 1374 1373
3 1180 1181 1374
3 1181 1375 1374
3 1181 1182 1375
3 1182 1376 1375
3 1182 1183 1376
3 1183 1377 1376
3 1183 1184 1377
3 1184 1378 1377
3 1184 1185 1378
3 1185 1379 1378
3 1185 1186 1379
3 1186 1380 1379
3 1186 1187 1380
3 1187 1381 1380
3 1187 1188 1381
3 1188 1382 1381
3 1188 1189 1382
3 1189 1383 1382
3 1189 1190 1383
3 1190 1384 1383
3 1190 1191 1384
3 1191 1385 1384
3 1191 1192 1385
3 1192 1386 1385
3 1192 1193 1386
3 1193 1387 1386
3 1193 1194 1387
3 1194 1388 1387
3 1194 1195 1388
3 1195 1389 1388
3 1195 1196 1389
3 1196 1390 1389
3 1196 1197 1390
3 1197 1391 1390
3 1197 1198 1391
3 1198 1392 1391
3 1198 1199 1392
3 1199 1393 1392
3 1199 1200 1393
3 1200 1394 1393
3 1200 1201 1394
3 1201 1395 1394
3 1201 1202 1395
3 1202 1396 1395
3 1202 1203 1396
3 1203 1397 1396
3 1203 1204 1397
3 1204 1398 1397
3 1204 1205 1398
3 1205 1399 1398
3 1205 1206 1399
3 1206 1400 1399
3 1206 1207 1400
3 1207 1401 1400
3 1207 1208 1401
3 1208 1402 1401
3 1208 1209 1402
3 1209 1403 1402
3 1209 1210 1403
3 1210 1404 1403
3 1210 1211 1404
3 1211 1405 1404
3 1211 1212 1405
3 1212 1406 1405
3 1212 1213 1406
3 1213 1407 1406
3 1213 1214 1407
3 1214 1408 1407
3 1214 1215 1408
3 1215 1409 1408
3 1215 1216 1409
3 1216 1410 1409
3 1216 1217 1410
3 1217 1411 1410
3 1217 1218 1411
3 1218 1412 1411
3 1218 1219 1412
3 1219 1413 1412
3 1219 1220 1413
3 1220 1414 1413
3 1220 1221 1414
3 1221 1415 1414
3 1221 1222 1415
3 1222 1416 1415
3 1222 1223 1416
3 1223 1417 1416
3 1223 1224 1417
3 1224 1418 1417
3 1224 1225 1418
3 1225 1419 1418
3 1225 1226 1419
3 1226 1420 1419
3 1226 1227 1420
3 1227 1421 1420
3 1227 1228 1421
3 1228 1422 1421
3 1228 1229 1422
3 1229 1423 1422
3 1229 1230 1423
3 1230 1424 1423
3 1230 1231 1424
3 1231 1425 1424
3 1231 1232 1425
3 1232 1426 1425
3 1232 1233 1426
3 1233 1427 1426
3 1233 1234 1427
3 1234 1428 1427
3 1234 1235 1428
3 1235 1429 1428
3 1235 1236 1429
3 1236 1430 1429
3 1236 1237 1430
3 1237 1431 1430
3 1237 1238 1431
3 1238 1432 1431
3 1238 1239 1432
3 1239 1433 1432
3 1239 1240 1433
3 1240 1434 1433
3 1240 1241 1434
3 1241 1435 1434
3 1241 1242 1435
3 1242 1436 1435
3 1242 1243 1436
3 1243 1437 1436
3 1243 1244 1437
3 1244 1438 1437
3 1244 1245 1438
3 1245 1439 1438
3 1245 1246 1439
3 1246 1440 1439
3 1246 1247 1440
3 1247 1441 1440
3 1247 1248 1441
3 1248 1442 1441
3 1248 1249 1442
3 1249 1443 1442
3 1249 1250 1443
3 1250 1444 1443
3 1250 1251 1444
3 1251 1445 1444
3 1251 1252 1445
3 1252 1446 1445
3 1252 1253 1446
3 1253 1447 1446
3 1253 1254 1447
3 1254 1448 1447
3 1254 1255 1448
3 1255 1449 1448
3 1255 1256 1449
3 1256 1450 1449
3 1256 1257 1450
3 1257 1451 1450
3 1257 1258 1451
3 1258 1452 1451
3 1258 1259 1452
3 1259 1453 1452
3 1259 1260 1453
3 1260 1454 1453
3 1260 1261 1454
3 1261 1455 1454
3 1261 1262 1455
3 1262 1456 1455
3 1262 1263 1456
3 1263 1457 1456
3 1263 1264 1457
3 1264 1458 1457
3 1264 1265 1458
3 1265 1459 1458
3 1265 1266 1459
3 1266 1460 1459
3 1266 1267 1460
3 1267 1461 1460
3 1267 1268 1461
3 1268 1462 1461
3 1268 1269 1462
3 1269 1463 1462
3 1269 1270 1463
3 1270 1464 1463
3 1270 1271 1464
3 1271 1465 1464
3 1271 1272 1465
3 1272 1466 1465
3 1272 1273 1466
3 1273 1467 1466
3 1273 1274 1467
3 1274 1468 1467
3 1274 1275 1468
3 1275 1469 1468
3 1275 1276 1469
3 1276 1470 1469
3 1276 1277 1470
3 1277 1471 1470
3 1277 1278 1471
3 1278 1472 1471
3 1278 1279 1472
3 1279 1473 1472
3 1279 1280 1473
3 1280 1474 1473
3 1280 1281 1474
3 1281 1475 1474
3 1281 1282 1475
3 1282 1476 1475
3 1282 1283 1476
3 1283 1285 1476
3 1283 1092 1285
3 1286 1478 1477
3 1285 1286 1477
3 1287 1479 1478
3 1286 1287 1478
3 1288 1480 1479
3 1287 1288 1479
3 1289 1481 1480
3 1288 1289 1480
3 1290 1482 1481
3 1289 1290 1481
3 1291 1483 1482
3 1290 1291 1482
3 1292 1484 1483
3 1291 1292 1483
3 1293 1485 1484
3 1292 1293 1484
3 1294 1486 1485
3 1293 1294 1485
3 1295 1487 1486
3 1294 1295 1486
3 1296 1488 1487
3 1295 1296 1487
3 1297 1489 1488
3 1296 1297 1488
3 1298 1490 1489
3 1297 1298 1489
3 1299 1491 1490
3 1298 1299 1490
3 1300 1492 1491
3 1299 1300 1491
3 1301 1493 1492
3 1300 1301 1492
3 1302 1494 1493
3 1301 1302 1493
3 1303 1495 1494
3 1302 1303 1494
3 1304 1496 1495
3 1303 1304 1495
3 1305 1497 1496
3 1304 1305 1496
3 1306 1498 1497
3 1305 1306 1497
3 1307 1499 1498
3 1306 1307 1498
3 1308 1500 1499
3 1307 1308 1499
3 1309 1501 1500
3 1308 1309 1500
3 1310 1502 1501
3 1309 1310 1501
3 1311 1503 1502
3 1310 1311 1502
3 1312 1504 1503
3 1311 1312 1503
3 1313 1505 1504
3 1312 1313 1504
3 1314 1506 1505
3 1313 1314 1505
3 1315 1507 1506
3 1314 1315 1506
3 1316 1508 1507
3 1315 1316 1507
3 1317 1509 1508
3 1316 1317 1508
3 1318 1510 1509
3 1317 1318 1509
3 1319 1511 1510
3 1318 1319 1510
3 1320 1512 1511
3 1319 1320 1511
3 1321 1513 1512
3 1320 1321 1512
3 1322 1514 1513
3 1321 1322 1513
3 1323 1515 1514
3 1322 1323 1514
3 1324 1516 1515
3 1323 1324 1515
3 1325 1517 1516
3 1324 1325 1516
3 1326 1518 1517
3 1325 1326 1517
3 1327 1519 1518
3 1326 1327 1518
3 1328 1520 1519
3 1327 1328 1519
3 1329 1521 1520
3 1328 1329 1520
3 1330 1522 1521
3 1329 1330 1521
3 1331 1523 1522
3 1330 1331 1522
3 1332 1524 1523
3 1331 1332 1523
3 1333 1525 1524
3 1332 1333 1524
3 1334 1526 1525
3 1333 1334 1525
3 1335 1527 1526
3 1334 1335 1526
3 1336 1528 1527
3 1335 1336 1527
3 1337 1529 1528
3 1336 1337 1528
3 1338 1530 1529
3 1337 1338 1529
3 1339 1531 1530
3 1338 1339 1530
3 1340 1532 1531
3 1339 1340 1531
3 1341 1533 1532
3 1340 1341 1532
3 1342 1534 1533
3 1341 1342 1533
3 1343 1535 1534
3 1342 1343 1534
3 1344 1536 1535
3 1343 1344 1535
3 1345 1537 1536
3 1344 1345 1536
3 1346 1538 1537
3 1345 1346 1537
3 1347 1539 1538
3 1346 1347 1538
3 1348 1540 1539
3 1347 1348 1539
3 1349 1541 1540
3 1348 1349 1540
3 1350 1542 1541
3 1349 1350 1541
3 1351 1543 1542
3 1350 1351 1542
3 1352 1544 1543
3 1351 1352 1543
3 1353 1545 1544
3 1352 1353 1544
3 1354 1546 1545
3 1353 1354 1545
3 1355 1547 1546
3 1354 1355 1546
3 1356 1548 1547
3 1355 1356 1547
3 1357 1549 1548
3 1356 1357 1548
3 1358 1550 1549
3 1357 1358 1549
3 1359 1551 1550
3 1358 1359 1550
3 1360 1552 1551
3 1359 1360 1551
3 1361 1553 1552
3 1360 1361 1552
3 1362 1554 1553
3 1361 1362 1553
3 1363 1555 1554
3 1362 1363 1554
3 1364 1556 1555
3 1363 1364 1555
3 1365 1557 1556
3 1364 1365 1556
3 1366 1558 1557
3 1365 1366 1557
3 1367 1559 1558
3 1366 1367 1558
3 1368 1560 1559
3 1367 1368 1559
3 1369 1561 1560
3 1368 1369 1560
3 1370 1562 1561
3 1369 1370 1561
3 1371 1563 1562
3 1370 1371 1562
3 1372 1564 1563
3 1371 1372 1563
3 1373 1565 1564
3 1372 1373 1564
3 1374 1566 1565
3 1373 1374 1565
3 1375 1567 1566
3 1374 1375 1566
3 1376 1568 1567
3 1375 1376 1567
3 1377 1569 1568
3 1376 1377 1568
3 1378 1570 1569
3 1377 1378 1569
3 1379 1571 1570
3 1378 1379 1570
3 1380 1572 1571
3 1379 1380 1571
3 1381 1573 1572
3 1380 1381 1572
3 1382 1574 1573
3 1381 1382 1573
3 1383 1575 1574
3 1382 1383 1574
3 1384 1576 1575
3 1383 1384 1575
3 1385 1577 1576
3 1384 1385 1576
3 1386 1578 1577
3 1385 1386 1577
3 1387 1579 1578
3 1386 1387 1578
3 1388 1580 1579
3 1387 1388 1579
3 1389 1581 1580
3 1388 1389 1580
3 1390 1582 1581
3 1389 1390 1581
3 1391 1583 1582
3 1390 1391 1582
3 1392 1584 1583
3 1391 1392 1583
3 1393 1585 1584
3 1392 1393 1584
3 1394 1586 1585
3 1393 1394 1585
3 1395 1587 1586
3 1394 1395 1586
3 1396 1588 1587
3 1395 1396 1587
3 1397 1589 1588
3 1396 1397 1588
3 1398 1590 1589
3 1397 1398 1589
3 1399 1591 1590
3 1398 1399 1590
3 1400 1592 1591
3 1399 1400 1591
3 1401 1593 1592
3 1400 1401 1592
3 1402 1594 1593
3 1401 1402 1593
3 1403 1595 1594
3 1402 1403 1594
3 1404 1596 1595
3 1403 1404 1595
3 1405 1597 1596
3 1404 1405 1596
3 1406 1598 1597
3 1405 1406 1597
3 1407 1599 1598
3 1406 1407 1598
3 1408 1600 1599
3 1407 1408 1599
3 1409 1601 1600
3 1408 1409 1600
3 1410 1602 1601
3 1409 1410 1601
3 1411 1603 1602
3 1410 1411 1602
3 1412 1604 1603
3 1411 1412 1603
3 1413 1605 1604
3 1412 1413 1604
3 1414 1606 1605
3 1413 1414 1605
3 1415 1607 1606
3 1414 1415 1606
3 1416 1608 1607
3 1415 1416 1607
3 1417 1609 1608
3 1416 1417 1608
3 1418 1610 1609
3 1417 1418 1609
3 1419 1611 1610
3 1418 1419 1610
3 1420 1612 1611
3 1419 1420 1611
3 1421 1613 1612
3 1420 1421 1612
3 1422 1614 1613
3 1421 1422 1613
3 1423 1615 1614
3 1422 1423 1614
3 1424 1616 1615
3 1423 1424 1615
3 1425 1617 1616
3 1424 1425 1616
3 1426 1618 1617
3 1425 1426 1617
3 1427 1619 1618
3 1426 1427 1618
3 1428 1620 1619
3 1427 1428 1619
3 1429 1621 1620
3 1428 1429 1620
3 1430 1622 1621
3 1429 1430 1621
3 1431 1623 1622
3 1430 1431 1622
3 1432 1624 1623
3 1431 1432 1623
3 1433 1625 1624
3 1432 1433 1624
3 1434 1626 1625
3 1433 1434 1625
3 1435 1627 1626
3 1434 1435 1626
3 1436 1628 1627
3 1435 1436 1627
3 1437 1629 1628
3 1436 1437 1628
3 1438 1630 1629
3 1437 1438 1629
3 1439 1631 1630
3 1438 1439 1630
3 1440 1632 1631
3 1439 1440 1631
3 1441 1633 1632
3 1440 1441 1632
3 1442 1634 1633
3 1441 1442 1633
3 1443 1635 1634
3 1442 1443 1634
3 1444 1636 1635
3 1443 1444 1635
3 1445 1637 1636
3 1444 1445 1636
3 1446 1638 1637
3 1445 1446 1637
3 1447 1639 1638
3 1446 1447 1638
3 1448 1640 1639
3 1447 1448 1639
3 1449 1641 1640
3 1448 1449 1640
3 1450 1642 1641
3 1449 1450 1641
3 1451 1643 1642
3 1450 1451 1642
3 1452 1644 1643
3 1451 1452 1643
3 1453 1645 1644
3 1452 1453 1644
3 1454 1646 1645
3 1453 1454 1645
3 1455 1647 1646
3 1454 1455 1646
3 1456 1648 1647
3 1455 1456 1647
3 1457 1649 1648
3 1456 1457 1648
3 1458 1650 1649
3 1457 1458 1649
3 1459 1651 1650
3 1458 1459 1650
3 1460 1652 1651
3 1459 1460 1651
3 1461 1653 1652
3 1460 1461 1652
3 1462 1654 1653
3 1461 1462 1653
3 1463 1655 1654
3 1462 1463 1654
3 1464 1656 1655
3 1463 1464 1655
3 1465 1657 1656
3 1464 1465 1656
3 1466 1658 1657
3 1465 1466 1657
3 1467 1659 1658
3 1466 1467 1658
3 1468 1660 1659
3 1467 1468 1659
3 1469 1661 1660
3 1468 1469 1660
3 1470 1662 1661
3 1469 1470 1661
3 1471 1663 1662
3 1470 1471 1662
3 1472 1664 1663
3 1471 1472 1663
3 1473 1665 1664
3 1472 1473 1664
3 1474 1666 1665
3 1473 1474 1665
3 1475 1667 1666
3 1474 1475 1666
3 1476 1668 1667
3 1475 1476 1667
3 1285 1477 1668
3 1476 1285 1668
3 1862 1670 1669
3 1861 1862 1669
3 1863 1671 1670
3 1862 1863 1670
3 1864 1672 1671
3 1863 1864 1671
3 1865 1673 1672
3 1864 1865 1672
3 1866 1674 1673
3 1865 1866 1673
3 1867 1675 1674
3 1866 1867 1674
3 1868 1676 1675
3 1867 1868 1675
3 1869 1677 1676
3 1868 1869 1676
3 1870 1678 1677
3 1869 1870 1677
3 1871 1679 1678
3 1870 1871 1678
3 1872 1680 1679
3 1871 1872 1679
3 1873 1681 1680
3 1872 1873 1680
3 1874 1682 1681
3 1873 1874 1681
3 1875 1683 1682
3 1874 1875 1682
3 1876 1684 1683
3 1875 1876 1683
3 1877 1685 1684
3 1876 1877 1684
3 1878 1686 1685
3 1877 1878 1685
3 1879 1687 1686
3 1878 1879 1686
3 1880 1688 1687
3 1879 1880 1687
3 1881 1689 1688
3 1880 1881 1688
3 1882 1690 1689
3 1881 1882 1689
3 1883 1691 1690
3 1882 1883 1690
3 1884 1692 1691
3 1883 1884 1691
3 1885 1693 1692
3 1884 1885 1692
3 1886 1694 1693
3 1885 1886 1693
3 1887 1695 1694
3 1886 1887 1694
3 1888 1696 1695
3 1887 1888 1695
3 1889 1697 1696
3 1888 1889 1696
3 1890 1698 1697
3 1889 1890 1697
3 1891 1699 1698
3 1890 1891 1698
3 1892 1700 1699
3 1891 1892 1699
3 1893 1701 1700
3 1892 1893 1700
3 1894 1702 1701
3 1893 1894 1701
3 1895 1703 1702
3 1894 1895 1702
3 1896 1704 1703
3 1895 1896 1703
3 1897 1705 1704
3 1896 1897 1704
3 1898 1706 1705
3 1897 1898 1705
3 1899 1707 1706
3 1898 1899 1706
3 1900 1708 1707
3 1899 1900 1707
3 1901 1709 1708
3 1900 1901 1708
3 1902 1710 1709
3 1901 1902 1709
3 1903 1711 1710
3 1902 1903 1710
3 1904 1712 1711
3 1903 1904 1711
3 1905 1713 1712
3 1904 1905 1712
3 1906 1714 1713
3 1905 1906 1713
3 1907 1715 1714
3 1906 1907 1714
3 1908 1716 1715
3 1907 1908 1715
3 1909 1717 1716
3 1908 1909 1716
3 1910 1718 1717
3 1909 1910 1717
3 1911 1719 1718
3 1910 1911 1718
3 1912 1720 1719
3 1911 1912 1719
3 1913 1721 1720
3 1912 1913 1720
3 1914 1722 1721
3 1913 1914 1721
3 1915 1723 1722
3 1914 1915 1722
3 1916 1724 1723
3 1915 1916 1723
3 1917 1725 1724
3 1916 1917 1724
3 1918 1726 1725
3 1917 1918 1725
3 1919 1727 1726
3 1918 1919 1726
3 1920 1728 1727
3 1919 1920 1727
3 1921 1729 1728
3 1920 1921 1728
3 1922 1730 1729
3 1921 1922 1729
3 1923 1731 1730
3 1922 1923 1730
3 1924 1732 1731
3 1923 1924 1731
3 1925 1733 1732
3 1924 1925 1732
3 1926 1734 1733
3 1925 1926 1733
3 1927 1735 1734
3 1926 1927 1734
3 1928 1736 1735
3 1927 1928 1735
3 1929 1737 1736
3 1928 1929 1736
3 1930 1738 1737
3 1929 1930 1737
3 1931 1739 1738
3 1930 1931 1738
3 1932 1740 1739
3 1931 1932 1739
3 1933 1741 1740
3 1932 1933 1740
3 1934 1742 1741
3 1933 1934 1741
3 1935 1743 1742
3 1934 1935 1742
3 1936 1744 1743
3 1935 1936 1743
3 1937 1745 1744
3 1936 1937 1744
3 1938 1746 1745
3 1937 1938 1745
3 1939 1747 1746
3 1938 1939 1746
3 1940 1748 1747
3 1939 1940 1747
3 1941 1749 1748
3 1940 1941 1748
3 1942 1750 1749
3 1941 1942 1749
3 1943 1751 1750
3 1942 1943 1750
3 1944 1752 1751
3 1943 1944 1751
3 1945 1753 1752
3 1944 1945 1752
3 1946 1754 1753
3 1945 1946 1753
3 1947 1755 1754
3 1946 1947 1754
3 1948 1756 1755
3 1947 1948 1755
3 1949 1757 1756
3 1948 1949 1756
3 1950 1758 1757
3 1949 1950 1757
3 1951 1759 1758
3 1950 1951 1758
3 1952 1760 1759
3 1951 1952 1759
3 1953 1761 1760
3 1952 1953 1760
3 1954 1762 1761
3 1953 1954 1761
3 1955 1763 1762
3 1954 1955 1762
3 1956 1764 1763
3 1955 1956 1763
3 1957 1765 1764
3 1956 1957 1764
3 1958 1766 1765
3 1957 1958 1765
3 1959 1767 1766
3 1958 1959 1766
3 1960 1768 1767
3 1959 1960 1767
3 1961 1769 1768
3 1960 1961 1768
3 1962 1770 1769
3 1961 1962 1769
3 1963 1771 1770
3 1962 1963 1770
3 1964 1772 1771
3 1963 1964 1771
3 1965 1773 1772
3 1964 1965 1772
3 1966 1774 1773
3 1965 1966 1773
3 1967 1775 1774
3 1966 1967 1774
3 1968 1776 1775
3 1967 1968 1775
3 1969 1777 1776
3 1968 1969 1776
3 1970 1778 1777
3 1969 1970 1777
3 1971 1779 1778
3 1970 1971 1778
3 1972 1780 1779
3 1971 1972 1779
3 1973 1781 1780
3 1972 1973 1780
3 1974 1782 1781
3 1973 1974 1781
3 1975 1783 1782
3 1974 1975 1782
3 1976 1784 1783
3 1975 1976 1783
3 1977 1785 1784
3 1976 1977 1784
3 1978 1786 1785
3 1977 1978 1785
3 1979 1787 1786
3 1978 1979 1786
3 1980 1788 1787
3 1979 1980 1787
3 1981 1789 1788
3 1980 1981 1788
3 1982 1790 1789
3 1981 1982 1789
3 1983 1791 1790
3 1982 1983 1790
3 1984 1792 1791
3 1983 1984 1791
3 1985 1793 1792
3 1984 1985 1792
3 1986 1794 1793
3 1985 1986 1793
3 1987 1795 1794
3 1986 1987 1794
3 1988 1796 1795
3 1987 1988 1795
3 1989 1797 1796
3 1988 1989 1796
3 1990 1798 1797
3 1989 1990 1797
3 1991 1799 1798
3 1990 1991 1798
3 1992 1800 1799
3 1991 1992 1799
3 1993 1801 1800
3 1992 1993 1800
3 1994 1802 1801
3 1993 1994 1801
3 1995 1803 1802
3 1994 1995 1802
3 1996 1804 1803
3 1995 1996 1803
3 1997 1805 1804
3 1996 1997 1804
3 1998 1806 1805
3 1997 1998 1805
3 1999 1807 1806
3 1998 1999 1806
3 2000 1808 1807
3 1999 2000 1807
3 2001 1809 1808
3 2000 2001 1808
3 2002 1810 1809
3 2001 2002 1809
3 2003 1811 1810
3 2002 2003 1810
3 2004 1812 1811
3 2003 2004 1811
3 2005 1813 1812
3 2004 2005 1812
3 2006 1814 1813
3 2005 2006 1813
3 2007 1815 1814
3 2006 2007 1814
3 2008 1816 1815
3 2007 2008 1815
3 2009 1817 1816
3 2008 2009 1816
3 2010 1818 1817
3 2009 2010 1817
3 2011 1819 1818
3 2010 2011 1818
3 2012 1820 1819
3 2011 2012 1819
3 2013 1821 1820
3 2012 2013 1820
3 2014 1822 1821
3 2013 2014 1821
3 2015 1823 1822
3 2014 2015 1822
3 2016 1824 1823
3 2015 2016 1823
3 2017 1825 1824
3 2016 2017 1824
3 2018 1826 1825
3 2017 2018 1825
3 2019 1827 1826
3 2018 2019 1826
3 2020 1828 1827
3 2019 2020 1827
3 2021 1829 1828
3 2020 2021 1828
3 2022 1830 1829
3 2021 2022 1829
3 2023 1831 1830
3 2022 2023 1830
3 2024 1832 1831
3 2023 2024 1831
3 2025 1833 1832
3 2024 2025 1832
3 2026 1834 1833
3 2025 2026 1833
3 2027 1835 1834
3 2026 2027 1834
3 2028 1836 1835
3 2027 2028 1835
3 2029 1837 1836
3 2028 2029 1836
3 2030 1838 1837
3 2029 2030 1837
3 2031 1839 1838
3 2030 2031 1838
3 2032 1840 1839
3 2031 2032 1839
3 2033 1841 1840
3 2032 2033 1840
3 2034 1842 1841
3 2033 2034 1841
3 2035 1843 1842
3 2034 2035 1842
3 2036 1844 1843
3 2035 2036 1843
3 2037 1845 1844
3 2036 2037 1844
3 2038 1846 1845
3 2037 2038 1845
3 2039 1847 1846
3 2038 2039 1846
3 2040 1848 1847
3 2039 2040 1847
3 2041 1849 1848
3 2040 2041 1848
3 2042 1850 1849
3 2041 2042 1849
3 2043 1851 1850
3 2042 2043 1850
3 2044 1852 1851
3 2043 2044 1851
3 2045 1853 1852
3 2044 2045 1852
3 2046 1854 1853
3 2045 2046 1853
3 2047 1855 1854
3 2046 2047 1854
3 2048 1856 1855
3 2047 2048 1855
3 2049 1857 1856
3 2048 2049 1856
3 2050 1858 1857
3 2049 2050 1857
3 2051 1859 1858
3 2050 2051 1858
3 2052 1860 1859
3 2051 2052 1859
3 1861 1669 1860
3 2052 1861 1860
3 2246 2054 2053
3 2245 2246 2053
3 2247 2055 2054
3 2246 2247 2054
3 2248 2056 2055
3 2247 2248 2055
3 2249 2057 2056
3 2248 2249 2056
3 2250 2058 2057
3 2249 2250 2057
3 2251 2059 2058
3 2250 2251 2058
3 2252 2060 2059
3 2251 2252 2059
3 2253 2061 2060
3 2252 2253 2060
3 2254 2062 2061
3 2253 2254 2061
3 2255 2063 2062
3 2254 2255 2062
3 2256 2064 2063
3 2255 2256 2063
3 2257 2065 2064
3 2256 2257 2064
3 2258 2066 2065
3 2257 2258 2065
3 2259 2067 2066
3 2258 2259 2066
3 2260 2068 2067
3 2259 2260 2067
3 2261 2069 2068
3 2260 2261 2068
3 2262 2070 2069
3 2261 2262 2069
3 2263 2071 2070
3 2262 2263 2070
3 2264 2072 2071
3 2263 2264 2071
3 2265 2073 2072
3 2264 2265 2072
3 2266 2074 2073
3 2265 2266 2073
3 2267 2075 2074
3 2266 2267 2074
3 2268 2076 2075
3 2267 2268 2075
3 2269 2077 2076
3 2268 2269 2076
3 2270 2078 2077
3 2269 2270 2077
3 2271 2079 2078
3 2270 2271 2078
3 2272 2080 2079
3 2271 2272 2079
3 2273 2081 2080
3 2272 2273 2080
3 2274 2082 2081
3 2273 2274 2081
3 2275 2083 2082
3 2274 2275 2082
3 2276 2084 2083
3 2275 2276 2083
3 2277 2085 2084
3 2276 2277 2084
3 2278 2086 2085
3 2277 2278 2085
3 2279 2087 2086
3 2278 2279 2086
3 2280 2088 2087
3 2279 2280 2087
3 2281 2089 2088
3 2280 2281 2088
3 2282 2090 2089
3 2281 2282 2089
3 2283 2091 2090
3 2282 2283 2090
3 2284 2092 2091
3 2283 2284 2091
3 2285 2093 2092
3 2284 2285 2092
3 2286 2094 2093
3 2285 2286 2093
3 2287 2095 2094
3 2286 2287 2094
3 2288 2096 2095
3 2287 2288 2095
3 2289 2097 2096
3 2288 2289 2096
3 2290 2098 2097
3 2289 2290 2097
3 2291 2099 2098
3 2290 2291 2098
3 2292 2100 2099
3 2291 2292 2099
3 2293 2101 2100
3 2292 2293 2100
3 2294 2102 2101
3 2293 2294 2101
3 2295 2103 2102
3 2294 2295 2102
3 2296 2104 2103
3 2295 2296 2103
3 2297 2105 2104
3 2296 2297 2104
3 2298 2106 2105
3 2297 2298 2105
3 2299 2107 2106
3 2298 2299 2106
3 2300 2108 2107
3 2299 2300 2107
3 2301 2109 2108
3 2300 2301 2108
3 2302 2110 2109
3 2301 2302 2109
3 2303 2111 2110
3 2302 2303 2110
3 2304 2112 2111
3 2303 2304 2111
3 2305 2113 2112
3 2304 2305 2112
3 2306 2114 2113
3 2305 2306 2113
3 2307 2115 2114
3 2306 2307 2114
3 2308 2116 2115
3 2307 2308 2115
3 2309 2117 2116
3 2308 2309 2116
3 2310 2118 2117
3 2309 2310 2117
3 2311 2119 2118
3 2310 2311 2118
3 2312 2120 2119
3 2311 2312 2119
3 2313 2121 2120
3 2312 2313 2120
3 2314 2122 2121
3 2313 2314 2121
3 2315 2123 2122
3 2314 2315 2122
3 2316 2124 2123
3 2315 2316 2123
3 2317 2125 2124
3 2316 2317 2124
3 2318 2126 2125
3 2317 2318 2125
3 2319 2127 2126
3 2318 2319 2126
3 2320 2128 2127
3 2319 2320 2127
3 2321 2129 2128
3 2320 2321 2128
3 2322 2130 2129
3 2321 2322 2129
3 2323 2131 2130
3 2322 2323 2130
3 2324 2132 2131
3 2323 2324 2131
3 2325 2133 2132
3 2324 2325 2132
3 2326 2134 2133
3 2325 2326 2133
3 2327 2135 2134
3 2326 2327 2134
3 2328 2136 2135
3 2327 2328 2135
3 2329 2137 2136
3 2328 2329 2136
3 2330 2138 2137
3 2329 2330 2137
3 2331 2139 2138
3 2330 2331 2138
3 2332 2140 2139
3 2331 2332 2139
3 2333 2141 2140
3 2332 2333 2140
3 2334 2142 2141
3 2333 2334 2141
3 2335 2143 2142
3 2334 2335 2142
3 2336 2144 2143
3 2335 2336 2143
3 2337 2145 2144
3 2336 2337 2144
3 2338 2146 2145
3 2337 2338 2145
3 2339 2147 2146
3 2338 2339 2146
3 2340 2148 2147
3 2339 2340 2147
3 2341 2149 2148
3 2340 2341 2148
3 2342 2150 2149
3 2341 2342 2149
3 2343 2151 2150
3 2342 2343 2150
3 2344 2152 2151
3 2343 2344 2151
3 2345 2153 2152
3 2344 2345 2152
3 2346 2154 2153
3 2345 2346 2153
3 2347 2155 2154
3 2346 2347 2154
3 2348 2156 2155
3 2347 2348 2155
3 2349 2157 2156
3 2348 2349 2156
3 2350 2158 2157
3 2349 2350 2157
3 2351 2159 2158
3 2350 2351 2158
3 2352 2160 2159
3 2351 2352 2159
3 2353 2161 2160
3 2352 2353 2160
3 2354 2162 2161
3 2353 2354 2161
3 2355 2163 2162
3 2354 2355 2162
3 2356 2164 2163
3 2355 2356 2163
3 2357 2165 2164
3 2356 2357 2164
3 2358 2166 2165
3 2357 2358 2165
3 2359 2167 2166
3 2358 2359 2166
3 2360 2168 2167
3 2359 2360 2167
3 2361 2169 2168
3 2360 2361 2168
3 2362 2170 2169
3 2361 2362 2169
3 2363 2171 2170
3 2362 2363 2170
3 2364 2172 2171
3 2363 2364 2171
3 2365 2173 2172
3 2364 2365 2172
3 2366 2174 2173
3 2365 2366 2173
3 2367 2175 2174
3 2366 2367 2174
3 2368 2176 2175
3 2367 2368 2175
3 2369 2177 2176
3 2368 2369 2176
3 2370 2178 2177
3 2369 2370 2177
3 2371 2179 2178
3 2370 2371 2178
3 2372 2180 2179
3 2371 2372 2179
3 2373 2181 2180
3 2372 2373 2180
3 2374 2182 2181
3 2373 2374 2181
3 2375 2183 2182
3 2374 2375 2182
3 2376 2184 2183
3 2375 2376 2183
3 2377 2185 2184
3 2376 2377 2184
3 2378 2186 2185
3 2377 2378 2185
3 2379 2187 2186
3 2378 2379 2186
3 2380 2188 2187
3 2379 2380 2187
3 2381 2189 2188
3 2380 2381 2188
3 2382 2190 2189
3 2381 2382 2189
3 2383 2191 2190
3 2382 2383 2190
3 2384 2192 2191
3 2383 2384 2191
3 2385 2193 2192
3 2384 2385 2192
3 2386 2194 2193
3 2385 2386 2193
3 2387 2195 2194
3 2386 2387 2194
3 2388 2196 2195
3 2387 2388 2195
3 2389 2197 2196
3 2388 2389 2196
3 2390 2198 2197
3 2389 2390 2197
3 2391 2199 2198
3 2390 2391 2198
3 2392 2200 2199
3 2391 2392 2199
3 2393 2201 2200
3 2392 2393 2200
3 2394 2202 2201
3 2393 2394 2201
3 2395 2203 2202
3 2394 2395 2202
3 2396 2204 2203
3 2395 2396 2203
3 2397 2205 2204
3 2396 2397 2204
3 2398 2206 2205
3 2397 2398 2205
3 2399 2207 2206
3 2398 2399 2206
3 2400 2208 2207
3 2399 2400 2207
3 2401 2209 2208
3 2400 2401 2208
3 2402 2210 2209
3 2401 2402 2209
3 2403 2211 2210
3 2402 2403 2210
3 2404 2212 2211
3 2403 2404 2211
3 2405 2213 2212
3 2404 2405 2212
3 2406 2214 2213
3 2405 2406 2213
3 2407 2215 2214
3 2406 2407 2214
3 2408 2216 2215
3 2407 2408 2215
3 2409 2217 2216
3 2408 2409 2216
3 2410 2218 2217
3 2409 2410 2217
3 2411 2219 2218
3 2410 2411 2218
3 2412 2220 2219
3 2411 2412 2219
3 2413 2221 2220
3 2412 2413 2220
3 2414 2222 2221
3 2413 2414 2221
3 2415 2223 2222
3 2414 2415 2222
3 2416 2224 2223
3 2415 2416 2223
3 2417 2225 2224
3 2416 2417 2224
3 2418 2226 2225
3 2417 2418 2225
3 2419 2227 2226
3 2418 2419 2226
3 2420 2228 2227
3 2419 2420 2227
3 2421 2229 2228
3 2420 2421 2228
3 2422 2230 2229
3 2421 2422 2229
3 2423 2231 2230
3 2422 2423 2230
3 2424 2232 2231
3 2423 2424 2231
3 2425 2233 2232
3 2424 2425 2232
3 2426 2234 2233
3 2425 2426 2233
3 2427 2235 2234
3 2426 2427 2234
3 2428 2236 2235
3 2427 2428 2235
3 2429 2237 2236
3 2428 2429 2236
3 2430 2238 2237
3 2429 2430 2237
3 2431 2239 2238
3 2430 2431 2238
3 2432 2240 2239
3 2431 2432 2239
3 2433 2241 2240
3 2432 2433 2240
3 2434 2242 2241
3 2433 2434 2241
3 2435 2243 2242
3 2434 2435 2242
3 2436 2244 2243
3 2435 2436 2243
3 2245 2053 2244
3 2436 2245 2244
3 1477 1862 1861
3 1477 1478 1862
3 1478 1863 1862
3 1478 1479 1863
3 1479 1864 1863
3 1479 1480 1864
3 1480 1865 1864
3 1480 1481 1865
3 1481 1866 1865
3 1481 1482 1866
3 1482 1867 1866
3 1482 1483 1867
3 1483 1868 1867
3 1483 1484 1868
3 1484 1869 1868
3 1484 1485 1869
3 1485 1870 1869
3 1485 1486 1870
3 1486 1871 1870
3 1486 1487 1871
3 1487 1872 1871
3 1487 1488 1872
3 1488 1873 1872
3 1488 1489 1873
3 1489 1874 1873
3 1489 1490 1874
3 1490 1875 1874
3 1490 1491 1875
3 1491 1876 1875
3 1491 1492 1876
3 1492 1877 1876
3 1492 1493 1877
3 1493 1878 1877
3 1493 1494 1878
3 1494 1879 1878
3 1494 1495 1879
3 1495 1880 1879
3 1495 1496 1880
3 1496 1881 1880
3 1496 1497 1881
3 1497 1882 1881
3 1497 1498 1882
3 1498 1883 1882
3 1498 1499 1883
3 1499 1884 1883
3 1499 1500 1884
3 1500 1885 1884
3 1500 1501 1885
3 1501 1886 1885
3 1501 1502 1886
3 1502 1887 1886
3 1502 1503 1887
3 1503 1888 1887
3 1503 1504 1888
3 1504 1889 1888
3 1504 1505 1889
3 1505 1890 1889
3 1505 1506 1890
3 1506 1891 1890
3 1506 1507 1891
3 1507 1892 1891
3 1507 1508 1892
3 1508 1893 1892
3 1508 1509 1893
3 1509 1894 1893
3 1509 1510 1894
3 1510 1895 1894
3 1510 1511 1895
3 1511 1896 1895
3 1511 1512 1896
3 1512 1897 1896
3 1512 1513 1897
3 1513 1898 1897
3 1513 1514 1898
3 1514 1899 1898
3 1514 1515 1899
3 1515 1900 1899
3 1515 1516 1900
3 1516 1901 1900
3 1516 1517 1901
3 1517 1902 1901
3 1517 1518 1902
3 1518 1903 1902
3 1518 1519 1903
3 1519 1904 1903
3 1519 1520 1904
3 1520 1905 1904
3 1520 1521 1905
3 1521 1906 1905
3 1521 1522 1906
3 1522 1907 1906
3 1522 1523 1907
3 1523 1908 1907
3 1523 1524 1908
3 1524 1909 1908
3 1524 1525 1909
3 1525 1910 1909
3 1525 1526 1910
3 1526 1911 1910
3 1526 1527 1911
3 1527 1912 1911
3 1527 1528 1912
3 1528 1913 1912
3 1528 1529 1913
3 1529 1914 1913
3 1529 1530 1914
3 1530 1915 1914
3 1530 1531 1915
3 1531 1916 1915
3 1531 1532 1916
3 1532 1917 1916
3 1532 1533 1917
3 1533 1918 1917
3 1533 1534 1918
3 1534 1919 1918
3 1534 1535 1919
3 1535 1920 1919
3 1535 1536 1920
3 1536 1921 1920
3 1536 1537 1921
3 1537 1922 1921
3 1537 1538 1922
3 1538 1923 1922
3 1538 1539 1923
3 1539 1924 1923
3 1539 1540 1924
3 1540 1925 1924
3 1540 1541 1925
3 1541 1926 1925
3 1541 1542 1926
3 1542 1927 1926
3 1542 1543 1927
3 1543 1928 1927
3 1543 1544 1928
3 1544 1929 1928
3 1544 1545 1929
3 1545 1930 1929
3 1545 1546 1930
3 1546 1931 1930
3 1546 1547 1931
3 1547 1932 1931
3 1547 1548 1932
3 1548 1933 1932
3 1548 1549 1933
3 1549 1934 1933
3 1549 1550 1934
3 1550 1935 1934
3 1550 1551 1935
3 1551 1936 1935
3 1551 1552 1936
3 1552 1937 1936
3 1552 1553 1937
3 1553 1938 1937
3 1553 1554 1938
3 1554 1939 1938
3 1554 1555 1939
3 1555 1940 1939
3 1555 1556 1940
3 1556 1941 1940
3 1556 1557 1941
3 1557 1942 1941
3 1557 1558 1942
3 1558 1943 1942
3 1558 1559 1943
3 1559 1944 1943
3 1559 1560 1944
3 1560 1945 1944
3 1560 1561 1945
3 1561 1946 1945
3 1561 1562 1946
3 1562 1947 1946
3 1562 1563 1947
3 1563 1948 1947
3 1563 1564 1948
3 1564 1949 1948
3 1564 1565 1949
3 1565 1950 1949
3 1565 1566 1950
3 1566 1951 1950
3 1566 1567 1951
3 1567 1952 1951
3 1567 1568 1952
3 1568 1953 1952
3 1568 1569 1953
3 1569 1954 1953
3 1569 1570 1954
3 1570 1955 1954
3 1570 1571 1955
3 1571 1956 1955
3 1571 1572 1956
3 1572 1957 1956
3 1572 1573 1957
3 1573 1958 1957
3 1573 1574 1958
3 1574 1959 1958
3 1574 1575 1959
3 1575 1960 1959
3 1575 1576 1960
3 1576 1961 1960
3 1576 1577 1961
3 1577 1962 1961
3 1577 1578 1962
3 1578 1963 1962
3 1578 1579 1963
3 1579 1964 1963
3 1579 1580 1964
3 1580 1965 1964
3 1580 1581 1965
3 1581 1966 1965
3 1581 1582 1966
3 1582 1967 1966
3 1582 1583 1967
3 1583 1968 1967
3 1583 1584 1968
3 1584 1969 1968
3 1584 1585 1969
3 1585 1970 1969
3 1585 1586 1970
3 1586 1971 1970
3 1586 1587 1971
3 1587 1972 1971
3 1587 1588 1972
3 1588 1973 1972
3 1588 1589 1973
3 1589 1974 1973
3 1589 1590 1974
3 1590 1975 1974
3 1590 1591 1975
3 1591 1976 1975
3 1591 1592 1976
3 1592 1977 1976
3 1592 1593 1977
3 1593 1978 1977
3 1593 1594 1978
3 1594 1979 1978
3 1594 1595 1979
3 1595 1980 1979
3 1595 1596 1980
3 1596 1981 1980
3 1596 1597 1981
3 1597 1982 1981
3 1597 1598 1982
3 1598 1983 1982
3 1598 1599 1983
3 1599 1984 1983
3 1599 1600 1984
3 1600 1985 1984
3 1600 1601 1985
3 1601 1986 1985
3 1601 1602 1986
3 1602 1987 1986
3 1602 1603 1987
3 1603 1988 1987
3 1603 1604 1988
3 1604 1989 1988
3 1604 1605 1989
3 1605 1990 1989
3 1605 1606 1990
3 1606 1991 1990
3 1606 1607 1991
3 1607 1992 1991
3 1607 1608 1992
3 1608 1993 1992
3 1608 1609 1993
3 1609 1994 1993
3 1609 1610 1994
3 1610 1995 1994
3 1610 1611 1995
3 1611 1996 1995
3 1611 1612 1996
3 1612 1997 1996
3 1612 1613 1997
3 1613 1998 1997
3 1613 1614 1998
3 1614 1999 1998
3 1614 1615 1999
3 1615 2000 1999
3 1615 1616 2000
3 1616 2001 2000
3 1616 1617 2001
3 1617 2002 2001
3 1617 1618 2002
3 1618 2003 2002
3 1618 1619 2003
3 1619 2004 2003
3 1619 1620 2004
3 1620 2005 2004
3 1620 1621 2005
3 1621 2006 2005
3 1621 1622 2006
3 1622 2007 2006
3 1622 1623 2007
3 1623 2008 2007
3 1623 1624 2008
3 1624 2009 2008
3 1624 1625 2009
3 1625 2010 2009
3 1625 1626 2010
3 1626 2011 2010
3 1626 1627 2011
3 1627 2012 2011
3 1627 1628 2012
3 1628 2013 2012
3 1628 1629 2013
3 1629 2014 2013
3 1629 1630 2014
3 1630 2015 2014
3 1630 1631 2015
3 1631 2016 2015
3 1631 1632 2016
3 1632 2017 2016
3 1632 1633 2017
3 1633 2018 2017
3 1633 1634 2018
3 1634 2019 2018
3 1634 1635 2019
3 1635 2020 2019
3 1635 1636 2020
3 1636 2021 2020
3 1636 1637 2021
3 1637 2022 2021
3 1637 1638 2022
3 1638 2023 2022
3 1638 1639 2023
3 1639 2024 2023
3 1639 1640 2024
3 1640 2025 2024
3 1640 1641 2025
3 1641 2026 2025
3 1641 1642 2026
3 1642 2027 2026
3 1642 1643 2027
3 1643 2028 2027
3 1643 1644 2028
3 1644 2029 2028
3 1644 1645 2029
3 1645 2030 2029
3 1645 1646 2030
3 1646 2031 2030
3 1646 1647 2031
3 1647 2032 2031
3 1647 1648 2032
3 1648 2033 2032
3 1648 1649 2033
3 1649 2034 2033
3 1649 1650 2034
3 1650 2035 2034
3 1650 1651 2035
3 1651 2036 2035
3 1651 1652 2036
3 1652 2037 2036
3 1652 1653 2037
3 1653 2038 2037
3 1653 1654 2038
3 1654 2039 2038
3 1654 1655 2039
3 1655 2040 2039
3 1655 1656 2040
3 1656 2041 2040
3 1656 1657 2041
3 1657 2042 2041
3 1657 1658 2042
3 1658 2043 2042
3 1658 1659 2043
3 1659 2044 2043
3 1659 1660 2044
3 1660 2045 2044
3 1660 1661 2045
3 1661 2046 2045
3 1661 1662 2046
3 1662 2047 2046
3 1662 1663 2047
3 1663 2048 2047
3 1663 1664 2048
3 1664 2049 2048
3 1664 1665 2049
3 1665 2050 2049
3 1665 1666 2050
3 1666 2051 2050
3 1666 1667 2051
3 1667 2052 2051
3 1667 1668 2052
3 1668 1861 2052
3 1668 1477 1861
3 2245 1669 1670
3 2245 1670 2246
3 2246 1670 1671
3 2246 1671 2247
3 2247 1671 1672
3 2247 1672 2248
3 2248 1672 1673
3 2248 1673 2249
3 2249 1673 1674
3 2249 1674 2250
3 2250 1674 1675
3 2250 1675 2251
3 2251 1675 1676
3 2251 1676 2252
3 2252 1676 1677
3 2252 1677 2253
3 2253 1677 1678
3 2253 1678 2254
3 2254 1678 1679
3 2254 1679 2255
3 2255 1679 1680
3 2255 1680 2256
3 2256 1680 1681
3 2256 1681 2257
3 2257 1681 1682
3 2257 1682 2258
3 2258 1682 1683
3 2258 1683 2259
3 2259 1683 1684
3 2259 1684 2260
3 2260 1684 1685
3 2260 1685 2261
3 2261 1685 1686
3 2261 1686 2262
3 2262 1686 1687
3 2262 1687 2263
3 2263 1687 1688
3 2263 1688 2264
3 2264 1688 1689
3 2264 1689 2265
3 2265 1689 1690
3 2265 1690 2266
3 2266 1690 1691
3 2266 1691 2267
3 2267 1691 1692
3 2267 1692 2268
3 2268 1692 1693
3 2268 1693 2269
3 2269 1693 1694
3 2269 1694 2270
3 2270 1694 1695
3 2270 1695 2271
3 2271 1695 1696
3 2271 1696 2272
3 2272 1696 1697
3 2272 1697 2273
3 2273 1697 1698
3 2273 1698 2274
3 2274 1698 1699
3 2274 1699 2275
3 2275 1699 1700
3 2275 1700 2276
3 2276 1700 1701
3 2276 1701 2277
3 2277 1701 1702
3 2277 1702 2278
3 2278 1702 1703
3 2278 1703 2279
3 2279 1703 1704
3 2279 1704 2280
3 2280 1704 1705
3 2280 1705 2281
3 2281 1705 1706
3 2281 1706 2282
3 2282 1706 1707
3 2282 1707 2283
3 2283 1707 1708
3 2283 1708 2284
3 2284 1708 1709
3 2284 1709 2285
3 2285 1709 1710
3 2285 1710 2286
3 2286 1710 1711
3 2286 1711 2287
3 2287 1711 1712
3 2287 1712 2288
3 2288 1712 1713
3 2288 1713 2289
3 2289 1713 1714
3 2289 1714 2290
3 2290 1714 1715
3 2290 1715 2291
3 2291 1715 1716
3 2291 1716 2292
3 2292 1716 1717
3 2292 1717 2293
3 2293 1717 1718
3 2293 1718 2294
3 2294 1718 1719
3 2294 1719 2295
3 2295 1719 1720
3 2295 1720 2296
3 2296 1720 1721
3 2296 1721 2297
3 2297 1721 1722
3 2297 1722 2298
3 2298 1722 1723
3 2298 1723 2299
3 2299 1723 1724
3 2299 1724 2300
3 2300 1724 1725
3 2300 1725 2301
3 2301 1725 1726
3 2301 1726 2302
3 2302 1726 1727
3 2302 1727 2303
3 2303 1727 1728
3 2303 1728 2304
3 2304 1728 1729
3 2304 1729 2305
3 2305 1729 1730
3 2305 1730 2306
3 2306 1730 1731
3 2306 1731 2307
3 2307 1731 1732
3 2307 1732 2308
3 2308 1732 1733
3 2308 1733 2309
3 2309 1733 1734
3 2309 1734 2310
3 2310 1734 1735
3 2310 1735 2311
3 2311 1735 1736
3 2311 1736 2312
3 2312 1736 1737
3 2312 1737 2313
3 2313 1737 1738
3 2313 1738 2314
3 2314 1738 1739
3 2314 1739 2315
3 2315 1739 1740
3 2315 1740 2316
3 2316 1740 1741
3 2316 1741 2317
3 2317 1741 1742
3 2317 1742 2318
3 2318 1742 1743
3 2318 1743 2319
3 2319 1743 1744
3 2319 1744 2320
3 2320 1744 1745
3 2320 1745 2321
3 2321 1745 1746
3 2321 1746 2322
3 2322 1746 1747
3 2322 1747 2323
3 2323 1747 1748
3 2323 1748 2324
3 2324 1748 1749
3 2324 1749 2325
3 2325 1749 1750
3 2325 1750 2326
3 2326 1750 1751
3 2326 1751 2327
3 2327 1751 1752
3 2327 1752 2328
3 2328 1752 1753
3 2328 1753 2329
3 2329 1753 1754
3 2329 1754 2330
3 2330 1754 1755
3 2330 1755 2331
3 2331 1755 1756
3 2331 1756 2332
3 2332 1756 1757
3 2332 1757 2333
3 2333 1757 1758
3 2333 1758 2334
3 2334 1758 1759
3 2334 1759 2335
3 2335 1759 1760
3 2335 1760 2336
3 2336 1760 1761
3 2336 1761 2337
3 2337 1761 1762
3 2337 1762 2338
3 2338 1762 1763
3 2338 1763 2339
3 2339 1763 1764
3 2339 1764 2340
3 2340 1764 1765
3 2340 1765 2341
3 2341 1765 1766
3 2341 1766 2342
3 2342 1766 1767
3 2342 1767 2343
3 2343 1767 1768
3 2343 1768 2344
3 2344 1768 1769
3 2344 1769 2345
3 2345 1769 1770
3 2345 1770 2346
3 2346 1770 1771
3 2346 1771 2347
3 2347 1771 1772
3 2347 1772 2348
3 2348 1772 1773
3 2348 1773 2349
3 2349 1773 1774
3 2349 1774 2350
3 2350 1774 1775
3 2350 1775 2351
3 2351 1775 1776
3 2351 1776 2352
3 2352 1776 1777
3 2352 1777 2353
3 2353 1777 1778
3 2353 1778 2354
3 2354 1778 1779
3 2354 1779 2355
3 2355 1779 1780
3 2355 1780 2356
3 2356 1780 1781
3 2356 1781 2357
3 2357 1781 1782
3 2357 1782 2358
3 2358 1782 1783
3 2358 1783 2359
3 2359 1783 1784
3 2359 1784 2360
3 2360 1784 1785
3 2360 1785 2361
3 2361 1785 1786
3 2361 1786 2362
3 2362 1786 1787
3 2362 1787 2363
3 2363 1787 1788
3 2363 1788 2364
3 2364 1788 1789
3 2364 1789 2365
3 2365 1789 1790
3 2365 1790 2366
3 2366 1790 1791
3 2366 1791 2367
3 2367 1791 1792
3 2367 1792 2368
3 2368 1792 1793
3 2368 1793 2369
3 2369 1793 1794
3 2369 1794 2370
3 2370 1794 1795
3 2370 1795 2371
3 2371 1795 1796
3 2371 1796 2372
3 2372 1796 1797
3 2372 1797 2373
3 2373 1797 1798
3 2373 1798 2374
3 2374 1798 1799
3 2374 1799 2375
3 2375 1799 1800
3 2375 1800 2376
3 2376 1800 1801
3 2376 1801 2377
3 2377 1801 1802
3 2377 1802 2378
3 2378 1802 1803
3 2378 1803 2379
3 2379 1803 1804
3 2379 1804 2380
3 2380 1804 1805
3 2380 1805 2381
3 2381 1805 1806
3 2381 1806 2382
3 2382 1806 1807
3 2382 1807 2383
3 2383 1807 1808
3 2383 1808 2384
3 2384 1808 1809
3 2384 1809 2385
3 2385 1809 1810
3 2385 1810 2386
3 2386 1810 1811
3 2386 1811 2387
3 2387 1811 1812
3 2387 1812 2388
3 2388 1812 1813
3 2388 1813 2389
3 2389 1813 1814
3 2389 1814 2390
3 2390 1814 1815
3 2390 1815 2391
3 2391 1815 1816
3 2391 1816 2392
3 2392 1816 1817
3 2392 1817 2393
3 2393 1817 1818
3 2393 1818 2394
3 2394 1818 1819
3 2394 1819 2395
3 2395 1819 1820
3 2395 1820 2396
3 2396 1820 1821
3 2396 1821 2397
3 2397 1821 1822
3 2397 1822 2398
3 2398 1822 1823
3 2398 1823 2399
3 2399 1823 1824
3 2399 1824 2400
3 2400 1824 1825
3 2400 1825 2401
3 2401 1825 1826
3 2401 1826 2402
3 2402 1826 1827
3 2402 1827 2403
3 2403 1827 1828
3 2403 1828 2404
3 2404 1828 1829
3 2404 1829 2405
3 2405 1829 1830
3 2405 1830 2406
3 2406 1830 1831
3 2406 1831 2407
3 2407 1831 1832
3 2407 1832 2408
3 2408 1832 1833
3 2408 1833 2409
3 2409 1833 1834
3 2409 1834 2410
3 2410 1834 1835
3 2410 1835 2411
3 2411 1835 1836
3 2411 1836 2412
3 2412 1836 1837
3 2412 1837 2413
3 2413 1837 1838
3 2413 1838 2414
3 2414 1838 1839
3 2414 1839 2415
3 2415 1839 1840
3 2415 1840 2416
3 2416 1840 1841
3 2416 1841 2417
3 2417 1841 1842
3 2417 1842 2418
3 2418 1842 1843
3 2418 1843 2419
3 2419 1843 1844
3 2419 1844 2420
3 2420 1844 1845
3 2420 1845 2421
3 2421 1845 1846
3 2421 1846 2422
3 2422 1846 1847
3 2422 1847 2423
3 2423 1847 1848
3 2423 1848 2424
3 2424 1848 1849
3 2424 1849 2425
3 2425 1849 1850
3 2425 1850 2426
3 2426 1850 1851
3 2426 1851 2427
3 2427 1851 1852
3 2427 1852 2428
3 2428 1852 1853
3 2428 1853 2429
3 2429 1853 1854
3 2429 1854 2430
3 2430 1854 1855
3 2430 1855 2431
3 2431 1855 1856
3 2431 1856 2432
3 2432 1856 1857
3 2432 1857 2433
3 2433 1857 1858
3 2433 1858 2434
3 2434 1858 1859
3 2434 1859 2435
3 2435 1859 1860
3 2435 1860 2436
3 2436 1860 1669
3 2436 1669 2245
3 422 421 2090
3 2082 413 412
3 421 420 2090
3 568 2491 2492
3 2450 396 395
3 2440 387 386
3 408 407 2076
3 407 2457 2076
3 2456 404 403
3 2455 2456 403
3 2451 396 2450
3 396 2451 397
3 2173 2174 504
3 510 2178 2179
3 510 509 2178
3 542 2211 543
3 2457 2075 2076
3 408 2078 409
3 2082 414 413
3 2082 2083 414
3 444 443 2112
3 2112 443 442
3 2489 566 565
3 2497 573 572
3 567 2491 568
3 2492 569 568
3 385 384 2438
3 391 390 2445
3 406 2457 407
3 402 2455 403
3 402 401 2454
3 2455 402 2454
3 2453 400 399
3 400 2453 2454
3 401 400 2454
3 574 2499 575
3 2452 2453 399
3 398 2452 399
3 2452 398 397
3 2452 397 2451
3 505 504 2174
3 506 505 2174
3 2176 507 506
3 508 2178 509
3 508 507 2176
3 2542 2543 488
3 490 2545 491
3 502 2553 503
3 2550 498 497
3 2552 500 499
3 496 2550 497
3 2205 537 536
3 531 2201 532
3 532 2201 533
3 2201 2202 533
3 2480 2223 2224
3 2210 542 541
3 542 2210 2211
3 540 2210 541
3 543 2213 544
3 2459 2071 2072
3 2062 2464 2061
3 2460 2071 2459
3 2468 2056 2467
3 412 411 2080
3 2090 2091 422
3 2094 424 2093
3 2097 428 427
3 2097 2098 429
3 2097 429 428
3 426 2095 427
3 2077 408 2076
3 408 2077 2078
3 2088 420 419
3 418 2088 419
3 2081 2082 412
3 2081 412 2080
3 415 2084 416
3 2084 415 414
3 2084 414 2083
3 462 2516 463
3 2516 464 463
3 446 2115 447
3 2111 2112 442
3 442 441 2111
3 441 2110 2111
3 2124 455 454
3 2124 2125 456
3 455 2124 456
3 453 452 2122
3 454 453 2122
3 2119 2120 450
3 2120 451 450
3 2120 452 451
3 2490 2491 567
3 2490 566 2489
3 566 2490 567
3 553 2481 554
3 2480 2481 2223
3 2485 561 560
3 573 2498 574
3 2498 573 2497
3 574 2498 2499
3 2449 394 2448
3 394 2449 395
3 395 2449 2450
3 394 393 2448
3 2448 393 2447
3 393 392 2447
3 2457 405 2456
3 405 2457 406
3 405 404 2456
3 386 2439 2440
3 2438 2439 385
3 2439 386 385
3 2500 384 575
3 2500 575 2499
3 2177 2178 508
3 2176 2177 508
3 2543 489 488
3 488 487 2542
3 2546 492 491
3 2546 491 2545
3 2551 499 498
3 499 2551 2552
3 2550 2551 498
3 501 500 2552
3 501 2553 502
3 2553 501 2552
3 534 2203 535
3 2203 534 533
3 2202 2203 533
3 2199 531 530
3 2199 530 529
3 539 2208 540
3 2208 539 538
3 2212 543 2211
3 543 2212 2213
3 2214 545 544
3 2214 544 2213
3 2225 2480 2224
3 2480 2225 2479
3 2225 2226 2479
3 2242 2471 2241
3 2471 2242 2470
3 2242 2243 2470
3 2471 2472 2241
3 2475 2234 2235
3 2072 2073 2459
3 2464 2465 2061
3 2466 2059 2465
3 2467 2057 2466
3 2057 2467 2056
3 410 2079 2080
3 410 2080 411
3 2079 410 2078
3 410 409 2078
3 2094 425 424
3 426 425 2095
3 425 2094 2095
3 423 2093 424
3 423 422 2091
3 427 2096 2097
3 2096 427 2095
3 2089 2090 420
3 2089 420 2088
3 418 2087 2088
3 2087 418 417
3 2087 417 2086
3 2085 416 2084
3 2085 417 416
3 417 2085 2086
3 2116 447 2115
3 432 2102 433
3 452 2121 2122
3 2121 452 2120
3 555 554 2481
3 553 2222 2481
3 2222 2223 2481
3 552 2222 553
3 2222 552 2221
3 2486 562 561
3 2486 561 2485
3 562 2486 563
3 557 2483 558
3 559 2484 560
3 560 2484 2485
3 2484 559 558
3 2484 558 2483
3 572 571 2495
3 572 2496 2497
3 2496 572 2495
3 2493 570 569
3 2492 2493 569
3 390 2444 2445
3 2444 390 389
3 384 2437 2438
3 2437 384 2500
3 2175 506 2174
3 506 2175 2176
3 2172 2173 504
3 2172 504 503
3 2553 2172 503
3 2172 2553 2171
3 2140 2506 2139
3 2543 2544 489
3 490 2544 2545
3 2544 490 489
3 492 2547 493
3 2547 492 2546
3 2204 535 2203
3 2204 2205 536
3 2204 536 535
3 531 2200 2201
3 2200 531 2199
3 528 2198 529
3 529 2198 2199
3 540 2209 2210
3 2209 540 2208
3 2207 538 537
3 538 2207 2208
3 546 545 2214
3 2216 548 547
3 2216 547 546
3 2220 552 551
3 552 2220 2221
3 2220 551 550
3 2220 550 2219
3 2240 2241 2472
3 2238 2239 2473
3 2473 2239 2472
3 2472 2239 2240
3 2233 2476 2232
3 2233 2475 2476
3 2475 2233 2234
3 2474 2475 2235
3 2474 2235 2236
3 2237 2238 2473
3 2237 2473 2474
3 2236 2237 2474
3 2074 2458 2073
3 2458 2459 2073
3 2457 2458 2075
3 2458 2074 2075
3 2070 2071 2460
3 2054 2468 2469
3 2060 2061 2465
3 2060 2465 2059
3 2466 2058 2059
3 2058 2466 2057
3 2092 2093 423
3 2091 2092 423
3 471 2523 472
3 475 474 2526
3 469 468 2520
3 470 2522 471
3 2522 2523 471
3 2519 468 467
3 468 2519 2520
3 2118 449 448
3 449 2118 450
3 2118 2119 450
3 2113 444 2112
3 2100 432 431
3 2109 440 2108
3 440 2109 441
3 2109 2110 441
3 440 439 2108
3 2107 438 437
3 2106 2107 437
3 438 2107 439
3 2107 2108 439
3 2487 564 563
3 2487 563 2486
3 556 2482 557
3 557 2482 2483
3 2482 556 555
3 2481 2482 555
3 2494 570 2493
3 570 2494 571
3 2494 2495 571
3 2441 387 2440
3 387 2441 388
3 388 2441 2442
3 2445 2446 391
3 2446 392 391
3 392 2446 2447
3 389 2443 2444
3 388 2443 389
3 2443 388 2442
3 2170 2554 2169
3 2553 2554 2171
3 2554 2170 2171
3 2123 454 2122
3 454 2123 2124
3 2125 2126 456
3 2126 457 456
3 2152 2564 2151
3 2561 2562 2155
3 2155 2562 2154
3 2514 460 459
3 2514 461 460
3 2548 494 493
3 2548 493 2547
3 494 2548 495
3 2196 528 527
3 2205 2206 537
3 537 2206 2207
3 2214 2215 546
3 546 2215 2216
3 2217 548 2216
3 2226 2227 2479
3 2479 2227 2478
3 2227 2228 2478
3 2460 2069 2070
3 2461 2069 2460
3 2069 2461 2068
3 2461 2067 2068
3 2067 2461 2462
3 2066 2067 2462
3 2468 2055 2056
3 2055 2468 2054
3 2469 2053 2054
3 2063 2464 2062
3 2065 2066 2462
3 2463 2464 2063
3 2064 2463 2063
3 2462 2463 2065
3 2463 2064 2065
3 474 2525 2526
3 2525 474 473
3 2529 477 476
3 2529 476 2528
3 2526 2527 475
3 2527 476 475
3 476 2527 2528
3 470 2521 2522
3 2521 470 469
3 2520 2521 469
3 466 2518 467
3 467 2518 2519
3 465 2518 466
3 448 2117 2118
3 447 2117 448
3 2117 447 2116
3 2114 446 445
3 446 2114 2115
3 444 2114 445
3 2114 444 2113
3 435 2105 436
3 2105 435 2104
3 436 2105 437
3 2105 2106 437
3 2103 435 434
3 435 2103 2104
3 2103 434 433
3 2103 433 2102
3 2098 2099 429
3 429 2099 430
3 430 2099 431
3 431 2099 2100
3 432 2101 2102
3 2101 432 2100
3 564 2488 565
3 2488 564 2487
3 565 2488 2489
3 2161 2162 2558
3 2162 2163 2558
3 2559 2161 2558
3 2164 2557 2163
3 2163 2557 2558
3 2557 2164 2165
3 2147 2148 2502
3 2564 2150 2151
3 2146 2147 2502
3 2146 2502 2503
3 2563 2564 2152
3 2156 2561 2155
3 2561 2156 2157
3 2140 2141 2506
3 2515 2516 462
3 461 2515 462
3 2515 461 2514
3 2549 495 2548
3 2549 2550 496
3 495 2549 496
3 528 2197 2198
3 2197 528 2196
3 526 2195 527
3 527 2195 2196
3 2195 526 525
3 2218 550 549
3 550 2218 2219
3 548 2218 549
3 2218 548 2217
3 2243 2244 2470
3 2470 2244 2469
3 2469 2244 2053
3 473 2524 2525
3 2523 2524 472
3 472 2524 473
3 477 2530 478
3 2530 477 2529
3 2160 2161 2559
3 2560 2561 2157
3 2158 2560 2157
3 2167 2556 2166
3 2166 2556 2165
3 2165 2556 2557
3 2503 2145 2146
3 2144 2145 2504
3 2145 2503 2504
3 2152 2153 2563
3 2153 2154 2562
3 2153 2562 2563
3 2501 2149 2150
3 2564 2501 2150
3 2149 2501 2148
3 2501 2502 2148
3 2510 2132 2133
3 2510 2131 2132
3 465 2517 2518
3 2517 465 464
3 2516 2517 464
3 524 2193 525
3 523 2193 524
3 2231 2477 2230
3 2476 2231 2232
3 2231 2476 2477
3 2228 2229 2478
3 2229 2477 2478
3 2477 2229 2230
3 478 2531 479
3 2531 478 2530
3 2559 2159 2160
3 2158 2159 2560
3 2159 2559 2560
3 2555 2167 2168
3 2167 2555 2556
3 2555 2168 2169
3 2555 2169 2554
3 2143 2144 2504
3 2505 2506 2141
3 2142 2505 2141
3 2505 2142 2143
3 2504 2505 2143
3 2127 2513 2126
3 2513 457 2126
3 457 2513 458
3 458 2513 459
3 459 2513 2514
3 2508 2136 2137
3 2136 2508 2135
3 2134 2509 2133
3 2133 2509 2510
3 2509 2134 2135
3 2509 2135 2508
3 525 2194 2195
3 2194 525 2193
3 2191 523 522
3 2532 480 479
3 2532 479 2531
3 2512 2127 2128
3 2127 2512 2513
3 2129 2512 2128
3 2507 2138 2139
3 2507 2139 2506
3 2138 2507 2137
3 2137 2507 2508
3 523 2192 2193
3 2192 523 2191
3 522 521 2191
3 2189 520 519
3 480 2534 481
3 2130 2511 2129
3 2129 2511 2512
3 2511 2130 2131
3 2511 2131 2510
3 2190 2191 521
3 520 2190 521
3 2190 520 2189
3 518 2187 519
3 2533 480 2532
3 480 2533 2534
3 2535 482 481
3 2535 481 2534
3 519 2188 2189
3 2188 519 2187
3 517 2186 518
3 518 2186 2187
3 2186 517 516
3 2536 483 482
3 2536 482 2535
3 2184 516 515
3 514 2184 515
3 516 2185 2186
3 2185 516 2184
3 2183 514 513
3 514 2183 2184
3 2537 483 2536
3 483 2537 484
3 484 2537 2538
3 484 2539 485
3 2539 484 2538
3 513 2182 2183
3 486 2541 487
3 2541 2542 487
3 511 2180 512
3 2180 510 2179
3 510 2180 511
3 486 2540 2541
3 2540 486 485
3 2540 485 2539
3 2181 512 2180
3 2181 513 512
3 513 2181 2182
3 2565 2566 2438
3 2565 2438 2437
3 2566 2567 2439
3 2566 2439 2438
3 2567 2568 2440
3 2567 2440 2439
3 2568 2569 2441
3 2568 2441 2440
3 2569 2570 2442
3 2569 2442 2441
3 2570 2571 2443
3 2570 2443 2442
3 2571 2572 2444
3 2571 2444 2443
3 2572 2573 2445
3 2572 2445 2444
3 2573 2574 2446
3 2573 2446 2445
3 2574 2575 2447
3 2574 2447 2446
3 2575 2576 2448
3 2575 2448 2447
3 2576 2577 2449
3 2576 2449 2448
3 2577 2578 2450
3 2577 2450 2449
3 2578 2579 2451
3 2578 2451 2450
3 2579 2580 2452
3 2579 2452 2451
3 2580 2581 2453
3 2580 2453 2452
3 2581 2582 2454
3 2581 2454 2453
3 2582 2583 2455
3 2582 2455 2454
3 2583 2584 2456
3 2583 2456 2455
3 2584 2585 2457
3 2584 2457 2456
3 2585 2586 2458
3 2585 2458 2457
3 2586 2587 2459
3 2586 2459 2458
3 2587 2588 2460
3 2587 2460 2459
3 2588 2589 2461
3 2588 2461 2460
3 2589 2590 2462
3 2589 2462 2461
3 2590 2591 2463
3 2590 2463 2462
3 2591 2592 2464
3 2591 2464 2463
3 2592 2593 2465
3 2592 2465 2464
3 2593 2594 2466
3 2593 2466 2465
3 2594 2595 2467
3 2594 2467 2466
3 2595 2596 2468
3 2595 2468 2467
3 2596 2597 2469
3 2596 2469 2468
3 2597 2598 2470
3 2597 2470 2469
3 2598 2599 2471
3 2598 2471 2470
3 2599 2600 2472
3 2599 2472 2471
3 2600 2601 2473
3 2600 2473 2472
3 2601 2602 2474
3 2601 2474 2473
3 2602 2603 2475
3 2602 2475 2474
3 2603 2604 2476
3 2603 2476 2475
3 2604 2605 2477
3 2604 2477 2476
3 2605 2606 2478
3 2605 2478 2477
3 2606 2607 2479
3 2606 2479 2478
3 2607 2608 2480
3 2607 2480 2479
3 2608 2609 2481
3 2608 2481 2480
3 2609 2610 2482
3 2609 2482 2481
3 2610 2611 2483
3 2610 2483 2482
3 2611 2612 2484
3 2611 2484 2483
3 2612 2613 2485
3 2612 2485 2484
3 2613 2614 2486
3 2613 2486 2485
3 2614 2615 2487
3 2614 2487 2486
3 2615 2616 2488
3 2615 2488 2487
3 2616 2617 2489
3 2616 2489 2488
3 2617 2618 2490
3 2617 2490 2489
3 2618 2619 2491
3 2618 2491 2490
3 2619 2620 2492
3 2619 2492 2491
3 2620 2621 2493
3 2620 2493 2492
3 2621 2622 2494
3 2621 2494 2493
3 2622 2623 2495
3 2622 2495 2494
3 2623 2624 2496
3 2623 2496 2495
3 2624 2625 2497
3 2624 2497 2496
3 2625 2626 2498
3 2625 2498 2497
3 2626 2627 2499
3 2626 2499 2498
3 2627 2628 2500
3 2627 2500 2499
3 2628 2565 2437
3 2628 2437 2500
3 2629 2566 2565
3 2629 2567 2566
3 2629 2568 2567
3 2629 2569 2568
3 2629 2570 2569
3 2629 2571 2570
3 2629 2572 2571
3 2629 2573 2572
3 2629 2574 2573
3 2629 2575 2574
3 2629 2576 2575
3 2629 2577 2576
3 2629 2578 2577
3 2629 2579 2578
3 2629 2580 2579
3 2629 2581 2580
3 2629 2582 2581
3 2629 2583 2582
3 2629 2584 2583
3 2629 2585 2584
3 2629 2586 2585
3 2629 2587 2586
3 2629 2588 2587
3 2629 2589 2588
3 2629 2590 2589
3 2629 2591 2590
3 2629 2592 2591
3 2629 2593 2592
3 2629 2594 2593
3 2629 2595 2594
3 2629 2596 2595
3 2629 2597 2596
3 2629 2598 2597
3 2629 2599 2598
3 2629 2600 2599
3 2629 2601 2600
3 2629 2602 2601
3 2629 2603 2602
3 2629 2604 2603
3 2629 2605 2604
3 2629 2606 2605
3 2629 2607 2606
3 2629 2608 2607
3 2629 2609 2608
3 2629 2610 2609
3 2629 2611 2610
3 2629 2612 2611
3 2629 2613 2612
3 2629 2614 2613
3 2629 2615 2614
3 2629 2616 2615
3 2629 2617 2616
3 2629 2618 2617
3 2629 2619 2618
3 2629 2620 2619
3 2629 2621 2620
3 2629 2622 2621
3 2629 2623 2622
3 2629 2624 2623
3 2629 2625 2624
3 2629 2626 2625
3 2629 2627 2626
3 2629 2628 2627
3 2629 2565 2628
3 2630 2631 2502
3 2630 2502 2501
3 2631 2632 2503
3 2631 2503 2502
3 2632 2633 2504
3 2632 2504 2503
3 2633 2634 2505
3 2633 2505 2504
3 2634 2635 2506
3 2634 2506 2505
3 2635 2636 2507
3 2635 2507 2506
3 2636 2637 2508
3 2636 2508 2507
3 2637 2638 2509
3 2637 2509 2508
3 2638 2639 2510
3 2638 2510 2509
3 2639 2640 2511
3 2639 2511 2510
3 2640 2641 2512
3 2640 2512 2511
3 2641 2642 2513
3 2641 2513 2512
3 2642 2643 2514
3 2642 2514 2513
3 2643 2644 2515
3 2643 2515 2514
3 2644 2645 2516
3 2644 2516 2515
3 2645 2646 2517
3 2645 2517 2516
3 2646 2647 2518
3 2646 2518 2517
3 2647 2648 2519
3 2647 2519 2518
3 2648 2649 2520
3 2648 2520 2519
3 2649 2650 2521
3 2649 2521 2520
3 2650 2651 2522
3 2650 2522 2521
3 2651 2652 2523
3 2651 2523 2522
3 2652 2653 2524
3 2652 2524 2523
3 2653 2654 2525
3 2653 2525 2524
3 2654 2655 2526
3 2654 2526 2525
3 2655 2656 2527
3 2655 2527 2526
3 2656 2657 2528
3 2656 2528 2527
3 2657 2658 2529
3 2657 2529 2528
3 2658 2659 2530
3 2658 2530 2529
3 2659 2660 2531
3 2659 2531 2530
3 2660 2661 2532
3 2660 2532 2531
3 2661 2662 2533
3 2661 2533 2532
3 2662 2663 2534
3 2662 2534 2533
3 2663 2664 2535
3 2663 2535 2534
3 2664 2665 2536
3 2664 2536 2535
3 2665 2666 2537
3 2665 2537 2536
3 2666 2667 2538
3 2666 2538 2537
3 2667 2668 2539
3 2667 2539 2538
3 2668 2669 2540
3 2668 2540 2539
3 2669 2670 2541
3 2669 2541 2540
3 2670 2671 2542
3 2670 2542 2541
3 2671 2672 2543
3 2671 2543 2542
3 2672 2673 2544
3 2672 2544 2543
3 2673 2674 2545
3 2673 2545 2544
3 2674 2675 2546
3 2674 2546 2545
3 2675 2676 2547
3 2675 2547 2546
3 2676 2677 2548
3 2676 2548 2547
3 2677 2678 2549
3 2677 2549 2548
3 2678 2679 2550
3 2678 2550 2549
3 2679 2680 2551
3 2679 2551 2550
3 2680 2681 2552
3 2680 2552 2551
3 2681 2682 2553
3 2681 2553 2552
3 2682 2683 2554
3 2682 2554 2553
3 2683 2684 2555
3 2683 2555 2554
3 2684 2685 2556
3 2684 2556 2555
3 2685 2686 2557
3 2685 2557 2556
3 2686 2687 2558
3 2686 2558 2557
3 2687 2688 2559
3 2687 2559 2558
3 2688 2689 2560
3 2688 2560 2559
3 2689 2690 2561
3 2689 2561 2560
3 2690 2691 2562
3 2690 2562 2561
3 2691 2692 2563
3 2691 2563 2562
3 2692 2693 2564
3 2692 2564 2563
3 2693 2630 2501
3 2693 2501 2564
3 2694 2631 2630
3 2694 2632 2631
3 2694 2633 2632
3 2694 2634 2633
3 2694 2635 2634
3 2694 2636 2635
3 2694 2637 2636
3 2694 2638 2637
3 2694 2639 2638
3 2694 2640 2639
3 2694 2641 2640
3 2694 2642 2641
3 2694 2643 2642
3 2694 2644 2643
3 2694 2645 2644
3 2694 2646 2645
3 2694 2647 2646
3 2694 2648 2647
3 2694 2649 2648
3 2694 2650 2649
3 2694 2651 2650
3 2694 2652 2651
3 2694 2653 2652
3 2694 2654 2653
3 2694 2655 2654
3 2694 2656 2655
3 2694 2657 2656
3 2694 2658 2657
3 2694 2659 2658
3 2694 2660 2659
3 2694 2661 2660
3 2694 2662 2661
3 2694 2663 2662
3 2694 2664 2663
3 2694 2665 2664
3 2694 2666 2665
3 2694 2667 2666
3 2694 2668 2667
3 2694 2669 2668
3 2694 2670 2669
3 2694 2671 2670
3 2694 2672 2671
3 2694 2673 2672
3 2694 2674 2673
3 2694 2675 2674
3 2694 2676 2675
3 2694 2677 2676
3 2694 2678 2677
3 2694 2679 2678
3 2694 2680 2679
3 2694 2681 2680
3 2694 2682 2681
3 2694 2683 2682
3 2694 2684 2683
3 2694 2685 2684
3 2694 2686 2685
3 2694 2687 2686
3 2694 2688 2687
3 2694 2689 2688
3 2694 2690 2689
3 2694 2691 2690
3 2694 2692 2691
3 2694 2693 2692
3 2694 2630 2693
CELL_DATA 5386
SCALARS region_id int 1
LOOKUP_TABLE default
8
8
8
8
8
8
8
8
8
8
8
8
8
8
8
8
8
8
8
8
8
8
8
8
8
8
8
8
8
8
8
8
8
8
8
8
8
8
8
8
8
8
8
8
8
8
8
8
8
8
8
8
8
8
8
8
8
8
8
8
8
8
8
8
8
8
8
8
8
8
8
8
8
8
8
8
8
8
8
8
8
8
8
8
8
8
8
8
8
8
8
8
8
8
8
8
8
8
8
8
8
8
8
8
8
8
8
8
8
8
8
8
8
8
8
8
8
8
8
8
8
8
8
8
8
8
8
8
8
8
8
8
8
8
8
8
8
8
8
8
8
8
8
8
8
8
8
8
8
8
8
8
8
8
8
8
8
8
8
8
8
8
8
8
8
8
8
8
8
8
8
8
8
8
8
8
8
8
8
8
8
8
8
8
8
8
8
8
8
8
8
8
8
8
8
8
8
8
8
8
8
8
8
8
8
8
8
8
8
8
8
8
8
8
8
8
8
8
8
8
8
8
8
8
8
8
8
8
8
8
8
8
8
8
8
8
8
8
8
8
8
8
8
8
8
8
8
8
8
8
8
8
8
8
8
8
8
8
8
8
8
8
8
8
8
8
8
8
8
8
8
8
8
8
8
8
8
8
8
8
8
8
8
8
8
8
8
8
8
8
8
8
8
8
8
8
8
8
8
8
8
8
8
8
8
8
8
8
8
8
8
8
8
8
8
8
8
8
8
8
8
8
8
8
8
8
8
8
8
8
8
8
8
8
8
8
8
8
8
8
8
8
8
8
8
8
8
8
8
8
8
8
8
8
8
8
8
8
8
8
8
8
8
8
8
8
8
8
8
8
8
8
8
8
8
8
8
8
8
8
8
8
8
8
8
8
8
8
8
8
8
8
8
8
8
8
8
8
8
8
8
8
8
8
8
8
8
8
8
8
8
8
8
8
8
8
8
8
8
8
8
8
8
8
8
8
8
8
8
8
8
8
8
8
8
8
8
8
8
8
8
8
8
8
8
8
8
8
8
8
8
8
8
8
8
8
8
8
8
8
8
8
8
8
8
8
8
8
8
8
8
8
8
8
8
8
8
8
8
8
8
8
8
8
8
8
8
8
8
8
8
8
8
8
8
8
8
8
8
8
8
8
8
8
8
8
8
8
8
8
8
8
8
8
8
8
8
8
8
8
8
8
8
8
8
8
8
8
8
8
8
8
8
8
8
8
8
8
8
8
8
8
8
8
8
8
8
8
8
8
8
8
8
8
8
8
8
8
8
8
8
8
8
8
8
8
8
8
8
8
8
8
8
8
8
8
8
8
8
8
8
8
8
8
8
8
8
8
8
8
8
8
8
8
8
8
8
8
8
8
8
8
8
8
8
8
8
8
8
8
8
8
8
8
8
8
8
8
8
8
8
8
8
8
8
8
8
8
8
8
8
8
8
8
8
8
8
8
8
8
8
8
8
8
8
8
8
8
8
8
8
8
8
8
8
8
8
8
8
8
8
8
8
8
8
8
8
8
8
8
8
8
8
8
8
8
8
8
8
8
8
8
8
8
8
8
8
8
8
8
8
8
8
8
8
8
8
8
8
8
8
8
8
8
8
8
8
8
8
8
8
8
8
8
8
8
8
8
8
8
8
8
8
8
8
8
8
8
8
8
8
8
8
8
8
8
8
8
8
8
8
8
8
8
8
8
8
8
8
8
8
8
8
8
8
8
8
8
8
8
8
8
8
8
8
8
8
8
8
8
8
8
8
8
8
8
8
8
8
8
8
8
8
8
8
8
8
8
8
8
8
8
8
8
8
8
8
8
8
8
8
8
8
8
8
8
8
8
8
8
8
8
8
8
8
8
8
8
8
8
8
8
8
8
8
8
8
8
8
8
8
8
8
8
8
8
8
8
8
8
8
8
8
8
8
8
8
8
8
8
8
8
8
8
8
8
8
8
8
8
8
8
8
8
8
8
8
8
8
8
8
8
8
8
8
8
8
8
8
8
8
8
8
8
8
8
8
8
8
8
8
8
8
8
8
8
8
8
8
8
8
8
8
8
8
8
8
8
8
8
8
8
8
8
8
8
8
8
8
8
8
8
8
8
8
8
8
8
8
8
8
8
8
8
8
8
8
8
8
8
8
8
8
8
8
8
8
8
8
8
8
8
8
8
8
8
8
8
8
8
8
8
8
8
8
8
8
8
8
8
8
8
8
8
8
8
8
8
8
8
8
8
8
8
8
8
8
8
8
8
8
8
8
8
8
8
8
8
8
8
8
8
8
8
8
8
8
8
8
8
8
8
8
8
8
8
8
8
8
8
8
8
8
8
8
8
8
8
8
8
8
8
8
8
8
8
8
8
8
8
8
8
8
8
8
8
8
8
8
8
8
8
8
8
8
8
8
8
8
8
8
8
8
8
8
8
8
8
8
8
8
8
8
8
8
8
8
8
8
8
8
8
8
8
8
8
8
8
8
8
8
8
8
8
8
8
8
8
8
8
8
8
8
8
8
8
8
8
8
8
8
8
8
8
8
8
8
8
8
8
8
8
8
8
8
8
8
8
8
8
8
8
8
8
8
8
8
8
8
8
8
8
8
8
8
8
8
8
8
8
8
8
8
8
8
8
8
8
8
8
8
8
8
8
8
8
8
8
8
8
8
8
8
8
8
8
8
8
8
8
8
8
8
8
8
8
8
8
8
8
8
8
8
8
8
8
8
8
8
8
8
8
8
8
8
8
8
8
8
8
8
8
8
8
8
8
8
8
8
8
8
8
8
8
8
8
8
8
8
8
8
8
8
8
8
8
8
8
8
8
8
8
8
8
8
8
8
8
8
8
8
8
8
8
8
8
8
8
8
8
8
8
8
8
8
8
8
8
8
8
8
8
8
8
8
8
8
8
8
8
8
8
8
8
8
8
8
8
8
8
8
8
8
8
8
8
8
8
8
8
8
8
8
8
8
8
8
8
8
8
8
8
8
8
8
8
8
8
8
8
8
8
8
8
8
8
8
8
8
8
8
8
8
8
8
8
8
8
8
8
8
8
8
8
8
8
8
8
8
8
0
0
0
0
0
0
0
0
0
0
0
0
0
0
0
0
0
0
0
0
0
0
0
0
0
0
0
0
0
0
0
0
0
0
0
0
0
0
0
0
0
0
0
0
0
0
0
0
0
0
0
0
0
0
0
0
0
0
0
0
0
0
0
0
8
8
8
8
8
8
8
8
8
8
8
8
8
8
8
8
8
8
8
8
8
8
8
8
8
8
8
8
8
8
8
8
8
8
8
8
8
8
8
8
8
8
8
8
8
8
8
8
8
8
8
8
8
8
8
8
8
8
8
8
8
8
8
8
8
8
8
8
8
8
8
8
8
8
8
8
8
8
8
8
8
8
8
8
8
8
8
8
8
8
8
8
8
8
8
8
8
8
8
8
8
8
8
8
8
8
8
8
8
8
8
8
8
8
8
8
8
8
8
8
8
8
8
8
8
8
8
8
1
1
1
1
1
1
1
1
1
1
1
1
1
1
1
1
1
1
1
1
1
1
1
1
1
1
1
1
1
1
1
1
1
1
1
1
1
1
1
1
1
1
1
1
1
1
1
1
1
1
1
1
1
1
1
1
1
1
1
1
1
1
1
1
8
8
8
8
8
8
8
8
8
8
8
8
8
8
8
8
8
8
8
8
8
8
8
8
8
8
8
8
8
8
8
8
8
8
8
8
8
8
8
8
8
8
8
8
8
8
8
8
8
8
8
8
8
8
8
8
8
8
8
8
8
8
8
8
8
8
8
8
8
8
8
8
8
8
8
8
8
8
8
8
8
8
8
8
8
8
8
8
8
8
8
8
8
8
8
8
8
8
8
8
8
8
8
8
8
8
8
8
8
8
8
8
8
8
8
8
8
8
8
8
8
8
8
8
8
8
8
8
2
2
2
2
2
2
2
2
2
2
2
2
2
2
2
2
2
2
2
2
2
2
2
2
2
2
2
2
2
2
2
2
2
2
2
2
2
2
2
2
2
2
2
2
2
2
2
2
2
2
2
2
2
2
2
2
2
2
2
2
2
2
2
2
8
8
8
8
8
8
8
8
8
8
8
8
8
8
8
8
8
8
8
8
8
8
8
8
8
8
8
8
8
8
8
8
8
8
8
8
8
8
8
8
8
8
8
8
8
8
8
8
8
8
8
8
8
8
8
8
8
8
8
8
8
8
8
8
8
8
8
8
8
8
8
8
8
8
8
8
8
8
8
8
8
8
8
8
8
8
8
8
8
8
8
8
8
8
8
8
8
8
8
8
8
8
8
8
8
8
8
8
8
8
8
8
8
8
8
8
8
8
8
8
8
8
8
8
8
8
8
8
3
3
3
3
3
3
3
3
3
3
3
3
3
3
3
3
3
3
3
3
3
3
3
3
3
3
3
3
3
3
3
3
3
3
3
3
3
3
3
3
3
3
3
3
3
3
3
3
3
3
3
3
3
3
3
3
3
3
3
3
3
3
3
3
7
7
7
7
7
7
7
7
7
7
7
7
7
7
7
7
7
7
7
7
7
7
7
7
7
7
7
7
7
7
7
7
7
7
7
7
7
7
7
7
7
7
7
7
7
7
7
7
7
7
7
7
7
7
7
7
7
7
7
7
7
7
7
7
7
7
7
7
7
7
7
7
7
7
7
7
7
7
7
7
7
7
7
7
7
7
7
7
7
7
7
7
7
7
7
7
7
7
7
7
7
7
7
7
7
7
7
7
7
7
7
7
7
7
7
7
7
7
7
7
7
7
7
7
7
7
7
7
7
7
7
7
7
7
7
7
7
7
7
7
7
7
7
7
7
7
7
7
7
7
7
7
7
7
7
7
7
7
7
7
7
7
7
7
7
7
7
7
7
7
7
7
7
7
7
7
7
7
7
7
7
7
7
7
7
7
7
7
7
7
7
7
6
6
6
6
6
6
6
6
6
6
6
6
6
6
6
6
6
6
6
6
6
6
6
6
6
6
6
6
6
6
6
6
6
6
6
6
6
6
6
6
6
6
6
6
6
6
6
6
6
6
6
6
6
6
6
6
6
6
6
6
6
6
6
6
6
6
6
6
6
6
6
6
6
6
6
6
6
6
6
6
6
6
6
6
6
6
6
6
6
6
6
6
6
6
6
6
6
6
6
6
6
6
6
6
6
6
6
6
6
6
6
6
6
6
6
6
6
6
6
6
6
6
6
6
6
6
6
6
6
6
6
6
6
6
6
6
6
6
6
6
6
6
6
6
6
6
6
6
6
6
6
6
6
6
6
6
6
6
6
6
6
6
6
6
6
6
6
6
6
6
6
6
6
6
6
6
6
6
6
6
6
6
6
6
6
6
6
6
6
6
6
6
6
6
6
6
6
6
6
6
6
6
6
6
6
6
6
6
6
6
6
6
6
6
6
6
6
6
6
6
6
6
6
6
6
6
6
6
6
6
6
6
6
6
6
6
6
6
6
6
6
6
6
6
6
6
6
6
6
6
6
6
6
6
6
6
6
6
6
6
6
6
6
6
6
6
6
6
6
6
6
6
6
6
6
6
6
6
6
6
6
6
6
6
6
6
6
6
6
6
6
6
6
6
6
6
6
6
6
6
6
6
6
6
6
6
6
6
6
6
6
6
6
6
6
6
6
6
6
6
6
6
6
6
6
6
6
6
6
6
6
6
6
6
6
6
6
6
6
6
6
6
6
6
6
6
6
6
6
6
6
6
6
6
6
6
6
6
6
6
6
6
6
6
6
6
6
6
6
6
6
6
6
6
6
6
6
6
6
6
6
6
6
6
6
6
6
6
6
6
6
6
6
6
6
6
6
6
6
6
6
6
6
6
6
6
6
6
6
6
6
6
6
6
6
6
6
6
6
6
6
6
6
6
6
6
6
6
6
6
6
6
6
6
6
6
6
6
6
6
6
6
6
6
6
6
6
6
6
6
6
6
6
6
6
6
6
6
6
6
6
6
6
6
6
6
6
6
6
6
6
6
6
6
6
6
6
6
6
6
6
6
6
6
6
6
6
6
6
6
6
6
6
6
6
6
6
6
6
6
6
6
6
6
6
6
6
6
6
6
6
6
6
6
6
6
6
6
6
6
6
6
6
6
6
6
6
6
6
6
6
6
6
6
6
6
6
6
6
6
6
6
6
6
6
6
6
6
6
6
6
6
6
6
6
6
6
6
6
6
6
6
6
6
6
6
6
6
6
6
6
6
6
6
6
6
6
6
6
6
6
6
6
6
6
6
6
6
6
6
6
6
6
6
6
6
6
6
6
6
6
6
6
6
6
6
6
6
6
6
6
6
6
6
6
6
6
6
6
6
6
6
6
6
6
6
6
6
6
6
6
6
6
6
6
6
6
6
6
6
6
6
6
6
6
6
6
6
6
6
6
6
6
6
6
6
6
6
6
6
6
6
6
6
6
6
6
6
6
6
6
6
6
6
6
6
6
6
6
6
6
6
6
6
6
6
6
6
6
6
6
6
6
6
6
6
6
6
6
6
6
6
6
6
6
6
6
6
6
6
6
6
6
6
6
6
6
6
6
6
6
6
6
6
6
6
6
6
6
6
6
6
6
6
6
6
6
6
6
6
6
6
6
6
6
6
6
6
6
6
6
6
6
6
6
6
6
6
6
6
6
6
6
6
6
6
6
6
6
6
6
6
6
6
6
6
6
6
6
6
6
6
6
6
6
6
6
6
6
6
6
6
6
6
6
6
6
6
6
6
6
6
6
6
6
6
6
6
6
6
6
6
6
6
6
6
6
6
6
6
6
6
6
6
6
6
6
6
6
6
6
6
6
6
6
6
6
6
6
6
6
6
6
6
6
6
6
6
6
6
6
6
6
6
6
6
6
6
6
6
6
6
6
6
6
6
6
6
6
6
6
6
6
6
6
6
6
6
6
6
6
6
6
6
6
6
6
6
6
6
6
6
6
6
6
6
6
6
6
6
6
6
6
6
6
6
6
6
6
6
6
6
6
6
6
6
6
6
6
6
6
6
6
6
6
6
6
6
6
6
6
6
6
6
6
6
6
6
6
6
6
6
6
6
6
6
6
6
6
6
6
6
6
6
6
6
6
6
6
6
6
6
6
6
6
6
6
6
6
6
6
6
6
6
6
6
6
6
6
6
6
6
6
6
6
6
6
6
6
6
6
6
6
6
6
6
6
6
6
6
6
6
6
6
6
6
6
6
6
6
6
6
6
6
6
6
6
6
6
6
6
6
6
6
6
6
6
6
6
6
6
6
6
6
6
6
6
6
6
6
6
6
6
6
6
6
6
6
6
6
6
6
6
6
6
6
6
6
6
6
6
6
6
6
6
6
6
6
6
6
6
6
6
6
6
6
6
6
6
6
6
6
6
6
6
6
6
6
6
6
6
6
6
6
6
6
6
6
6
6
6
6
6
6
6
6
6
6
6
6
6
6
6
6
6
6
6
6
6
6
6
6
6
6
6
6
6
6
6
6
6
6
6
6
6
6
6
6
6
6
6
6
6
6
6
6
6
6
6
6
6
6
6
6
6
6
6
6
6
6
6
6
6
6
6
6
6
6
6
6
6
6
6
6
6
6
6
6
6
6
6
6
6
6
6
6
6
6
6
6
6
6
6
6
6
6
6
6
6
6
6
6
6
6
6
6
6
6
6
6
6
6
6
6
6
6
6
6
6
6
6
6
6
6
6
6
6
6
6
6
6
6
6
6
6
6
6
6
6
6
6
6
6
6
6
6
6
6
6
6
6
6
6
6
6
6
6
6
6
6
6
6
6
6
6
6
6
6
6
6
6
6
6
6
6
6
6
6
6
6
6
6
6
6
6
6
6
6
6
6
6
6
6
6
6
6
6
6
6
6
6
6
6
6
6
6
6
6
6
6
6
6
6
6
6
6
6
6
6
6
6
6
6
6
6
6
6
6
6
6
6
6
6
6
6
6
6
6
6
6
6
6
6
6
6
6
6
6
6
6
6
6
6
6
6
6
6
6
6
6
6
6
6
6
6
6
6
6
6
6
6
6
6
6
6
6
6
6
6
6
6
6
6
6
6
6
6
6
6
6
6
6
6
6
6
6
6
6
6
6
6
6
6
6
6
6
6
6
6
6
6
6
6
6
6
6
6
6
6
6
6
6
6
6
6
6
6
6
6
6
6
6
6
6
6
6
6
6
6
6
6
6
6
6
6
6
6
6
6
6
6
6
6
6
6
6
6
6
6
6
6
6
6
6
6
6
6
6
6
6
6
6
6
6
6
6
6
6
6
6
6
6
6
6
6
6
6
6
6
6
6
6
6
6
6
6
6
6
6
6
6
6
6
6
6
6
6
6
6
6
6
6
6
6
6
6
6
6
6
6
6
6
6
6
6
6
6
6
6
6
6
6
6
6
6
6
6
6
6
6
6
6
6
6
6
6
6
6
6
6
6
6
6
6
6
6
6
6
6
6
6
6
6
6
6
6
6
6
6
6
6
6
6
6
6
6
6
6
6
6
6
6
6
6
6
6
6
6
6
6
6
6
6
6
6
6
6
6
6
6
6
6
6
6
6
6
6
6
6
6
6
6
6
6
6
6
6
6
6
6
6
6
6
6
6
6
6
6
6
6
6
6
6
6
6
6
6
6
6
6
6
6
6
6
6
6
6
6
6
6
6
6
6
6
6
6
6
6
6
6
6
6
6
6
6
6
6
6
6
6
6
6
6
6
6
6
6
6
6
6
6
6
6
6
6
6
6
6
6
6
6
6
6
6
6
6
6
6
6
6
6
6
6
6
6
6
6
6
6
6
6
6
6
6
6
6
6
6
6
6
6
6
6
6
6
6
6
6
6
6
6
6
6
6
6
6
6
6
6
6
6
6
6
6
6
6
6
6
6
6
6
6
6
6
6
6
6
6
6
6
6
6
6
6
6
6
6
6
6
6
6
6
6
6
6
6
6
6
6
6
6
6
6
6
6
6
6
6
6
6
6
6
6
6
6
6
6
6
6
6
6
6
6
6
6
6
6
6
6
6
6
6
6
6
6
6
6
6
6
6
6
6
6
6
6
6
6
6
6
6
6
6
6
6
6
6
6
6
6
6
6
6
6
6
6
6
6
6
6
6
6
6
6
6
6
6
6
6
6
6
6
6
6
6
6
6
6
6
6
6
6
6
6
6
6
6
6
6
6
6
6
6
6
6
6
6
6
6
6
6
6
6
6
6
6
6
6
6
6
6
6
6
6
6
6
6
6
6
6
6
6
6
6
6
6
6
6
6
6
6
6
6
6
6
6
6
6
6
6
6
6
6
6
6
6
6
6
6
6
6
6
6
6
6
6
6
6
6
6
6
6
6
6
6
6
6
6
6
6
6
6
6
6
6
6
6
6
6
6
6
6
6
6
6
6
6
6
6
6
6
6
6
6
6
6
6
6
6
6
6
6
6
6
6
6
6
6
6
6
6
6
6
6
6
6
6
6
6
6
6
6
6
6
6
6
6
6
6
6
6
6
6
6
6
6
6
6
6
6
6
6
6
6
6
6
6
6
6
6
6
6
6
6
6
6
6
6
6
6
6
6
6
6
6
6
6
6
6
6
6
6
6
6
6
6
6
6
6
6
6
6
6
6
6
6
6
6
6
6
6
6
6
6
6
6
6
6
6
6
6
6
6
6
6
6
6
6
6
6
6
6
6
6
6
6
6
6
6
6
6
6
6
6
6
6
6
6
6
6
6
6
6
6
6
6
6
6
6
6
6
6
6
6
6
6
6
6
6
6
6
6
6
6
6
6
6
6
6
6
6
6
6
6
6
6
6
6
6
6
6
6
6
6
6
6
6
6
6
6
6
6
6
6
6
6
6
6
6
6
6
6
6
6
6
6
6
6
6
6
6
6
6
6
6
6
6
6
6
6
6
6
6
6
6
6
6
6
6
6
6
6
6
6
6
6
6
6
6
6
6
6
6
6
6
6
6
6
6
6
6
6
6
6
6
6
6
6
6
6
6
6
6
6
6
6
6
6
6
6
6
6
6
6
6
6
6
6
6
6
6
6
6
6
6
6
6
6
6
6
6
6
6
6
6
6
6
6
6
6
6
6
6
6
6
6
6
6
6
6
6
6
6
6
6
6
6
6
6
6
6
6
6
6
6
8
8
8
8
8
8
8
8
8
8
8
8
8
8
8
8
8
8
8
8
8
8
8
8
8
8
8
8
8
8
8
8
8
8
8
8
8
8
8
8
8
8
8
8
8
8
8
8
8
8
8
8
8
8
8
8
8
8
8
8
8
8
8
8
8
8
8
8
8
8
8
8
8
8
8
8
8
8
8
8
8
8
8
8
8
8
8
8
8
8
8
8
8
8
8
8
8
8
8
8
8
8
8
8
8
8
8
8
8
8
8
8
8
8
8
8
8
8
8
8
8
8
8
8
8
8
8
8
8
8
8
8
8
8
8
8
8
8
8
8
8
8
8
8
8
8
8
8
8
8
8
8
8
8
8
8
8
8
8
8
8
8
8
8
8
8
8
8
8
8
8
8
8
8
8
8
8
8
8
8
8
8
8
8
8
8
8
8
8
8
8
8
8
8
8
8
8
8
8
8
8
8
8
8
8
8
8
8
8
8
8
8
8
8
8
8
8
8
8
8
8
8
8
8
8
8
8
8
8
8
8
8
8
8
8
8
8
8
8
8
8
8
8
8
8
8
8
8
8
8
8
8
8
8
8
8
8
8
8
8
8
8
8
8
8
8
8
8
8
8
8
8
8
8
8
8
8
8
8
8
8
8
8
8
8
8
8
8
8
8
8
8
8
8
8
8
8
8
8
8
8
8
8
8
8
8
8
8
8
8
8
8
8
8
8
8
8
8
8
8
8
8
8
8
8
8
8
8
8
8
8
8
8
8
8
8
8
8
8
8
8
8
8
8
8
8
8
8
8
8
8
8
8
8
8
8
8
8
8
8
8
8
8
8
8
8
8
8
8
8
8
8
8
8
8
8
8
8
8
8
8
8
8
8
8
8
8
8
8
8
8
8
8
8
8
8
8
8
8
8
8
8
8
8
8
8
8
8
8
8
8
8
8
8
8
8
8
8
8
8
8
8
8
8
8
8
8
8
8
8
8
8
8
8
8
8
8
8
8
8
8
8
8
8
8
8
8
8
8
8
8
8
8
8
8
8
8
8
8
8
8
8
8
8
8
8
8
8
8
8
8
8
8
8
8
8
8
8
8
8
8
8
8
8
8
8
8
8
8
8
8
8
8
8
8
8
8
8
8
8
8
8
8
8
8
8
8
8
8
8
8
8
8
8
8
8
8
8
8
8
8
8
8
8
8
8
8
8
8
8
8
8
8
8
8
8
8
8
8
8
8
8
8
8
8
8
8
8
8
8
8
8
8
8
8
8
8
8
8
8
8
8
8
8
8
8
8
8
8
8
8
8
8
8
8
8
8
8
8
8
8
8
8
8
8
8
8
8
8
8
8
8
8
8
8
8
8
8
8
8
8
8
8
8
8
8
8
8
8
8
8
8
8
8
8
8
8
8
8
8
8
8
8
8
8
8
8
8
8
8
8
8
8
8
8
8
8
8
8
8
8
8
8
8
4
4
4
4
4
4
4
4
4
4
4
4
4
4
4
4
4
4
4
4
4
4
4
4
4
4
4
4
4
4
4
4
4
4
4
4
4
4
4
4
4
4
4
4
4
4
4
4
4
4
4
4
4
4
4
4
4
4
4
4
4
4
4
4
8
8
8
8
8
8
8
8
8
8
8
8
8
8
8
8
8
8
8
8
8
8
8
8
8
8
8
8
8
8
8
8
8
8
8
8
8
8
8
8
8
8
8
8
8
8
8
8
8
8
8
8
8
8
8
8
8
8
8
8
8
8
8
8
8
8
8
8
8
8
8
8
8
8
8
8
8
8
8
8
8
8
8
8
8
8
8
8
8
8
8
8
8
8
8
8
8
8
8
8
8
8
8
8
8
8
8
8
8
8
8
8
8
8
8
8
8
8
8
8
8
8
8
8
8
8
8
8
5
5
5
5
5
5
5
5
5
5
5
5
5
5
5
5
5
5
5
5
5
5
5
5
5
5
5
5
5
5
5
5
5
5
5
5
5
5
5
5
5
5
5
5
5
5
5
5
5
5
5
5
5
5
5
5
5
5
5
5
5
5
5
5
