# vtk DataFile Version 3.0
NIST-inspired gas boundary, metres
ASCII
DATASET POLYDATA
POINTS 2824 double
0.051 0 -0.11
0.0509726939613 0.0016686732239 -0.11
0.0508908050852 0.0033355595907 -0.11
0.0507544210603 0.0049988741568 -0.11
0.0505636879301 0.0066568358032 -0.11
0.0503188099363 0.0083076691431 -0.11
0.0500200493006 0.0099496064228 -0.11
0.0496677259431 0.0115808894148 -0.11
0.0492622171407 0.0131997713002 -0.11
0.0488039571223 0.01480451854 -0.11
0.0482934366043 0.0163934127305 -0.11
0.0477312022646 0.017964752444 -0.11
0.0471178561581 0.0195168550506 -0.11
0.046454055071 0.02104805852 -0.11
0.0457405098182 0.0225567232012 -0.11
0.0449779844818 0.0240412335781 -0.11
0.044167295593 0.0255 -0.11
0.0433093112579 0.0269314603832 -0.11
0.0424049502274 0.028334081884 -0.11
0.0414551809142 0.0297063625403 -0.11
0.0404610203549 0.0310468328794 -0.11
0.0394235331215 0.0323540574923 -0.11
0.0383438301814 0.0336266365701 -0.11
0.0372230677076 0.0348632074032 -0.11
0.0360624458405 0.0360624458405 -0.11
0.0348632074032 0.0372230677076 -0.11
0.0336266365701 0.0383438301814 -0.11
0.0323540574923 0.0394235331215 -0.11
0.0310468328794 0.0404610203549 -0.11
0.0297063625403 0.0414551809142 -0.11
0.028334081884 0.0424049502274 -0.11
0.0269314603832 0.0433093112579 -0.11
0.0255 0.044167295593 -0.11
0.0240412335781 0.0449779844818 -0.11
0.0225567232012 0.0457405098182 -0.11
0.02104805852 0.046454055071 -0.11
0.0195168550506 0.0471178561581 -0.11
0.017964752444 0.0477312022646 -0.11
0.0163934127305 0.0482934366043 -0.11
0.01480451854 0.0488039571223 -0.11
0.0131997713002 0.0492622171407 -0.11
0.0115808894148 0.0496677259431 -0.11
0.0099496064228 0.0500200493006 -0.11
0.0083076691431 0.0503188099363 -0.11
0.0066568358032 0.0505636879301 -0.11
0.0049988741568 0.0507544210603 -0.11
0.0033355595907 0.0508908050852 -0.11
0.0016686732239 0.0509726939613 -0.11
0 0.051 -0.11
-0.0016686732239 0.0509726939613 -0.11
-0.0033355595907 0.0508908050852 -0.11
-0.0049988741568 0.0507544210603 -0.11
-0.0066568358032 0.0505636879301 -0.11
-0.0083076691431 0.0503188099363 -0.11
-0.0099496064228 0.0500200493006 -0.11
-0.0115808894148 0.0496677259431 -0.11
-0.0131997713002 0.0492622171407 -0.11
-0.01480451854 0.0488039571223 -0.11
-0.0163934127305 0.0482934366043 -0.11
-0.017964752444 0.0477312022646 -0.11
-0.0195168550506 0.0471178561581 -0.11
-0.02104805852 0.046454055071 -0.11
-0.0225567232012 0.0457405098182 -0.11
-0.0240412335781 0.0449779844818 -0.11
-0.0255 0.044167295593 -0.11
-0.0269314603832 0.0433093112579 -0.11
-0.028334081884 0.0424049502274 -0.11
-0.0297063625403 0.0414551809142 -0.11
-0.0310468328794 0.0404610203549 -0.11
-0.0323540574923 0.0394235331215 -0.11
-0.0336266365701 0.0383438301814 -0.11
-0.0348632074032 0.0372230677076 -0.11
-0.0360624458405 0.0360624458405 -0.11
-0.0372230677076 0.0348632074032 -0.11
-0.0383438301814 0.0336266365701 -0.11
-0.0394235331215 0.0323540574923 -0.11
-0.0404610203549 0.0310468328794 -0.11
-0.0414551809142 0.0297063625403 -0.11
-0.0424049502274 0.028334081884 -0.11
-0.0433093112579 0.0269314603832 -0.11
-0.044167295593 0.0255 -0.11
-0.0449779844818 0.0240412335781 -0.11
-0.0457405098182 0.0225567232012 -0.11
-0.046454055071 0.02104805852 -0.11
-0.0471178561581 0.0195168550506 -0.11
-0.0477312022646 0.017964752444 -0.11
-0.0482934366043 0.0163934127305 -0.11
-0.0488039571223 0.01480451854 -0.11
-0.0492622171407 0.0131997713002 -0.11
-0.0496677259431 0.0115808894148 -0.11
-0.0500200493006 0.0099496064228 -0.11
-0.0503188099363 0.0083076691431 -0.11
-0.0505636879301 0.0066568358032 -0.11
-0.0507544210603 0.0049988741568 -0.11
-0.0508908050852 0.0033355595907 -0.11
-0.0509726939613 0.0016686732239 -0.11
-0.051 0 -0.11
-0.0509726939613 -0.0016686732239 -0.11
-0.0508908050852 -0.0033355595907 -0.11
-0.0507544210603 -0.0049988741568 -0.11
-0.0505636879301 -0.0066568358032 -0.11
-0.0503188099363 -0.0083076691431 -0.11
-0.0500200493006 -0.0099496064228 -0.11
-0.0496677259431 -0.0115808894148 -0.11
-0.0492622171407 -0.0131997713002 -0.11
-0.0488039571223 -0.01480451854 -0.11
-0.0482934366043 -0.0163934127305 -0.11
-0.0477312022646 -0.017964752444 -0.11
-0.0471178561581 -0.0195168550506 -0.11
-0.046454055071 -0.02104805852 -0.11
-0.0457405098182 -0.0225567232012 -0.11
-0.0449779844818 -0.0240412335781 -0.11
-0.044167295593 -0.0255 -0.11
-0.0433093112579 -0.0269314603832 -0.11
-0.0424049502274 -0.028334081884 -0.11
-0.0414551809142 -0.0297063625403 -0.11
-0.0404610203549 -0.0310468328794 -0.11
-0.0394235331215 -0.0323540574923 -0.11
-0.0383438301814 -0.0336266365701 -0.11
-0.0372230677076 -0.0348632074032 -0.11
-0.0360624458405 -0.0360624458405 -0.11
-0.0348632074032 -0.0372230677076 -0.11
-0.0336266365701 -0.0383438301814 -0.11
-0.0323540574923 -0.0394235331215 -0.11
-0.0310468328794 -0.0404610203549 -0.11
-0.0297063625403 -0.0414551809142 -0.11
-0.028334081884 -0.0424049502274 -0.11
-0.0269314603832 -0.0433093112579 -0.11
-0.0255 -0.044167295593 -0.11
-0.0240412335781 -0.0449779844818 -0.11
-0.0225567232012 -0.0457405098182 -0.11
-0.02104805852 -0.046454055071 -0.11
-0.0195168550506 -0.0471178561581 -0.11
-0.017964752444 -0.0477312022646 -0.11
-0.0163934127305 -0.0482934366043 -0.11
-0.01480451854 -0.0488039571223 -0.11
-0.0131997713002 -0.0492622171407 -0.11
-0.0115808894148 -0.0496677259431 -0.11
-0.0099496064228 -0.0500200493006 -0.11
-0.0083076691431 -0.0503188099363 -0.11
-0.0066568358032 -0.0505636879301 -0.11
-0.0049988741568 -0.0507544210603 -0.11
-0.0033355595907 -0.0508908050852 -0.11
-0.0016686732239 -0.0509726939613 -0.11
-0 -0.051 -0.11
0.0016686732239 -0.0509726939613 -0.11
0.0033355595907 -0.0508908050852 -0.11
0.0049988741568 -0.0507544210603 -0.11
0.0066568358032 -0.0505636879301 -0.11
0.0083076691431 -0.0503188099363 -0.11
0.0099496064228 -0.0500200493006 -0.11
0.0115808894148 -0.0496677259431 -0.11
0.0131997713002 -0.0492622171407 -0.11
0.01480451854 -0.0488039571223 -0.11
0.0163934127305 -0.0482934366043 -0.11
0.017964752444 -0.0477312022646 -0.11
0.0195168550506 -0.0471178561581 -0.11
0.02104805852 -0.046454055071 -0.11
0.0225567232012 -0.0457405098182 -0.11
0.0240412335781 -0.0449779844818 -0.11
0.0255 -0.044167295593 -0.11
0.0269314603832 -0.0433093112579 -0.11
0.028334081884 -0.0424049502274 -0.11
0.0297063625403 -0.0414551809142 -0.11
0.0310468328794 -0.0404610203549 -0.11
0.0323540574923 -0.0394235331215 -0.11
0.0336266365701 -0.0383438301814 -0.11
0.0348632074032 -0.0372230677076 -0.11
0.0360624458405 -0.0360624458405 -0.11
0.0372230677076 -0.0348632074032 -0.11
0.0383438301814 -0.0336266365701 -0.11
0.0394235331215 -0.0323540574923 -0.11
0.0404610203549 -0.0310468328794 -0.11
0.0414551809142 -0.0297063625403 -0.11
0.0424049502274 -0.028334081884 -0.11
0.0433093112579 -0.0269314603832 -0.11
0.044167295593 -0.0255 -0.11
0.0449779844818 -0.0240412335781 -0.11
0.0457405098182 -0.0225567232012 -0.11
0.046454055071 -0.02104805852 -0.11
0.0471178561581 -0.0195168550506 -0.11
0.0477312022646 -0.017964752444 -0.11
0.0482934366043 -0.0163934127305 -0.11
0.0488039571223 -0.01480451854 -0.11
0.0492622171407 -0.0131997713002 -0.11
0.0496677259431 -0.0115808894148 -0.11
0.0500200493006 -0.0099496064228 -0.11
0.0503188099363 -0.0083076691431 -0.11
0.0505636879301 -0.0066568358032 -0.11
0.0507544210603 -0.0049988741568 -0.11
0.0508908050852 -0.0033355595907 -0.11
0.0509726939613 -0.0016686732239 -0.11
0.025 0 0
0.0249866146869 0.0008179770705 0
0.024946473081 0.0016350782308 0
0.0248796181668 0.0024504285082 0
0.0247861215343 0.0032631548055 0
0.0246660833021 0.0040723868349 0
0.0245196320101 0.0048772580504 0
0.0243469244819 0.0056769065759 0
0.0241481456572 0.0064704761276 0
0.0239235083933 0.0072571169314 0
0.0236732532374 0.0080359866326 0
0.0233976481689 0.008806251198 0
0.0230969883128 0.0095670858091 0
0.022771595623 0.0103176757451 0
0.0224218185383 0.0110572172555 0
0.0220480316087 0.0117849184206 0
0.0216506350946 0.0125 0
0.0212300545382 0.0132016962663 0
0.0207867403076 0.0138892558255 0
0.0203211671148 0.0145619424217 0
0.0198338335073 0.0152190357252 0
0.0193252613341 0.0158598321041 0
0.018795995187 0.0164836453775 0
0.0182466018174 0.0170898075506 0
0.0176776695297 0.0176776695297 0
0.0170898075506 0.0182466018174 0
0.0164836453775 0.018795995187 0
0.0158598321041 0.0193252613341 0
0.0152190357252 0.0198338335073 0
0.0145619424217 0.0203211671148 0
0.0138892558255 0.0207867403076 0
0.0132016962663 0.0212300545382 0
0.0125 0.0216506350946 0
0.0117849184206 0.0220480316087 0
0.0110572172555 0.0224218185383 0
0.0103176757451 0.022771595623 0
0.0095670858091 0.0230969883128 0
0.008806251198 0.0233976481689 0
0.0080359866326 0.0236732532374 0
0.0072571169314 0.0239235083933 0
0.0064704761276 0.0241481456572 0
0.0056769065759 0.0243469244819 0
0.0048772580504 0.0245196320101 0
0.0040723868349 0.0246660833021 0
0.0032631548055 0.0247861215343 0
0.0024504285082 0.0248796181668 0
0.0016350782308 0.024946473081 0
0.0008179770705 0.0249866146869 0
0 0.025 0
-0.0008179770705 0.0249866146869 0
-0.0016350782308 0.024946473081 0
-0.0024504285082 0.0248796181668 0
-0.0032631548055 0.0247861215343 0
-0.0040723868349 0.0246660833021 0
-0.0048772580504 0.0245196320101 0
-0.0056769065759 0.0243469244819 0
-0.0064704761276 0.0241481456572 0
-0.0072571169314 0.0239235083933 0
-0.0080359866326 0.0236732532374 0
-0.008806251198 0.0233976481689 0
-0.0095670858091 0.0230969883128 0
-0.0103176757451 0.022771595623 0
-0.0110572172555 0.0224218185383 0
-0.0117849184206 0.0220480316087 0
-0.0125 0.0216506350946 0
-0.0132016962663 0.0212300545382 0
-0.0138892558255 0.0207867403076 0
-0.0145619424217 0.0203211671148 0
-0.0152190357252 0.0198338335073 0
-0.0158598321041 0.0193252613341 0
-0.0164836453775 0.018795995187 0
-0.0170898075506 0.0182466018174 0
-0.0176776695297 0.0176776695297 0
-0.0182466018174 0.0170898075506 0
-0.018795995187 0.0164836453775 0
-0.0193252613341 0.0158598321041 0
-0.0198338335073 0.0152190357252 0
-0.0203211671148 0.0145619424217 0
-0.0207867403076 0.0138892558255 0
-0.0212300545382 0.0132016962663 0
-0.0216506350946 0.0125 0
-0.0220480316087 0.0117849184206 0
-0.0224218185383 0.0110572172555 0
-0.022771595623 0.0103176757451 0
-0.0230969883128 0.0095670858091 0
-0.0233976481689 0.008806251198 0
-0.0236732532374 0.0080359866326 0
-0.0239235083933 0.0072571169314 0
-0.0241481456572 0.0064704761276 0
-0.0243469244819 0.0056769065759 0
-0.0245196320101 0.0048772580504 0
-0.0246660833021 0.0040723868349 0
-0.0247861215343 0.0032631548055 0
-0.0248796181668 0.0024504285082 0
-0.024946473081 0.0016350782308 0
-0.0249866146869 0.0008179770705 0
-0.025 0 0
-0.0249866146869 -0.0008179770705 0
-0.024946473081 -0.0016350782308 0
-0.0248796181668 -0.0024504285082 0
-0.0247861215343 -0.0032631548055 0
-0.0246660833021 -0.0040723868349 0
-0.0245196320101 -0.0048772580504 0
-0.0243469244819 -0.0056769065759 0
-0.0241481456572 -0.0064704761276 0
-0.0239235083933 -0.0072571169314 0
-0.0236732532374 -0.0080359866326 0
-0.0233976481689 -0.008806251198 0
-0.0230969883128 -0.0095670858091 0
-0.022771595623 -0.0103176757451 0
-0.0224218185383 -0.0110572172555 0
-0.0220480316087 -0.0117849184206 0
-0.0216506350946 -0.0125 0
-0.0212300545382 -0.0132016962663 0
-0.0207867403076 -0.0138892558255 0
-0.0203211671148 -0.0145619424217 0
-0.0198338335073 -0.0152190357252 0
-0.0193252613341 -0.0158598321041 0
-0.018795995187 -0.0164836453775 0
-0.0182466018174 -0.0170898075506 0
-0.0176776695297 -0.0176776695297 0
-0.0170898075506 -0.0182466018174 0
-0.0164836453775 -0.018795995187 0
-0.0158598321041 -0.0193252613341 0
-0.0152190357252 -0.0198338335073 0
-0.0145619424217 -0.0203211671148 0
-0.0138892558255 -0.0207867403076 0
-0.0132016962663 -0.0212300545382 0
-0.0125 -0.0216506350946 0
-0.0117849184206 -0.0220480316087 0
-0.0110572172555 -0.0224218185383 0
-0.0103176757451 -0.022771595623 0
-0.0095670858091 -0.0230969883128 0
-0.008806251198 -0.0233976481689 0
-0.0080359866326 -0.0236732532374 0
-0.0072571169314 -0.0239235083933 0
-0.0064704761276 -0.0241481456572 0
-0.0056769065759 -0.0243469244819 0
-0.0048772580504 -0.0245196320101 0
-0.0040723868349 -0.0246660833021 0
-0.0032631548055 -0.0247861215343 0
-0.0024504285082 -0.0248796181668 0
-0.0016350782308 -0.024946473081 0
-0.0008179770705 -0.0249866146869 0
-0 -0.025 0
0.0008179770705 -0.0249866146869 0
0.0016350782308 -0.024946473081 0
0.0024504285082 -0.0248796181668 0
0.0032631548055 -0.0247861215343 0
0.0040723868349 -0.0246660833021 0
0.0048772580504 -0.0245196320101 0
0.0056769065759 -0.0243469244819 0
0.0064704761276 -0.0241481456572 0
0.0072571169314 -0.0239235083933 0
0.0080359866326 -0.0236732532374 0
0.008806251198 -0.0233976481689 0
0.0095670858091 -0.0230969883128 0
0.0103176757451 -0.022771595623 0
0.0110572172555 -0.0224218185383 0
0.0117849184206 -0.0220480316087 0
0.0125 -0.0216506350946 0
0.0132016962663 -0.0212300545382 0
0.0138892558255 -0.0207867403076 0
0.0145619424217 -0.0203211671148 0
0.0152190357252 -0.0198338335073 0
0.0158598321041 -0.0193252613341 0
0.0164836453775 -0.018795995187 0
0.0170898075506 -0.0182466018174 0
0.0176776695297 -0.0176776695297 0
0.0182466018174 -0.0170898075506 0
0.018795995187 -0.0164836453775 0
0.0193252613341 -0.0158598321041 0
0.0198338335073 -0.0152190357252 0
0.0203211671148 -0.0145619424217 0
0.0207867403076 -0.0138892558255 0
0.0212300545382 -0.0132016962663 0
0.0216506350946 -0.0125 0
0.0220480316087 -0.0117849184206 0
0.0224218185383 -0.0110572172555 0
0.022771595623 -0.0103176757451 0
0.0230969883128 -0.0095670858091 0
0.0233976481689 -0.008806251198 0
0.0236732532374 -0.0080359866326 0
0.0239235083933 -0.0072571169314 0
0.0241481456572 -0.0064704761276 0
0.0243469244819 -0.0056769065759 0
0.0245196320101 -0.0048772580504 0
0.0246660833021 -0.0040723868349 0
0.0247861215343 -0.0032631548055 0
0.0248796181668 -0.0024504285082 0
0.024946473081 -0.0016350782308 0
0.0249866146869 -0.0008179770705 0
0.051 0 -0.53
0.0509726939613 0.0016686732239 -0.53
0.0508908050852 0.0033355595907 -0.53
0.0507544210603 0.0049988741568 -0.53
0.0505636879301 0.0066568358032 -0.53
0.0503188099363 0.0083076691431 -0.53
0.0500200493006 0.0099496064228 -0.53
0.0496677259431 0.0115808894148 -0.53
0.0492622171407 0.0131997713002 -0.53
0.0488039571223 0.01480451854 -0.53
0.0482934366043 0.0163934127305 -0.53
0.0477312022646 0.017964752444 -0.53
0.0471178561581 0.0195168550506 -0.53
0.046454055071 0.02104805852 -0.53
0.0457405098182 0.0225567232012 -0.53
0.0449779844818 0.0240412335781 -0.53
0.044167295593 0.0255 -0.53
0.0433093112579 0.0269314603832 -0.53
0.0424049502274 0.028334081884 -0.53
0.0414551809142 0.0297063625403 -0.53
0.0404610203549 0.0310468328794 -0.53
0.0394235331215 0.0323540574923 -0.53
0.0383438301814 0.0336266365701 -0.53
0.0372230677076 0.0348632074032 -0.53
0.0360624458405 0.0360624458405 -0.53
0.0348632074032 0.0372230677076 -0.53
0.0336266365701 0.0383438301814 -0.53
0.0323540574923 0.0394235331215 -0.53
0.0310468328794 0.0404610203549 -0.53
0.0297063625403 0.0414551809142 -0.53
0.028334081884 0.0424049502274 -0.53
0.0269314603832 0.0433093112579 -0.53
0.0255 0.044167295593 -0.53
0.0240412335781 0.0449779844818 -0.53
0.0225567232012 0.0457405098182 -0.53
0.02104805852 0.046454055071 -0.53
0.0195168550506 0.0471178561581 -0.53
0.017964752444 0.0477312022646 -0.53
0.0163934127305 0.0482934366043 -0.53
0.01480451854 0.0488039571223 -0.53
0.0131997713002 0.0492622171407 -0.53
0.0115808894148 0.0496677259431 -0.53
0.0099496064228 0.0500200493006 -0.53
0.0083076691431 0.0503188099363 -0.53
0.0066568358032 0.0505636879301 -0.53
0.0049988741568 0.0507544210603 -0.53
0.0033355595907 0.0508908050852 -0.53
0.0016686732239 0.0509726939613 -0.53
0 0.051 -0.53
-0.0016686732239 0.0509726939613 -0.53
-0.0033355595907 0.0508908050852 -0.53
-0.0049988741568 0.0507544210603 -0.53
-0.0066568358032 0.0505636879301 -0.53
-0.0083076691431 0.0503188099363 -0.53
-0.0099496064228 0.0500200493006 -0.53
-0.0115808894148 0.0496677259431 -0.53
-0.0131997713002 0.0492622171407 -0.53
-0.01480451854 0.0488039571223 -0.53
-0.0163934127305 0.0482934366043 -0.53
-0.017964752444 0.0477312022646 -0.53
-0.0195168550506 0.0471178561581 -0.53
-0.02104805852 0.046454055071 -0.53
-0.0225567232012 0.0457405098182 -0.53
-0.0240412335781 0.0449779844818 -0.53
-0.0255 0.044167295593 -0.53
-0.0269314603832 0.0433093112579 -0.53
-0.028334081884 0.0424049502274 -0.53
-0.0297063625403 0.0414551809142 -0.53
-0.0310468328794 0.0404610203549 -0.53
-0.0323540574923 0.0394235331215 -0.53
-0.0336266365701 0.0383438301814 -0.53
-0.0348632074032 0.0372230677076 -0.53
-0.0360624458405 0.0360624458405 -0.53
-0.0372230677076 0.0348632074032 -0.53
-0.0383438301814 0.0336266365701 -0.53
-0.0394235331215 0.0323540574923 -0.53
-0.0404610203549 0.0310468328794 -0.53
-0.0414551809142 0.0297063625403 -0.53
-0.0424049502274 0.028334081884 -0.53
-0.0433093112579 0.0269314603832 -0.53
-0.044167295593 0.0255 -0.53
-0.0449779844818 0.0240412335781 -0.53
-0.0457405098182 0.0225567232012 -0.53
-0.046454055071 0.02104805852 -0.53
-0.0471178561581 0.0195168550506 -0.53
-0.0477312022646 0.017964752444 -0.53
-0.0482934366043 0.0163934127305 -0.53
-0.0488039571223 0.01480451854 -0.53
-0.0492622171407 0.0131997713002 -0.53
-0.0496677259431 0.0115808894148 -0.53
-0.0500200493006 0.0099496064228 -0.53
-0.0503188099363 0.0083076691431 -0.53
-0.0505636879301 0.0066568358032 -0.53
-0.0507544210603 0.0049988741568 -0.53
-0.0508908050852 0.0033355595907 -0.53
-0.0509726939613 0.0016686732239 -0.53
-0.051 0 -0.53
-0.0509726939613 -0.0016686732239 -0.53
-0.0508908050852 -0.0033355595907 -0.53
-0.0507544210603 -0.0049988741568 -0.53
-0.0505636879301 -0.0066568358032 -0.53
-0.0503188099363 -0.0083076691431 -0.53
-0.0500200493006 -0.0099496064228 -0.53
-0.0496677259431 -0.0115808894148 -0.53
-0.0492622171407 -0.0131997713002 -0.53
-0.0488039571223 -0.01480451854 -0.53
-0.0482934366043 -0.0163934127305 -0.53
-0.0477312022646 -0.017964752444 -0.53
-0.0471178561581 -0.0195168550506 -0.53
-0.046454055071 -0.02104805852 -0.53
-0.0457405098182 -0.0225567232012 -0.53
-0.0449779844818 -0.0240412335781 -0.53
-0.044167295593 -0.0255 -0.53
-0.0433093112579 -0.0269314603832 -0.53
-0.0424049502274 -0.028334081884 -0.53
-0.0414551809142 -0.0297063625403 -0.53
-0.0404610203549 -0.0310468328794 -0.53
-0.0394235331215 -0.0323540574923 -0.53
-0.0383438301814 -0.0336266365701 -0.53
-0.0372230677076 -0.0348632074032 -0.53
-0.0360624458405 -0.0360624458405 -0.53
-0.0348632074032 -0.0372230677076 -0.53
-0.0336266365701 -0.0383438301814 -0.53
-0.0323540574923 -0.0394235331215 -0.53
-0.0310468328794 -0.0404610203549 -0.53
-0.0297063625403 -0.0414551809142 -0.53
-0.028334081884 -0.0424049502274 -0.53
-0.0269314603832 -0.0433093112579 -0.53
-0.0255 -0.044167295593 -0.53
-0.0240412335781 -0.0449779844818 -0.53
-0.0225567232012 -0.0457405098182 -0.53
-0.02104805852 -0.046454055071 -0.53
-0.0195168550506 -0.0471178561581 -0.53
-0.017964752444 -0.0477312022646 -0.53
-0.0163934127305 -0.0482934366043 -0.53
-0.01480451854 -0.0488039571223 -0.53
-0.0131997713002 -0.0492622171407 -0.53
-0.0115808894148 -0.0496677259431 -0.53
-0.0099496064228 -0.0500200493006 -0.53
-0.0083076691431 -0.0503188099363 -0.53
-0.0066568358032 -0.0505636879301 -0.53
-0.0049988741568 -0.0507544210603 -0.53
-0.0033355595907 -0.0508908050852 -0.53
-0.0016686732239 -0.0509726939613 -0.53
-0 -0.051 -0.53
0.0016686732239 -0.0509726939613 -0.53
0.0033355595907 -0.0508908050852 -0.53
0.0049988741568 -0.0507544210603 -0.53
0.0066568358032 -0.0505636879301 -0.53
0.0083076691431 -0.0503188099363 -0.53
0.0099496064228 -0.0500200493006 -0.53
0.0115808894148 -0.0496677259431 -0.53
0.0131997713002 -0.0492622171407 -0.53
0.01480451854 -0.0488039571223 -0.53
0.0163934127305 -0.0482934366043 -0.53
0.017964752444 -0.0477312022646 -0.53
0.0195168550506 -0.0471178561581 -0.53
0.02104805852 -0.046454055071 -0.53
0.0225567232012 -0.0457405098182 -0.53
0.0240412335781 -0.0449779844818 -0.53
0.0255 -0.044167295593 -0.53
0.0269314603832 -0.0433093112579 -0.53
0.028334081884 -0.0424049502274 -0.53
0.0297063625403 -0.0414551809142 -0.53
0.0310468328794 -0.0404610203549 -0.53
0.0323540574923 -0.0394235331215 -0.53
0.0336266365701 -0.0383438301814 -0.53
0.0348632074032 -0.0372230677076 -0.53
0.0360624458405 -0.0360624458405 -0.53
0.0372230677076 -0.0348632074032 -0.53
0.0383438301814 -0.0336266365701 -0.53
0.0394235331215 -0.0323540574923 -0.53
0.0404610203549 -0.0310468328794 -0.53
0.0414551809142 -0.0297063625403 -0.53
0.0424049502274 -0.028334081884 -0.53
0.0433093112579 -0.0269314603832 -0.53
0.044167295593 -0.0255 -0.53
0.0449779844818 -0.0240412335781 -0.53
0.0457405098182 -0.0225567232012 -0.53
0.046454055071 -0.02104805852 -0.53
0.0471178561581 -0.0195168550506 -0.53
0.0477312022646 -0.017964752444 -0.53
0.0482934366043 -0.0163934127305 -0.53
0.0488039571223 -0.01480451854 -0.53
0.0492622171407 -0.0131997713002 -0.53
0.0496677259431 -0.0115808894148 -0.53
0.0500200493006 -0.0099496064228 -0.53
0.0503188099363 -0.0083076691431 -0.53
0.0505636879301 -0.0066568358032 -0.53
0.0507544210603 -0.0049988741568 -0.53
0.0508908050852 -0.0033355595907 -0.53
0.0509726939613 -0.0016686732239 -0.53
0.0184 0 0
0.018388443344 0.0002352411368 0
0.018353884673 0.0004682167728 0
0.0182966568058 0.0006966832254 0
0.018217310878 0.0009184402377 0
0.0181166110344 0.0011313521684 0
0.0179955270695 0.0013333685592 0
0.0178552250881 0.001522543882 0
0.0176970562748 0.0016970562748 0
0.017522543882 0.0018552250881 0
0.0173333685592 0.0019955270695 0
0.0171313521684 0.0021166110344 0
0.0169184402377 0.002217310878 0
0.0166966832254 0.0022966568058 0
0.0164682167728 0.002353884673 0
0.0162352411368 0.002388443344 0
0.016 0.0024 0
0.0157647588632 0.002388443344 0
0.0155317832272 0.002353884673 0
0.0153033167746 0.0022966568058 0
0.0150815597623 0.002217310878 0
0.0148686478316 0.0021166110344 0
0.0146666314408 0.0019955270695 0
0.014477456118 0.0018552250881 0
0.0143029437252 0.0016970562748 0
0.0141447749119 0.001522543882 0
0.0140044729305 0.0013333685592 0
0.0138833889656 0.0011313521684 0
0.013782689122 0.0009184402377 0
0.0137033431942 0.0006966832254 0
0.013646115327 0.0004682167728 0
0.013611556656 0.0002352411368 0
0.0136 0 0
0.013611556656 -0.0002352411368 0
0.013646115327 -0.0004682167728 0
0.0137033431942 -0.0006966832254 0
0.013782689122 -0.0009184402377 0
0.0138833889656 -0.0011313521684 0
0.0140044729305 -0.0013333685592 0
0.0141447749119 -0.001522543882 0
0.0143029437252 -0.0016970562748 0
0.014477456118 -0.0018552250881 0
0.0146666314408 -0.0019955270695 0
0.0148686478316 -0.0021166110344 0
0.0150815597623 -0.002217310878 0
0.0153033167746 -0.0022966568058 0
0.0155317832272 -0.002353884673 0
0.0157647588632 -0.002388443344 0
0.016 -0.0024 0
0.0162352411368 -0.002388443344 0
0.0164682167728 -0.002353884673 0
0.0166966832254 -0.0022966568058 0
0.0169184402377 -0.002217310878 0
0.0171313521684 -0.0021166110344 0
0.0173333685592 -0.0019955270695 0
0.017522543882 -0.0018552250881 0
0.0176970562748 -0.0016970562748 0
0.0178552250881 -0.001522543882 0
0.0179955270695 -0.0013333685592 0
0.0181166110344 -0.0011313521684 0
0.018217310878 -0.0009184402377 0
0.0182966568058 -0.0006966832254 0
0.018353884673 -0.0004682167728 0
0.018388443344 -0.0002352411368 0
0.0024 0.016 0
0.002388443344 0.0162352411368 0
0.002353884673 0.0164682167728 0
0.0022966568058 0.0166966832254 0
0.002217310878 0.0169184402377 0
0.0021166110344 0.0171313521684 0
0.0019955270695 0.0173333685592 0
0.0018552250881 0.017522543882 0
0.0016970562748 0.0176970562748 0
0.001522543882 0.0178552250881 0
0.0013333685592 0.0179955270695 0
0.0011313521684 0.0181166110344 0
0.0009184402377 0.018217310878 0
0.0006966832254 0.0182966568058 0
0.0004682167728 0.018353884673 0
0.0002352411368 0.018388443344 0
0 0.0184 0
-0.0002352411368 0.018388443344 0
-0.0004682167728 0.018353884673 0
-0.0006966832254 0.0182966568058 0
-0.0009184402377 0.018217310878 0
-0.0011313521684 0.0181166110344 0
-0.0013333685592 0.0179955270695 0
-0.001522543882 0.0178552250881 0
-0.0016970562748 0.0176970562748 0
-0.0018552250881 0.017522543882 0
-0.0019955270695 0.0173333685592 0
-0.0021166110344 0.0171313521684 0
-0.002217310878 0.0169184402377 0
-0.0022966568058 0.0166966832254 0
-0.002353884673 0.0164682167728 0
-0.002388443344 0.0162352411368 0
-0.0024 0.016 0
-0.002388443344 0.0157647588632 0
-0.002353884673 0.0155317832272 0
-0.0022966568058 0.0153033167746 0
-0.002217310878 0.0150815597623 0
-0.0021166110344 0.0148686478316 0
-0.0019955270695 0.0146666314408 0
-0.0018552250881 0.014477456118 0
-0.0016970562748 0.0143029437252 0
-0.001522543882 0.0141447749119 0
-0.0013333685592 0.0140044729305 0
-0.0011313521684 0.0138833889656 0
-0.0009184402377 0.013782689122 0
-0.0006966832254 0.0137033431942 0
-0.0004682167728 0.013646115327 0
-0.0002352411368 0.013611556656 0
-0 0.0136 0
0.0002352411368 0.013611556656 0
0.0004682167728 0.013646115327 0
0.0006966832254 0.0137033431942 0
0.0009184402377 0.013782689122 0
0.0011313521684 0.0138833889656 0
0.0013333685592 0.0140044729305 0
0.001522543882 0.0141447749119 0
0.0016970562748 0.0143029437252 0
0.0018552250881 0.014477456118 0
0.0019955270695 0.0146666314408 0
0.0021166110344 0.0148686478316 0
0.002217310878 0.0150815597623 0
0.0022966568058 0.0153033167746 0
0.002353884673 0.0155317832272 0
0.002388443344 0.0157647588632 0
-0.0136 0 0
-0.013611556656 0.0002352411368 0
-0.013646115327 0.0004682167728 0
-0.0137033431942 0.0006966832254 0
-0.013782689122 0.0009184402377 0
-0.0138833889656 0.0011313521684 0
-0.0140044729305 0.0013333685592 0
-0.0141447749119 0.001522543882 0
-0.0143029437252 0.0016970562748 0
-0.014477456118 0.0018552250881 0
-0.0146666314408 0.0019955270695 0
-0.0148686478316 0.0021166110344 0
-0.0150815597623 0.002217310878 0
-0.0153033167746 0.0022966568058 0
-0.0155317832272 0.002353884673 0
-0.0157647588632 0.002388443344 0
-0.016 0.0024 0
-0.0162352411368 0.002388443344 0
-0.0164682167728 0.002353884673 0
-0.0166966832254 0.0022966568058 0
-0.0169184402377 0.002217310878 0
-0.0171313521684 0.0021166110344 0
-0.0173333685592 0.0019955270695 0
-0.017522543882 0.0018552250881 0
-0.0176970562748 0.0016970562748 0
-0.0178552250881 0.001522543882 0
-0.0179955270695 0.0013333685592 0
-0.0181166110344 0.0011313521684 0
-0.018217310878 0.0009184402377 0
-0.0182966568058 0.0006966832254 0
-0.018353884673 0.0004682167728 0
-0.018388443344 0.0002352411368 0
-0.0184 0 0
-0.018388443344 -0.0002352411368 0
-0.018353884673 -0.0004682167728 0
-0.0182966568058 -0.0006966832254 0
-0.018217310878 -0.0009184402377 0
-0.0181166110344 -0.0011313521684 0
-0.0179955270695 -0.0013333685592 0
-0.0178552250881 -0.001522543882 0
-0.0176970562748 -0.0016970562748 0
-0.017522543882 -0.0018552250881 0
-0.0173333685592 -0.0019955270695 0
-0.0171313521684 -0.0021166110344 0
-0.0169184402377 -0.002217310878 0
-0.0166966832254 -0.0022966568058 0
-0.0164682167728 -0.002353884673 0
-0.0162352411368 -0.002388443344 0
-0.016 -0.0024 0
-0.0157647588632 -0.002388443344 0
-0.0155317832272 -0.002353884673 0
-0.0153033167746 -0.0022966568058 0
-0.0150815597623 -0.002217310878 0
-0.0148686478316 -0.0021166110344 0
-0.0146666314408 -0.0019955270695 0
-0.014477456118 -0.0018552250881 0
-0.0143029437252 -0.0016970562748 0
-0.0141447749119 -0.001522543882 0
-0.0140044729305 -0.0013333685592 0
-0.0138833889656 -0.0011313521684 0
-0.013782689122 -0.0009184402377 0
-0.0137033431942 -0.0006966832254 0
-0.013646115327 -0.0004682167728 0
-0.013611556656 -0.0002352411368 0
0.0024 -0.016 0
0.002388443344 -0.0157647588632 0
0.002353884673 -0.0155317832272 0
0.0022966568058 -0.0153033167746 0
0.002217310878 -0.0150815597623 0
0.0021166110344 -0.0148686478316 0
0.0019955270695 -0.0146666314408 0
0.0018552250881 -0.014477456118 0
0.0016970562748 -0.0143029437252 0
0.001522543882 -0.0141447749119 0
0.0013333685592 -0.0140044729305 0
0.0011313521684 -0.0138833889656 0
0.0009184402377 -0.013782689122 0
0.0006966832254 -0.0137033431942 0
0.0004682167728 -0.013646115327 0
0.0002352411368 -0.013611556656 0
0 -0.0136 0
-0.0002352411368 -0.013611556656 0
-0.0004682167728 -0.013646115327 0
-0.0006966832254 -0.0137033431942 0
-0.0009184402377 -0.013782689122 0
-0.0011313521684 -0.0138833889656 0
-0.0013333685592 -0.0140044729305 0
-0.001522543882 -0.0141447749119 0
-0.0016970562748 -0.0143029437252 0
-0.0018552250881 -0.014477456118 0
-0.0019955270695 -0.0146666314408 0
-0.0021166110344 -0.0148686478316 0
-0.002217310878 -0.0150815597623 0
-0.0022966568058 -0.0153033167746 0
-0.002353884673 -0.0155317832272 0
-0.002388443344 -0.0157647588632 0
-0.0024 -0.016 0
-0.002388443344 -0.0162352411368 0
-0.002353884673 -0.0164682167728 0
-0.0022966568058 -0.0166966832254 0
-0.002217310878 -0.0169184402377 0
-0.0021166110344 -0.0171313521684 0
-0.0019955270695 -0.0173333685592 0
-0.0018552250881 -0.017522543882 0
-0.0016970562748 -0.0176970562748 0
-0.001522543882 -0.0178552250881 0
-0.0013333685592 -0.0179955270695 0
-0.0011313521684 -0.0181166110344 0
-0.0009184402377 -0.018217310878 0
-0.0006966832254 -0.0182966568058 0
-0.0004682167728 -0.018353884673 0
-0.0002352411368 -0.018388443344 0
-0 -0.0184 0
0.0002352411368 -0.018388443344 0
0.0004682167728 -0.018353884673 0
0.0006966832254 -0.0182966568058 0
0.0009184402377 -0.018217310878 0
0.0011313521684 -0.0181166110344 0
0.0013333685592 -0.0179955270695 0
0.001522543882 -0.0178552250881 0
0.0016970562748 -0.0176970562748 0
0.0018552250881 -0.017522543882 0
0.0019955270695 -0.0173333685592 0
0.0021166110344 -0.0171313521684 0
0.002217310878 -0.0169184402377 0
0.0022966568058 -0.0166966832254 0
0.002353884673 -0.0164682167728 0
0.002388443344 -0.0162352411368 0
0.0024 0 0
0.002388443344 0.0002352411368 0
0.002353884673 0.0004682167728 0
0.0022966568058 0.0006966832254 0
0.002217310878 0.0009184402377 0
0.0021166110344 0.0011313521684 0
0.0019955270695 0.0013333685592 0
0.0018552250881 0.001522543882 0
0.0016970562748 0.0016970562748 0
0.001522543882 0.0018552250881 0
0.0013333685592 0.0019955270695 0
0.0011313521684 0.0021166110344 0
0.0009184402377 0.002217310878 0
0.0006966832254 0.0022966568058 0
0.0004682167728 0.002353884673 0
0.0002352411368 0.002388443344 0
0 0.0024 0
-0.0002352411368 0.002388443344 0
-0.0004682167728 0.002353884673 0
-0.0006966832254 0.0022966568058 0
-0.0009184402377 0.002217310878 0
-0.0011313521684 0.0021166110344 0
-0.0013333685592 0.0019955270695 0
-0.001522543882 0.0018552250881 0
-0.0016970562748 0.0016970562748 0
-0.0018552250881 0.001522543882 0
-0.0019955270695 0.0013333685592 0
-0.0021166110344 0.0011313521684 0
-0.002217310878 0.0009184402377 0
-0.0022966568058 0.0006966832254 0
-0.002353884673 0.0004682167728 0
-0.002388443344 0.0002352411368 0
-0.0024 0 0
-0.002388443344 -0.0002352411368 0
-0.002353884673 -0.0004682167728 0
-0.0022966568058 -0.0006966832254 0
-0.002217310878 -0.0009184402377 0
-0.0021166110344 -0.0011313521684 0
-0.0019955270695 -0.0013333685592 0
-0.0018552250881 -0.001522543882 0
-0.0016970562748 -0.0016970562748 0
-0.001522543882 -0.0018552250881 0
-0.0013333685592 -0.0019955270695 0
-0.0011313521684 -0.0021166110344 0
-0.0009184402377 -0.002217310878 0
-0.0006966832254 -0.0022966568058 0
-0.0004682167728 -0.002353884673 0
-0.0002352411368 -0.002388443344 0
-0 -0.0024 0
0.0002352411368 -0.002388443344 0
0.0004682167728 -0.002353884673 0
0.0006966832254 -0.0022966568058 0
0.0009184402377 -0.002217310878 0
0.0011313521684 -0.0021166110344 0
0.0013333685592 -0.0019955270695 0
0.001522543882 -0.0018552250881 0
0.0016970562748 -0.0016970562748 0
0.0018552250881 -0.001522543882 0
0.0019955270695 -0.0013333685592 0
0.0021166110344 -0.0011313521684 0
0.002217310878 -0.0009184402377 0
0.0022966568058 -0.0006966832254 0
0.002353884673 -0.0004682167728 0
0.002388443344 -0.0002352411368 0
0.0184 0 0.01
0.018388443344 0.0002352411368 0.01
0.018353884673 0.0004682167728 0.01
0.0182966568058 0.0006966832254 0.01
0.018217310878 0.0009184402377 0.01
0.0181166110344 0.0011313521684 0.01
0.0179955270695 0.0013333685592 0.01
0.0178552250881 0.001522543882 0.01
0.0176970562748 0.0016970562748 0.01
0.017522543882 0.0018552250881 0.01
0.0173333685592 0.0019955270695 0.01
0.0171313521684 0.0021166110344 0.01
0.0169184402377 0.002217310878 0.01
0.0166966832254 0.0022966568058 0.01
0.0164682167728 0.002353884673 0.01
0.0162352411368 0.002388443344 0.01
0.016 0.0024 0.01
0.0157647588632 0.002388443344 0.01
0.0155317832272 0.002353884673 0.01
0.0153033167746 0.0022966568058 0.01
0.0150815597623 0.002217310878 0.01
0.0148686478316 0.0021166110344 0.01
0.0146666314408 0.0019955270695 0.01
0.014477456118 0.0018552250881 0.01
0.0143029437252 0.0016970562748 0.01
0.0141447749119 0.001522543882 0.01
0.0140044729305 0.0013333685592 0.01
0.0138833889656 0.0011313521684 0.01
0.013782689122 0.0009184402377 0.01
0.0137033431942 0.0006966832254 0.01
0.013646115327 0.0004682167728 0.01
0.013611556656 0.0002352411368 0.01
0.0136 0 0.01
0.013611556656 -0.0002352411368 0.01
0.013646115327 -0.0004682167728 0.01
0.0137033431942 -0.0006966832254 0.01
0.013782689122 -0.0009184402377 0.01
0.0138833889656 -0.0011313521684 0.01
0.0140044729305 -0.0013333685592 0.01
0.0141447749119 -0.001522543882 0.01
0.0143029437252 -0.0016970562748 0.01
0.014477456118 -0.0018552250881 0.01
0.0146666314408 -0.0019955270695 0.01
0.0148686478316 -0.0021166110344 0.01
0.0150815597623 -0.002217310878 0.01
0.0153033167746 -0.0022966568058 0.01
0.0155317832272 -0.002353884673 0.01
0.0157647588632 -0.002388443344 0.01
0.016 -0.0024 0.01
0.0162352411368 -0.002388443344 0.01
0.0164682167728 -0.002353884673 0.01
0.0166966832254 -0.0022966568058 0.01
0.0169184402377 -0.002217310878 0.01
0.0171313521684 -0.0021166110344 0.01
0.0173333685592 -0.0019955270695 0.01
0.017522543882 -0.0018552250881 0.01
0.0176970562748 -0.0016970562748 0.01
0.0178552250881 -0.001522543882 0.01
0.0179955270695 -0.0013333685592 0.01
0.0181166110344 -0.0011313521684 0.01
0.018217310878 -0.0009184402377 0.01
0.0182966568058 -0.0006966832254 0.01
0.018353884673 -0.0004682167728 0.01
0.018388443344 -0.0002352411368 0.01
0.016 0 0.01
0.0024 0.016 0.01
0.002388443344 0.0162352411368 0.01
0.002353884673 0.0164682167728 0.01
0.0022966568058 0.0166966832254 0.01
0.002217310878 0.0169184402377 0.01
0.0021166110344 0.0171313521684 0.01
0.0019955270695 0.0173333685592 0.01
0.0018552250881 0.017522543882 0.01
0.0016970562748 0.0176970562748 0.01
0.001522543882 0.0178552250881 0.01
0.0013333685592 0.0179955270695 0.01
0.0011313521684 0.0181166110344 0.01
0.0009184402377 0.018217310878 0.01
0.0006966832254 0.0182966568058 0.01
0.0004682167728 0.018353884673 0.01
0.0002352411368 0.018388443344 0.01
0 0.0184 0.01
-0.0002352411368 0.018388443344 0.01
-0.0004682167728 0.018353884673 0.01
-0.0006966832254 0.0182966568058 0.01
-0.0009184402377 0.018217310878 0.01
-0.0011313521684 0.0181166110344 0.01
-0.0013333685592 0.0179955270695 0.01
-0.001522543882 0.0178552250881 0.01
-0.0016970562748 0.0176970562748 0.01
-0.0018552250881 0.017522543882 0.01
-0.0019955270695 0.0173333685592 0.01
-0.0021166110344 0.0171313521684 0.01
-0.002217310878 0.0169184402377 0.01
-0.0022966568058 0.0166966832254 0.01
-0.002353884673 0.0164682167728 0.01
-0.002388443344 0.0162352411368 0.01
-0.0024 0.016 0.01
-0.002388443344 0.0157647588632 0.01
-0.002353884673 0.0155317832272 0.01
-0.0022966568058 0.0153033167746 0.01
-0.002217310878 0.0150815597623 0.01
-0.0021166110344 0.0148686478316 0.01
-0.0019955270695 0.0146666314408 0.01
-0.0018552250881 0.014477456118 0.01
-0.0016970562748 0.0143029437252 0.01
-0.001522543882 0.0141447749119 0.01
-0.0013333685592 0.0140044729305 0.01
-0.0011313521684 0.0138833889656 0.01
-0.0009184402377 0.013782689122 0.01
-0.0006966832254 0.0137033431942 0.01
-0.0004682167728 0.013646115327 0.01
-0.0002352411368 0.013611556656 0.01
-0 0.0136 0.01
0.0002352411368 0.013611556656 0.01
0.0004682167728 0.013646115327 0.01
0.0006966832254 0.0137033431942 0.01
0.0009184402377 0.013782689122 0.01
0.0011313521684 0.0138833889656 0.01
0.0013333685592 0.0140044729305 0.01
0.001522543882 0.0141447749119 0.01
0.0016970562748 0.0143029437252 0.01
0.0018552250881 0.014477456118 0.01
0.0019955270695 0.0146666314408 0.01
0.0021166110344 0.0148686478316 0.01
0.002217310878 0.0150815597623 0.01
0.0022966568058 0.0153033167746 0.01
0.002353884673 0.0155317832272 0.01
0.002388443344 0.0157647588632 0.01
0 0.016 0.01
-0.0136 0 0.01
-0.013611556656 0.0002352411368 0.01
-0.013646115327 0.0004682167728 0.01
-0.0137033431942 0.0006966832254 0.01
-0.013782689122 0.0009184402377 0.01
-0.0138833889656 0.0011313521684 0.01
-0.0140044729305 0.0013333685592 0.01
-0.0141447749119 0.001522543882 0.01
-0.0143029437252 0.0016970562748 0.01
-0.014477456118 0.0018552250881 0.01
-0.0146666314408 0.0019955270695 0.01
-0.0148686478316 0.0021166110344 0.01
-0.0150815597623 0.002217310878 0.01
-0.0153033167746 0.0022966568058 0.01
-0.0155317832272 0.002353884673 0.01
-0.0157647588632 0.002388443344 0.01
-0.016 0.0024 0.01
-0.0162352411368 0.002388443344 0.01
-0.0164682167728 0.002353884673 0.01
-0.0166966832254 0.0022966568058 0.01
-0.0169184402377 0.002217310878 0.01
-0.0171313521684 0.0021166110344 0.01
-0.0173333685592 0.0019955270695 0.01
-0.017522543882 0.0018552250881 0.01
-0.0176970562748 0.0016970562748 0.01
-0.0178552250881 0.001522543882 0.01
-0.0179955270695 0.0013333685592 0.01
-0.0181166110344 0.0011313521684 0.01
-0.018217310878 0.0009184402377 0.01
-0.0182966568058 0.0006966832254 0.01
-0.018353884673 0.0004682167728 0.01
-0.018388443344 0.0002352411368 0.01
-0.0184 0 0.01
-0.018388443344 -0.0002352411368 0.01
-0.018353884673 -0.0004682167728 0.01
-0.0182966568058 -0.0006966832254 0.01
-0.018217310878 -0.0009184402377 0.01
-0.0181166110344 -0.0011313521684 0.01
-0.0179955270695 -0.0013333685592 0.01
-0.0178552250881 -0.001522543882 0.01
-0.0176970562748 -0.0016970562748 0.01
-0.017522543882 -0.0018552250881 0.01
-0.0173333685592 -0.0019955270695 0.01
-0.0171313521684 -0.0021166110344 0.01
-0.0169184402377 -0.002217310878 0.01
-0.0166966832254 -0.0022966568058 0.01
-0.0164682167728 -0.002353884673 0.01
-0.0162352411368 -0.002388443344 0.01
-0.016 -0.0024 0.01
-0.0157647588632 -0.002388443344 0.01
-0.0155317832272 -0.002353884673 0.01
-0.0153033167746 -0.0022966568058 0.01
-0.0150815597623 -0.002217310878 0.01
-0.0148686478316 -0.0021166110344 0.01
-0.0146666314408 -0.0019955270695 0.01
-0.014477456118 -0.0018552250881 0.01
-0.0143029437252 -0.0016970562748 0.01
-0.0141447749119 -0.001522543882 0.01
-0.0140044729305 -0.0013333685592 0.01
-0.0138833889656 -0.0011313521684 0.01
-0.013782689122 -0.0009184402377 0.01
-0.0137033431942 -0.0006966832254 0.01
-0.013646115327 -0.0004682167728 0.01
-0.013611556656 -0.0002352411368 0.01
-0.016 0 0.01
0.0024 -0.016 0.01
0.002388443344 -0.0157647588632 0.01
0.002353884673 -0.0155317832272 0.01
0.0022966568058 -0.0153033167746 0.01
0.002217310878 -0.0150815597623 0.01
0.0021166110344 -0.0148686478316 0.01
0.0019955270695 -0.0146666314408 0.01
0.0018552250881 -0.014477456118 0.01
0.0016970562748 -0.0143029437252 0.01
0.001522543882 -0.0141447749119 0.01
0.0013333685592 -0.0140044729305 0.01
0.0011313521684 -0.0138833889656 0.01
0.0009184402377 -0.013782689122 0.01
0.0006966832254 -0.0137033431942 0.01
0.0004682167728 -0.013646115327 0.01
0.0002352411368 -0.013611556656 0.01
0 -0.0136 0.01
-0.0002352411368 -0.013611556656 0.01
-0.0004682167728 -0.013646115327 0.01
-0.0006966832254 -0.0137033431942 0.01
-0.0009184402377 -0.013782689122 0.01
-0.0011313521684 -0.0138833889656 0.01
-0.0013333685592 -0.0140044729305 0.01
-0.001522543882 -0.0141447749119 0.01
-0.0016970562748 -0.0143029437252 0.01
-0.0018552250881 -0.014477456118 0.01
-0.0019955270695 -0.0146666314408 0.01
-0.0021166110344 -0.0148686478316 0.01
-0.002217310878 -0.0150815597623 0.01
-0.0022966568058 -0.0153033167746 0.01
-0.002353884673 -0.0155317832272 0.01
-0.002388443344 -0.0157647588632 0.01
-0.0024 -0.016 0.01
-0.002388443344 -0.0162352411368 0.01
-0.002353884673 -0.0164682167728 0.01
-0.0022966568058 -0.0166966832254 0.01
-0.002217310878 -0.0169184402377 0.01
-0.0021166110344 -0.0171313521684 0.01
-0.0019955270695 -0.0173333685592 0.01
-0.0018552250881 -0.017522543882 0.01
-0.0016970562748 -0.0176970562748 0.01
-0.001522543882 -0.0178552250881 0.01
-0.0013333685592 -0.0179955270695 0.01
-0.0011313521684 -0.0181166110344 0.01
-0.0009184402377 -0.018217310878 0.01
-0.0006966832254 -0.0182966568058 0.01
-0.0004682167728 -0.018353884673 0.01
-0.0002352411368 -0.018388443344 0.01
-0 -0.0184 0.01
0.0002352411368 -0.018388443344 0.01
0.0004682167728 -0.018353884673 0.01
0.0006966832254 -0.0182966568058 0.01
0.0009184402377 -0.018217310878 0.01
0.0011313521684 -0.0181166110344 0.01
0.0013333685592 -0.0179955270695 0.01
0.001522543882 -0.0178552250881 0.01
0.0016970562748 -0.0176970562748 0.01
0.0018552250881 -0.017522543882 0.01
0.0019955270695 -0.0173333685592 0.01
0.0021166110344 -0.0171313521684 0.01
0.002217310878 -0.0169184402377 0.01
0.0022966568058 -0.0166966832254 0.01
0.002353884673 -0.0164682167728 0.01
0.002388443344 -0.0162352411368 0.01
0 -0.016 0.01
0.0024 0 0.01
0.002388443344 0.0002352411368 0.01
0.002353884673 0.0004682167728 0.01
0.0022966568058 0.0006966832254 0.01
0.002217310878 0.0009184402377 0.01
0.0021166110344 0.0011313521684 0.01
0.0019955270695 0.0013333685592 0.01
0.0018552250881 0.001522543882 0.01
0.0016970562748 0.0016970562748 0.01
0.001522543882 0.0018552250881 0.01
0.0013333685592 0.0019955270695 0.01
0.0011313521684 0.0021166110344 0.01
0.0009184402377 0.002217310878 0.01
0.0006966832254 0.0022966568058 0.01
0.0004682167728 0.002353884673 0.01
0.0002352411368 0.002388443344 0.01
0 0.0024 0.01
-0.0002352411368 0.002388443344 0.01
-0.0004682167728 0.002353884673 0.01
-0.0006966832254 0.0022966568058 0.01
-0.0009184402377 0.002217310878 0.01
-0.0011313521684 0.0021166110344 0.01
-0.0013333685592 0.0019955270695 0.01
-0.001522543882 0.0018552250881 0.01
-0.0016970562748 0.0016970562748 0.01
-0.0018552250881 0.001522543882 0.01
-0.0019955270695 0.0013333685592 0.01
-0.0021166110344 0.0011313521684 0.01
-0.002217310878 0.0009184402377 0.01
-0.0022966568058 0.0006966832254 0.01
-0.002353884673 0.0004682167728 0.01
-0.002388443344 0.0002352411368 0.01
-0.0024 0 0.01
-0.002388443344 -0.0002352411368 0.01
-0.002353884673 -0.0004682167728 0.01
-0.0022966568058 -0.0006966832254 0.01
-0.002217310878 -0.0009184402377 0.01
-0.0021166110344 -0.0011313521684 0.01
-0.0019955270695 -0.0013333685592 0.01
-0.0018552250881 -0.001522543882 0.01
-0.0016970562748 -0.0016970562748 0.01
-0.001522543882 -0.0018552250881 0.01
-0.0013333685592 -0.0019955270695 0.01
-0.0011313521684 -0.0021166110344 0.01
-0.0009184402377 -0.002217310878 0.01
-0.0006966832254 -0.0022966568058 0.01
-0.0004682167728 -0.002353884673 0.01
-0.0002352411368 -0.002388443344 0.01
-0 -0.0024 0.01
0.0002352411368 -0.002388443344 0.01
0.0004682167728 -0.002353884673 0.01
0.0006966832254 -0.0022966568058 0.01
0.0009184402377 -0.002217310878 0.01
0.0011313521684 -0.0021166110344 0.01
0.0013333685592 -0.0019955270695 0.01
0.001522543882 -0.0018552250881 0.01
0.0016970562748 -0.0016970562748 0.01
0.0018552250881 -0.001522543882 0.01
0.0019955270695 -0.0013333685592 0.01
0.0021166110344 -0.0011313521684 0.01
0.002217310878 -0.0009184402377 0.01
0.0022966568058 -0.0006966832254 0.01
0.002353884673 -0.0004682167728 0.01
0.002388443344 -0.0002352411368 0.01
0 0 0.01
0.025 0 -0.158
0.0249866146869 0.0008179770705 -0.158
0.024946473081 0.0016350782308 -0.158
0.0248796181668 0.0024504285082 -0.158
0.0247861215343 0.0032631548055 -0.158
0.0246660833021 0.0040723868349 -0.158
0.0245196320101 0.0048772580504 -0.158
0.0243469244819 0.0056769065759 -0.158
0.0241481456572 0.0064704761276 -0.158
0.0239235083933 0.0072571169314 -0.158
0.0236732532374 0.0080359866326 -0.158
0.0233976481689 0.008806251198 -0.158
0.0230969883128 0.0095670858091 -0.158
0.022771595623 0.0103176757451 -0.158
0.0224218185383 0.0110572172555 -0.158
0.0220480316087 0.0117849184206 -0.158
0.0216506350946 0.0125 -0.158
0.0212300545382 0.0132016962663 -0.158
0.0207867403076 0.0138892558255 -0.158
0.0203211671148 0.0145619424217 -0.158
0.0198338335073 0.0152190357252 -0.158
0.0193252613341 0.0158598321041 -0.158
0.018795995187 0.0164836453775 -0.158
0.0182466018174 0.0170898075506 -0.158
0.0176776695297 0.0176776695297 -0.158
0.0170898075506 0.0182466018174 -0.158
0.0164836453775 0.018795995187 -0.158
0.0158598321041 0.0193252613341 -0.158
0.0152190357252 0.0198338335073 -0.158
0.0145619424217 0.0203211671148 -0.158
0.0138892558255 0.0207867403076 -0.158
0.0132016962663 0.0212300545382 -0.158
0.0125 0.0216506350946 -0.158
0.0117849184206 0.0220480316087 -0.158
0.0110572172555 0.0224218185383 -0.158
0.0103176757451 0.022771595623 -0.158
0.0095670858091 0.0230969883128 -0.158
0.008806251198 0.0233976481689 -0.158
0.0080359866326 0.0236732532374 -0.158
0.0072571169314 0.0239235083933 -0.158
0.0064704761276 0.0241481456572 -0.158
0.0056769065759 0.0243469244819 -0.158
0.0048772580504 0.0245196320101 -0.158
0.0040723868349 0.0246660833021 -0.158
0.0032631548055 0.0247861215343 -0.158
0.0024504285082 0.0248796181668 -0.158
0.0016350782308 0.024946473081 -0.158
0.0008179770705 0.0249866146869 -0.158
0 0.025 -0.158
-0.0008179770705 0.0249866146869 -0.158
-0.0016350782308 0.024946473081 -0.158
-0.0024504285082 0.0248796181668 -0.158
-0.0032631548055 0.0247861215343 -0.158
-0.0040723868349 0.0246660833021 -0.158
-0.0048772580504 0.0245196320101 -0.158
-0.0056769065759 0.0243469244819 -0.158
-0.0064704761276 0.0241481456572 -0.158
-0.0072571169314 0.0239235083933 -0.158
-0.0080359866326 0.0236732532374 -0.158
-0.008806251198 0.0233976481689 -0.158
-0.0095670858091 0.0230969883128 -0.158
-0.0103176757451 0.022771595623 -0.158
-0.0110572172555 0.0224218185383 -0.158
-0.0117849184206 0.0220480316087 -0.158
-0.0125 0.0216506350946 -0.158
-0.0132016962663 0.0212300545382 -0.158
-0.0138892558255 0.0207867403076 -0.158
-0.0145619424217 0.0203211671148 -0.158
-0.0152190357252 0.0198338335073 -0.158
-0.0158598321041 0.0193252613341 -0.158
-0.0164836453775 0.018795995187 -0.158
-0.0170898075506 0.0182466018174 -0.158
-0.0176776695297 0.0176776695297 -0.158
-0.0182466018174 0.0170898075506 -0.158
-0.018795995187 0.0164836453775 -0.158
-0.0193252613341 0.0158598321041 -0.158
-0.0198338335073 0.0152190357252 -0.158
-0.0203211671148 0.0145619424217 -0.158
-0.0207867403076 0.0138892558255 -0.158
-0.0212300545382 0.0132016962663 -0.158
-0.0216506350946 0.0125 -0.158
-0.0220480316087 0.0117849184206 -0.158
-0.0224218185383 0.0110572172555 -0.158
-0.022771595623 0.0103176757451 -0.158
-0.0230969883128 0.0095670858091 -0.158
-0.0233976481689 0.008806251198 -0.158
-0.0236732532374 0.0080359866326 -0.158
-0.0239235083933 0.0072571169314 -0.158
-0.0241481456572 0.0064704761276 -0.158
-0.0243469244819 0.0056769065759 -0.158
-0.0245196320101 0.0048772580504 -0.158
-0.0246660833021 0.0040723868349 -0.158
-0.0247861215343 0.0032631548055 -0.158
-0.0248796181668 0.0024504285082 -0.158
-0.024946473081 0.0016350782308 -0.158
-0.0249866146869 0.0008179770705 -0.158
-0.025 0 -0.158
-0.0249866146869 -0.0008179770705 -0.158
-0.024946473081 -0.0016350782308 -0.158
-0.0248796181668 -0.0024504285082 -0.158
-0.0247861215343 -0.0032631548055 -0.158
-0.0246660833021 -0.0040723868349 -0.158
-0.0245196320101 -0.0048772580504 -0.158
-0.0243469244819 -0.0056769065759 -0.158
-0.0241481456572 -0.0064704761276 -0.158
-0.0239235083933 -0.0072571169314 -0.158
-0.0236732532374 -0.0080359866326 -0.158
-0.0233976481689 -0.008806251198 -0.158
-0.0230969883128 -0.0095670858091 -0.158
-0.022771595623 -0.0103176757451 -0.158
-0.0224218185383 -0.0110572172555 -0.158
-0.0220480316087 -0.0117849184206 -0.158
-0.0216506350946 -0.0125 -0.158
-0.0212300545382 -0.0132016962663 -0.158
-0.0207867403076 -0.0138892558255 -0.158
-0.0203211671148 -0.0145619424217 -0.158
-0.0198338335073 -0.0152190357252 -0.158
-0.0193252613341 -0.0158598321041 -0.158
-0.018795995187 -0.0164836453775 -0.158
-0.0182466018174 -0.0170898075506 -0.158
-0.0176776695297 -0.0176776695297 -0.158
-0.0170898075506 -0.0182466018174 -0.158
-0.0164836453775 -0.018795995187 -0.158
-0.0158598321041 -0.0193252613341 -0.158
-0.0152190357252 -0.0198338335073 -0.158
-0.0145619424217 -0.0203211671148 -0.158
-0.0138892558255 -0.0207867403076 -0.158
-0.0132016962663 -0.0212300545382 -0.158
-0.0125 -0.0216506350946 -0.158
-0.0117849184206 -0.0220480316087 -0.158
-0.0110572172555 -0.0224218185383 -0.158
-0.0103176757451 -0.022771595623 -0.158
-0.0095670858091 -0.0230969883128 -0.158
-0.008806251198 -0.0233976481689 -0.158
-0.0080359866326 -0.0236732532374 -0.158
-0.0072571169314 -0.0239235083933 -0.158
-0.0064704761276 -0.0241481456572 -0.158
-0.0056769065759 -0.0243469244819 -0.158
-0.0048772580504 -0.0245196320101 -0.158
-0.0040723868349 -0.0246660833021 -0.158
-0.0032631548055 -0.0247861215343 -0.158
-0.0024504285082 -0.0248796181668 -0.158
-0.0016350782308 -0.024946473081 -0.158
-0.0008179770705 -0.0249866146869 -0.158
-0 -0.025 -0.158
0.0008179770705 -0.0249866146869 -0.158
0.0016350782308 -0.024946473081 -0.158
0.0024504285082 -0.0248796181668 -0.158
0.0032631548055 -0.0247861215343 -0.158
0.0040723868349 -0.0246660833021 -0.158
0.0048772580504 -0.0245196320101 -0.158
0.0056769065759 -0.0243469244819 -0.158
0.0064704761276 -0.0241481456572 -0.158
0.0072571169314 -0.0239235083933 -0.158
0.0080359866326 -0.0236732532374 -0.158
0.008806251198 -0.0233976481689 -0.158
0.0095670858091 -0.0230969883128 -0.158
0.0103176757451 -0.022771595623 -0.158
0.0110572172555 -0.0224218185383 -0.158
0.0117849184206 -0.0220480316087 -0.158
0.0125 -0.0216506350946 -0.158
0.0132016962663 -0.0212300545382 -0.158
0.0138892558255 -0.0207867403076 -0.158
0.0145619424217 -0.0203211671148 -0.158
0.0152190357252 -0.0198338335073 -0.158
0.0158598321041 -0.0193252613341 -0.158
0.0164836453775 -0.018795995187 -0.158
0.0170898075506 -0.0182466018174 -0.158
0.0176776695297 -0.0176776695297 -0.158
0.0182466018174 -0.0170898075506 -0.158
0.018795995187 -0.0164836453775 -0.158
0.0193252613341 -0.0158598321041 -0.158
0.0198338335073 -0.0152190357252 -0.158
0.0203211671148 -0.0145619424217 -0.158
0.0207867403076 -0.0138892558255 -0.158
0.0212300545382 -0.0132016962663 -0.158
0.0216506350946 -0.0125 -0.158
0.0220480316087 -0.0117849184206 -0.158
0.0224218185383 -0.0110572172555 -0.158
0.022771595623 -0.0103176757451 -0.158
0.0230969883128 -0.0095670858091 -0.158
0.0233976481689 -0.008806251198 -0.158
0.0236732532374 -0.0080359866326 -0.158
0.0239235083933 -0.0072571169314 -0.158
0.0241481456572 -0.0064704761276 -0.158
0.0243469244819 -0.0056769065759 -0.158
0.0245196320101 -0.0048772580504 -0.158
0.0246660833021 -0.0040723868349 -0.158
0.0247861215343 -0.0032631548055 -0.158
0.0248796181668 -0.0024504285082 -0.158
0.024946473081 -0.0016350782308 -0.158
0.0249866146869 -0.0008179770705 -0.158
0 0 -0.158
0.033 0 -0.158
0.0329823313867 0.0010797297331 -0.158
0.0329293444669 0.0021583032646 -0.158
0.0328410959802 0.0032345656309 -0.158
0.0327176804253 0.0043073643433 -0.158
0.0325592299588 0.005375550622 -0.158
0.0323659142533 0.0064379806265 -0.158
0.0321379403162 0.0074935166801 -0.158
0.0318755522675 0.0085410284884 -0.158
0.0315790310792 0.0095793943494 -0.158
0.0312486942733 0.010607502355 -0.158
0.030884895583 0.0116242515814 -0.158
0.0304880245729 0.012628553268 -0.158
0.0300585062224 0.0136193319835 -0.158
0.0295968004706 0.0145955267772 -0.158
0.0291034017235 0.0155560923153 -0.158
0.0285788383249 0.0165 -0.158
0.0280236719904 0.0174262390715 -0.158
0.027438497206 0.0183338176896 -0.158
0.0268239405915 0.0192217639966 -0.158
0.0261806602296 0.0200891271573 -0.158
0.025509344961 0.0209349783774 -0.158
0.0248107136468 0.0217584118983 -0.158
0.024085514399 0.0225585459668 -0.158
0.0233345237792 0.0233345237792 -0.158
0.0225585459668 0.024085514399 -0.158
0.0217584118983 0.0248107136468 -0.158
0.0209349783774 0.025509344961 -0.158
0.0200891271573 0.0261806602296 -0.158
0.0192217639966 0.0268239405915 -0.158
0.0183338176896 0.027438497206 -0.158
0.0174262390715 0.0280236719904 -0.158
0.0165 0.0285788383249 -0.158
0.0155560923153 0.0291034017235 -0.158
0.0145955267772 0.0295968004706 -0.158
0.0136193319835 0.0300585062224 -0.158
0.012628553268 0.0304880245729 -0.158
0.0116242515814 0.030884895583 -0.158
0.010607502355 0.0312486942733 -0.158
0.0095793943494 0.0315790310792 -0.158
0.0085410284884 0.0318755522675 -0.158
0.0074935166801 0.0321379403162 -0.158
0.0064379806265 0.0323659142533 -0.158
0.005375550622 0.0325592299588 -0.158
0.0043073643433 0.0327176804253 -0.158
0.0032345656309 0.0328410959802 -0.158
0.0021583032646 0.0329293444669 -0.158
0.0010797297331 0.0329823313867 -0.158
0 0.033 -0.158
-0.0010797297331 0.0329823313867 -0.158
-0.0021583032646 0.0329293444669 -0.158
-0.0032345656309 0.0328410959802 -0.158
-0.0043073643433 0.0327176804253 -0.158
-0.005375550622 0.0325592299588 -0.158
-0.0064379806265 0.0323659142533 -0.158
-0.0074935166801 0.0321379403162 -0.158
-0.0085410284884 0.0318755522675 -0.158
-0.0095793943494 0.0315790310792 -0.158
-0.010607502355 0.0312486942733 -0.158
-0.0116242515814 0.030884895583 -0.158
-0.012628553268 0.0304880245729 -0.158
-0.0136193319835 0.0300585062224 -0.158
-0.0145955267772 0.0295968004706 -0.158
-0.0155560923153 0.0291034017235 -0.158
-0.0165 0.0285788383249 -0.158
-0.0174262390715 0.0280236719904 -0.158
-0.0183338176896 0.027438497206 -0.158
-0.0192217639966 0.0268239405915 -0.158
-0.0200891271573 0.0261806602296 -0.158
-0.0209349783774 0.025509344961 -0.158
-0.0217584118983 0.0248107136468 -0.158
-0.0225585459668 0.024085514399 -0.158
-0.0233345237792 0.0233345237792 -0.158
-0.024085514399 0.0225585459668 -0.158
-0.0248107136468 0.0217584118983 -0.158
-0.025509344961 0.0209349783774 -0.158
-0.0261806602296 0.0200891271573 -0.158
-0.0268239405915 0.0192217639966 -0.158
-0.027438497206 0.0183338176896 -0.158
-0.0280236719904 0.0174262390715 -0.158
-0.0285788383249 0.0165 -0.158
-0.0291034017235 0.0155560923153 -0.158
-0.0295968004706 0.0145955267772 -0.158
-0.0300585062224 0.0136193319835 -0.158
-0.0304880245729 0.012628553268 -0.158
-0.030884895583 0.0116242515814 -0.158
-0.0312486942733 0.010607502355 -0.158
-0.0315790310792 0.0095793943494 -0.158
-0.0318755522675 0.0085410284884 -0.158
-0.0321379403162 0.0074935166801 -0.158
-0.0323659142533 0.0064379806265 -0.158
-0.0325592299588 0.005375550622 -0.158
-0.0327176804253 0.0043073643433 -0.158
-0.0328410959802 0.0032345656309 -0.158
-0.0329293444669 0.0021583032646 -0.158
-0.0329823313867 0.0010797297331 -0.158
-0.033 0 -0.158
-0.0329823313867 -0.0010797297331 -0.158
-0.0329293444669 -0.0021583032646 -0.158
-0.0328410959802 -0.0032345656309 -0.158
-0.0327176804253 -0.0043073643433 -0.158
-0.0325592299588 -0.005375550622 -0.158
-0.0323659142533 -0.0064379806265 -0.158
-0.0321379403162 -0.0074935166801 -0.158
-0.0318755522675 -0.0085410284884 -0.158
-0.0315790310792 -0.0095793943494 -0.158
-0.0312486942733 -0.010607502355 -0.158
-0.030884895583 -0.0116242515814 -0.158
-0.0304880245729 -0.012628553268 -0.158
-0.0300585062224 -0.0136193319835 -0.158
-0.0295968004706 -0.0145955267772 -0.158
-0.0291034017235 -0.0155560923153 -0.158
-0.0285788383249 -0.0165 -0.158
-0.0280236719904 -0.0174262390715 -0.158
-0.027438497206 -0.0183338176896 -0.158
-0.0268239405915 -0.0192217639966 -0.158
-0.0261806602296 -0.0200891271573 -0.158
-0.025509344961 -0.0209349783774 -0.158
-0.0248107136468 -0.0217584118983 -0.158
-0.024085514399 -0.0225585459668 -0.158
-0.0233345237792 -0.0233345237792 -0.158
-0.0225585459668 -0.024085514399 -0.158
-0.0217584118983 -0.0248107136468 -0.158
-0.0209349783774 -0.025509344961 -0.158
-0.0200891271573 -0.0261806602296 -0.158
-0.0192217639966 -0.0268239405915 -0.158
-0.0183338176896 -0.027438497206 -0.158
-0.0174262390715 -0.0280236719904 -0.158
-0.0165 -0.0285788383249 -0.158
-0.0155560923153 -0.0291034017235 -0.158
-0.0145955267772 -0.0295968004706 -0.158
-0.0136193319835 -0.0300585062224 -0.158
-0.012628553268 -0.0304880245729 -0.158
-0.0116242515814 -0.030884895583 -0.158
-0.010607502355 -0.0312486942733 -0.158
-0.0095793943494 -0.0315790310792 -0.158
-0.0085410284884 -0.0318755522675 -0.158
-0.0074935166801 -0.0321379403162 -0.158
-0.0064379806265 -0.0323659142533 -0.158
-0.005375550622 -0.0325592299588 -0.158
-0.0043073643433 -0.0327176804253 -0.158
-0.0032345656309 -0.0328410959802 -0.158
-0.0021583032646 -0.0329293444669 -0.158
-0.0010797297331 -0.0329823313867 -0.158
-0 -0.033 -0.158
0.0010797297331 -0.0329823313867 -0.158
0.0021583032646 -0.0329293444669 -0.158
0.0032345656309 -0.0328410959802 -0.158
0.0043073643433 -0.0327176804253 -0.158
0.005375550622 -0.0325592299588 -0.158
0.0064379806265 -0.0323659142533 -0.158
0.0074935166801 -0.0321379403162 -0.158
0.0085410284884 -0.0318755522675 -0.158
0.0095793943494 -0.0315790310792 -0.158
0.010607502355 -0.0312486942733 -0.158
0.0116242515814 -0.030884895583 -0.158
0.012628553268 -0.0304880245729 -0.158
0.0136193319835 -0.0300585062224 -0.158
0.0145955267772 -0.0295968004706 -0.158
0.0155560923153 -0.0291034017235 -0.158
0.0165 -0.0285788383249 -0.158
0.0174262390715 -0.0280236719904 -0.158
0.0183338176896 -0.027438497206 -0.158
0.0192217639966 -0.0268239405915 -0.158
0.0200891271573 -0.0261806602296 -0.158
0.0209349783774 -0.025509344961 -0.158
0.0217584118983 -0.0248107136468 -0.158
0.0225585459668 -0.024085514399 -0.158
0.0233345237792 -0.0233345237792 -0.158
0.024085514399 -0.0225585459668 -0.158
0.0248107136468 -0.0217584118983 -0.158
0.025509344961 -0.0209349783774 -0.158
0.0261806602296 -0.0200891271573 -0.158
0.0268239405915 -0.0192217639966 -0.158
0.027438497206 -0.0183338176896 -0.158
0.0280236719904 -0.0174262390715 -0.158
0.0285788383249 -0.0165 -0.158
0.0291034017235 -0.0155560923153 -0.158
0.0295968004706 -0.0145955267772 -0.158
0.0300585062224 -0.0136193319835 -0.158
0.0304880245729 -0.012628553268 -0.158
0.030884895583 -0.0116242515814 -0.158
0.0312486942733 -0.010607502355 -0.158
0.0315790310792 -0.0095793943494 -0.158
0.0318755522675 -0.0085410284884 -0.158
0.0321379403162 -0.0074935166801 -0.158
0.0323659142533 -0.0064379806265 -0.158
0.0325592299588 -0.005375550622 -0.158
0.0327176804253 -0.0043073643433 -0.158
0.0328410959802 -0.0032345656309 -0.158
0.0329293444669 -0.0021583032646 -0.158
0.0329823313867 -0.0010797297331 -0.158
0.033 0 -0.206
0.0329823313867 0.0010797297331 -0.206
0.0329293444669 0.0021583032646 -0.206
0.0328410959802 0.0032345656309 -0.206
0.0327176804253 0.0043073643433 -0.206
0.0325592299588 0.005375550622 -0.206
0.0323659142533 0.0064379806265 -0.206
0.0321379403162 0.0074935166801 -0.206
0.0318755522675 0.0085410284884 -0.206
0.0315790310792 0.0095793943494 -0.206
0.0312486942733 0.010607502355 -0.206
0.030884895583 0.0116242515814 -0.206
0.0304880245729 0.012628553268 -0.206
0.0300585062224 0.0136193319835 -0.206
0.0295968004706 0.0145955267772 -0.206
0.0291034017235 0.0155560923153 -0.206
0.0285788383249 0.0165 -0.206
0.0280236719904 0.0174262390715 -0.206
0.027438497206 0.0183338176896 -0.206
0.0268239405915 0.0192217639966 -0.206
0.0261806602296 0.0200891271573 -0.206
0.025509344961 0.0209349783774 -0.206
0.0248107136468 0.0217584118983 -0.206
0.024085514399 0.0225585459668 -0.206
0.0233345237792 0.0233345237792 -0.206
0.0225585459668 0.024085514399 -0.206
0.0217584118983 0.0248107136468 -0.206
0.0209349783774 0.025509344961 -0.206
0.0200891271573 0.0261806602296 -0.206
0.0192217639966 0.0268239405915 -0.206
0.0183338176896 0.027438497206 -0.206
0.0174262390715 0.0280236719904 -0.206
0.0165 0.0285788383249 -0.206
0.0155560923153 0.0291034017235 -0.206
0.0145955267772 0.0295968004706 -0.206
0.0136193319835 0.0300585062224 -0.206
0.012628553268 0.0304880245729 -0.206
0.0116242515814 0.030884895583 -0.206
0.010607502355 0.0312486942733 -0.206
0.0095793943494 0.0315790310792 -0.206
0.0085410284884 0.0318755522675 -0.206
0.0074935166801 0.0321379403162 -0.206
0.0064379806265 0.0323659142533 -0.206
0.005375550622 0.0325592299588 -0.206
0.0043073643433 0.0327176804253 -0.206
0.0032345656309 0.0328410959802 -0.206
0.0021583032646 0.0329293444669 -0.206
0.0010797297331 0.0329823313867 -0.206
0 0.033 -0.206
-0.0010797297331 0.0329823313867 -0.206
-0.0021583032646 0.0329293444669 -0.206
-0.0032345656309 0.0328410959802 -0.206
-0.0043073643433 0.0327176804253 -0.206
-0.005375550622 0.0325592299588 -0.206
-0.0064379806265 0.0323659142533 -0.206
-0.0074935166801 0.0321379403162 -0.206
-0.0085410284884 0.0318755522675 -0.206
-0.0095793943494 0.0315790310792 -0.206
-0.010607502355 0.0312486942733 -0.206
-0.0116242515814 0.030884895583 -0.206
-0.012628553268 0.0304880245729 -0.206
-0.0136193319835 0.0300585062224 -0.206
-0.0145955267772 0.0295968004706 -0.206
-0.0155560923153 0.0291034017235 -0.206
-0.0165 0.0285788383249 -0.206
-0.0174262390715 0.0280236719904 -0.206
-0.0183338176896 0.027438497206 -0.206
-0.0192217639966 0.0268239405915 -0.206
-0.0200891271573 0.0261806602296 -0.206
-0.0209349783774 0.025509344961 -0.206
-0.0217584118983 0.0248107136468 -0.206
-0.0225585459668 0.024085514399 -0.206
-0.0233345237792 0.0233345237792 -0.206
-0.024085514399 0.0225585459668 -0.206
-0.0248107136468 0.0217584118983 -0.206
-0.025509344961 0.0209349783774 -0.206
-0.0261806602296 0.0200891271573 -0.206
-0.0268239405915 0.0192217639966 -0.206
-0.027438497206 0.0183338176896 -0.206
-0.0280236719904 0.0174262390715 -0.206
-0.0285788383249 0.0165 -0.206
-0.0291034017235 0.0155560923153 -0.206
-0.0295968004706 0.0145955267772 -0.206
-0.0300585062224 0.0136193319835 -0.206
-0.0304880245729 0.012628553268 -0.206
-0.030884895583 0.0116242515814 -0.206
-0.0312486942733 0.010607502355 -0.206
-0.0315790310792 0.0095793943494 -0.206
-0.0318755522675 0.0085410284884 -0.206
-0.0321379403162 0.0074935166801 -0.206
-0.0323659142533 0.0064379806265 -0.206
-0.0325592299588 0.005375550622 -0.206
-0.0327176804253 0.0043073643433 -0.206
-0.0328410959802 0.0032345656309 -0.206
-0.0329293444669 0.0021583032646 -0.206
-0.0329823313867 0.0010797297331 -0.206
-0.033 0 -0.206
-0.0329823313867 -0.0010797297331 -0.206
-0.0329293444669 -0.0021583032646 -0.206
-0.0328410959802 -0.0032345656309 -0.206
-0.0327176804253 -0.0043073643433 -0.206
-0.0325592299588 -0.005375550622 -0.206
-0.0323659142533 -0.0064379806265 -0.206
-0.0321379403162 -0.0074935166801 -0.206
-0.0318755522675 -0.0085410284884 -0.206
-0.0315790310792 -0.0095793943494 -0.206
-0.0312486942733 -0.010607502355 -0.206
-0.030884895583 -0.0116242515814 -0.206
-0.0304880245729 -0.012628553268 -0.206
-0.0300585062224 -0.0136193319835 -0.206
-0.0295968004706 -0.0145955267772 -0.206
-0.0291034017235 -0.0155560923153 -0.206
-0.0285788383249 -0.0165 -0.206
-0.0280236719904 -0.0174262390715 -0.206
-0.027438497206 -0.0183338176896 -0.206
-0.0268239405915 -0.0192217639966 -0.206
-0.0261806602296 -0.0200891271573 -0.206
-0.025509344961 -0.0209349783774 -0.206
-0.0248107136468 -0.0217584118983 -0.206
-0.024085514399 -0.0225585459668 -0.206
-0.0233345237792 -0.0233345237792 -0.206
-0.0225585459668 -0.024085514399 -0.206
-0.0217584118983 -0.0248107136468 -0.206
-0.0209349783774 -0.025509344961 -0.206
-0.0200891271573 -0.0261806602296 -0.206
-0.0192217639966 -0.0268239405915 -0.206
-0.0183338176896 -0.027438497206 -0.206
-0.0174262390715 -0.0280236719904 -0.206
-0.0165 -0.0285788383249 -0.206
-0.0155560923153 -0.0291034017235 -0.206
-0.0145955267772 -0.0295968004706 -0.206
-0.0136193319835 -0.0300585062224 -0.206
-0.012628553268 -0.0304880245729 -0.206
-0.0116242515814 -0.030884895583 -0.206
-0.010607502355 -0.0312486942733 -0.206
-0.0095793943494 -0.0315790310792 -0.206
-0.0085410284884 -0.0318755522675 -0.206
-0.0074935166801 -0.0321379403162 -0.206
-0.0064379806265 -0.0323659142533 -0.206
-0.005375550622 -0.0325592299588 -0.206
-0.0043073643433 -0.0327176804253 -0.206
-0.0032345656309 -0.0328410959802 -0.206
-0.0021583032646 -0.0329293444669 -0.206
-0.0010797297331 -0.0329823313867 -0.206
-0 -0.033 -0.206
0.0010797297331 -0.0329823313867 -0.206
0.0021583032646 -0.0329293444669 -0.206
0.0032345656309 -0.0328410959802 -0.206
0.0043073643433 -0.0327176804253 -0.206
0.005375550622 -0.0325592299588 -0.206
0.0064379806265 -0.0323659142533 -0.206
0.0074935166801 -0.0321379403162 -0.206
0.0085410284884 -0.0318755522675 -0.206
0.0095793943494 -0.0315790310792 -0.206
0.010607502355 -0.0312486942733 -0.206
0.0116242515814 -0.030884895583 -0.206
0.012628553268 -0.0304880245729 -0.206
0.0136193319835 -0.0300585062224 -0.206
0.0145955267772 -0.0295968004706 -0.206
0.0155560923153 -0.0291034017235 -0.206
0.0165 -0.0285788383249 -0.206
0.0174262390715 -0.0280236719904 -0.206
0.0183338176896 -0.027438497206 -0.206
0.0192217639966 -0.0268239405915 -0.206
0.0200891271573 -0.0261806602296 -0.206
0.0209349783774 -0.025509344961 -0.206
0.0217584118983 -0.0248107136468 -0.206
0.0225585459668 -0.024085514399 -0.206
0.0233345237792 -0.0233345237792 -0.206
0.024085514399 -0.0225585459668 -0.206
0.0248107136468 -0.0217584118983 -0.206
0.025509344961 -0.0209349783774 -0.206
0.0261806602296 -0.0200891271573 -0.206
0.0268239405915 -0.0192217639966 -0.206
0.027438497206 -0.0183338176896 -0.206
0.0280236719904 -0.0174262390715 -0.206
0.0285788383249 -0.0165 -0.206
0.0291034017235 -0.0155560923153 -0.206
0.0295968004706 -0.0145955267772 -0.206
0.0300585062224 -0.0136193319835 -0.206
0.0304880245729 -0.012628553268 -0.206
0.030884895583 -0.0116242515814 -0.206
0.0312486942733 -0.010607502355 -0.206
0.0315790310792 -0.0095793943494 -0.206
0.0318755522675 -0.0085410284884 -0.206
0.0321379403162 -0.0074935166801 -0.206
0.0323659142533 -0.0064379806265 -0.206
0.0325592299588 -0.005375550622 -0.206
0.0327176804253 -0.0043073643433 -0.206
0.0328410959802 -0.0032345656309 -0.206
0.0329293444669 -0.0021583032646 -0.206
0.0329823313867 -0.0010797297331 -0.206
0.038 0 -0.306
0.0379796543241 0.0012433251472 -0.306
0.0379186390831 0.0024853189107 -0.306
0.0378170196135 0.0037246513325 -0.306
0.0376749047322 0.0049599953044 -0.306
0.0374924466192 0.006190027989 -0.306
0.0372698406553 0.0074134322366 -0.306
0.0370073252125 0.0086288979953 -0.306
0.036705181399 0.0098351237139 -0.306
0.0363637327578 0.0110308177357 -0.306
0.0359833449208 0.0122146996815 -0.306
0.0355644252168 0.013385501821 -0.306
0.0351074222354 0.0145419704299 -0.306
0.034612825347 0.0156828671326 -0.306
0.0340811641782 0.0168069702283 -0.306
0.0335130080452 0.0179130759994 -0.306
0.0329089653438 0.019 -0.306
0.032269682898 0.0200665783247 -0.306
0.0315958452675 0.0211116688547 -0.306
0.0308881740145 0.022134152481 -0.306
0.0301474269311 0.0231329343023 -0.306
0.0293743972278 0.0241069447982 -0.306
0.0285699126842 0.0250551409738 -0.306
0.0277348347625 0.0259765074769 -0.306
0.0268700576851 0.0268700576851 -0.306
0.0259765074769 0.0277348347625 -0.306
0.0250551409738 0.0285699126842 -0.306
0.0241069447982 0.0293743972278 -0.306
0.0231329343023 0.0301474269311 -0.306
0.022134152481 0.0308881740145 -0.306
0.0211116688547 0.0315958452675 -0.306
0.0200665783247 0.032269682898 -0.306
0.019 0.0329089653438 -0.306
0.0179130759994 0.0335130080452 -0.306
0.0168069702283 0.0340811641782 -0.306
0.0156828671326 0.034612825347 -0.306
0.0145419704299 0.0351074222354 -0.306
0.013385501821 0.0355644252168 -0.306
0.0122146996815 0.0359833449208 -0.306
0.0110308177357 0.0363637327578 -0.306
0.0098351237139 0.036705181399 -0.306
0.0086288979953 0.0370073252125 -0.306
0.0074134322366 0.0372698406553 -0.306
0.006190027989 0.0374924466192 -0.306
0.0049599953044 0.0376749047322 -0.306
0.0037246513325 0.0378170196135 -0.306
0.0024853189107 0.0379186390831 -0.306
0.0012433251472 0.0379796543241 -0.306
0 0.038 -0.306
-0.0012433251472 0.0379796543241 -0.306
-0.0024853189107 0.0379186390831 -0.306
-0.0037246513325 0.0378170196135 -0.306
-0.0049599953044 0.0376749047322 -0.306
-0.006190027989 0.0374924466192 -0.306
-0.0074134322366 0.0372698406553 -0.306
-0.0086288979953 0.0370073252125 -0.306
-0.0098351237139 0.036705181399 -0.306
-0.0110308177357 0.0363637327578 -0.306
-0.0122146996815 0.0359833449208 -0.306
-0.013385501821 0.0355644252168 -0.306
-0.0145419704299 0.0351074222354 -0.306
-0.0156828671326 0.034612825347 -0.306
-0.0168069702283 0.0340811641782 -0.306
-0.0179130759994 0.0335130080452 -0.306
-0.019 0.0329089653438 -0.306
-0.0200665783247 0.032269682898 -0.306
-0.0211116688547 0.0315958452675 -0.306
-0.022134152481 0.0308881740145 -0.306
-0.0231329343023 0.0301474269311 -0.306
-0.0241069447982 0.0293743972278 -0.306
-0.0250551409738 0.0285699126842 -0.306
-0.0259765074769 0.0277348347625 -0.306
-0.0268700576851 0.0268700576851 -0.306
-0.0277348347625 0.0259765074769 -0.306
-0.0285699126842 0.0250551409738 -0.306
-0.0293743972278 0.0241069447982 -0.306
-0.0301474269311 0.0231329343023 -0.306
-0.0308881740145 0.022134152481 -0.306
-0.0315958452675 0.0211116688547 -0.306
-0.032269682898 0.0200665783247 -0.306
-0.0329089653438 0.019 -0.306
-0.0335130080452 0.0179130759994 -0.306
-0.0340811641782 0.0168069702283 -0.306
-0.034612825347 0.0156828671326 -0.306
-0.0351074222354 0.0145419704299 -0.306
-0.0355644252168 0.013385501821 -0.306
-0.0359833449208 0.0122146996815 -0.306
-0.0363637327578 0.0110308177357 -0.306
-0.036705181399 0.0098351237139 -0.306
-0.0370073252125 0.0086288979953 -0.306
-0.0372698406553 0.0074134322366 -0.306
-0.0374924466192 0.006190027989 -0.306
-0.0376749047322 0.0049599953044 -0.306
-0.0378170196135 0.0037246513325 -0.306
-0.0379186390831 0.0024853189107 -0.306
-0.0379796543241 0.0012433251472 -0.306
-0.038 0 -0.306
-0.0379796543241 -0.0012433251472 -0.306
-0.0379186390831 -0.0024853189107 -0.306
-0.0378170196135 -0.0037246513325 -0.306
-0.0376749047322 -0.0049599953044 -0.306
-0.0374924466192 -0.006190027989 -0.306
-0.0372698406553 -0.0074134322366 -0.306
-0.0370073252125 -0.0086288979953 -0.306
-0.036705181399 -0.0098351237139 -0.306
-0.0363637327578 -0.0110308177357 -0.306
-0.0359833449208 -0.0122146996815 -0.306
-0.0355644252168 -0.013385501821 -0.306
-0.0351074222354 -0.0145419704299 -0.306
-0.034612825347 -0.0156828671326 -0.306
-0.0340811641782 -0.0168069702283 -0.306
-0.0335130080452 -0.0179130759994 -0.306
-0.0329089653438 -0.019 -0.306
-0.032269682898 -0.0200665783247 -0.306
-0.0315958452675 -0.0211116688547 -0.306
-0.0308881740145 -0.022134152481 -0.306
-0.0301474269311 -0.0231329343023 -0.306
-0.0293743972278 -0.0241069447982 -0.306
-0.0285699126842 -0.0250551409738 -0.306
-0.0277348347625 -0.0259765074769 -0.306
-0.0268700576851 -0.0268700576851 -0.306
-0.0259765074769 -0.0277348347625 -0.306
-0.0250551409738 -0.0285699126842 -0.306
-0.0241069447982 -0.0293743972278 -0.306
-0.0231329343023 -0.0301474269311 -0.306
-0.022134152481 -0.0308881740145 -0.306
-0.0211116688547 -0.0315958452675 -0.306
-0.0200665783247 -0.032269682898 -0.306
-0.019 -0.0329089653438 -0.306
-0.0179130759994 -0.0335130080452 -0.306
-0.0168069702283 -0.0340811641782 -0.306
-0.0156828671326 -0.034612825347 -0.306
-0.0145419704299 -0.0351074222354 -0.306
-0.013385501821 -0.0355644252168 -0.306
-0.0122146996815 -0.0359833449208 -0.306
-0.0110308177357 -0.0363637327578 -0.306
-0.0098351237139 -0.036705181399 -0.306
-0.0086288979953 -0.0370073252125 -0.306
-0.0074134322366 -0.0372698406553 -0.306
-0.006190027989 -0.0374924466192 -0.306
-0.0049599953044 -0.0376749047322 -0.306
-0.0037246513325 -0.0378170196135 -0.306
-0.0024853189107 -0.0379186390831 -0.306
-0.0012433251472 -0.0379796543241 -0.306
-0 -0.038 -0.306
0.0012433251472 -0.0379796543241 -0.306
0.0024853189107 -0.0379186390831 -0.306
0.0037246513325 -0.0378170196135 -0.306
0.0049599953044 -0.0376749047322 -0.306
0.006190027989 -0.0374924466192 -0.306
0.0074134322366 -0.0372698406553 -0.306
0.0086288979953 -0.0370073252125 -0.306
0.0098351237139 -0.036705181399 -0.306
0.0110308177357 -0.0363637327578 -0.306
0.0122146996815 -0.0359833449208 -0.306
0.013385501821 -0.0355644252168 -0.306
0.0145419704299 -0.0351074222354 -0.306
0.0156828671326 -0.034612825347 -0.306
0.0168069702283 -0.0340811641782 -0.306
0.0179130759994 -0.0335130080452 -0.306
0.019 -0.0329089653438 -0.306
0.0200665783247 -0.032269682898 -0.306
0.0211116688547 -0.0315958452675 -0.306
0.022134152481 -0.0308881740145 -0.306
0.0231329343023 -0.0301474269311 -0.306
0.0241069447982 -0.0293743972278 -0.306
0.0250551409738 -0.0285699126842 -0.306
0.0259765074769 -0.0277348347625 -0.306
0.0268700576851 -0.0268700576851 -0.306
0.0277348347625 -0.0259765074769 -0.306
0.0285699126842 -0.0250551409738 -0.306
0.0293743972278 -0.0241069447982 -0.306
0.0301474269311 -0.0231329343023 -0.306
0.0308881740145 -0.022134152481 -0.306
0.0315958452675 -0.0211116688547 -0.306
0.032269682898 -0.0200665783247 -0.306
0.0329089653438 -0.019 -0.306
0.0335130080452 -0.0179130759994 -0.306
0.0340811641782 -0.0168069702283 -0.306
0.034612825347 -0.0156828671326 -0.306
0.0351074222354 -0.0145419704299 -0.306
0.0355644252168 -0.013385501821 -0.306
0.0359833449208 -0.0122146996815 -0.306
0.0363637327578 -0.0110308177357 -0.306
0.036705181399 -0.0098351237139 -0.306
0.0370073252125 -0.0086288979953 -0.306
0.0372698406553 -0.0074134322366 -0.306
0.0374924466192 -0.006190027989 -0.306
0.0376749047322 -0.0049599953044 -0.306
0.0378170196135 -0.0037246513325 -0.306
0.0379186390831 -0.0024853189107 -0.306
0.0379796543241 -0.0012433251472 -0.306
0.038 0 -0.206
0.0379796543241 0.0012433251472 -0.206
0.0379186390831 0.0024853189107 -0.206
0.0378170196135 0.0037246513325 -0.206
0.0376749047322 0.0049599953044 -0.206
0.0374924466192 0.006190027989 -0.206
0.0372698406553 0.0074134322366 -0.206
0.0370073252125 0.0086288979953 -0.206
0.036705181399 0.0098351237139 -0.206
0.0363637327578 0.0110308177357 -0.206
0.0359833449208 0.0122146996815 -0.206
0.0355644252168 0.013385501821 -0.206
0.0351074222354 0.0145419704299 -0.206
0.034612825347 0.0156828671326 -0.206
0.0340811641782 0.0168069702283 -0.206
0.0335130080452 0.0179130759994 -0.206
0.0329089653438 0.019 -0.206
0.032269682898 0.0200665783247 -0.206
0.0315958452675 0.0211116688547 -0.206
0.0308881740145 0.022134152481 -0.206
0.0301474269311 0.0231329343023 -0.206
0.0293743972278 0.0241069447982 -0.206
0.0285699126842 0.0250551409738 -0.206
0.0277348347625 0.0259765074769 -0.206
0.0268700576851 0.0268700576851 -0.206
0.0259765074769 0.0277348347625 -0.206
0.0250551409738 0.0285699126842 -0.206
0.0241069447982 0.0293743972278 -0.206
0.0231329343023 0.0301474269311 -0.206
0.022134152481 0.0308881740145 -0.206
0.0211116688547 0.0315958452675 -0.206
0.0200665783247 0.032269682898 -0.206
0.019 0.0329089653438 -0.206
0.0179130759994 0.0335130080452 -0.206
0.0168069702283 0.0340811641782 -0.206
0.0156828671326 0.034612825347 -0.206
0.0145419704299 0.0351074222354 -0.206
0.013385501821 0.0355644252168 -0.206
0.0122146996815 0.0359833449208 -0.206
0.0110308177357 0.0363637327578 -0.206
0.0098351237139 0.036705181399 -0.206
0.0086288979953 0.0370073252125 -0.206
0.0074134322366 0.0372698406553 -0.206
0.006190027989 0.0374924466192 -0.206
0.0049599953044 0.0376749047322 -0.206
0.0037246513325 0.0378170196135 -0.206
0.0024853189107 0.0379186390831 -0.206
0.0012433251472 0.0379796543241 -0.206
0 0.038 -0.206
-0.0012433251472 0.0379796543241 -0.206
-0.0024853189107 0.0379186390831 -0.206
-0.0037246513325 0.0378170196135 -0.206
-0.0049599953044 0.0376749047322 -0.206
-0.006190027989 0.0374924466192 -0.206
-0.0074134322366 0.0372698406553 -0.206
-0.0086288979953 0.0370073252125 -0.206
-0.0098351237139 0.036705181399 -0.206
-0.0110308177357 0.0363637327578 -0.206
-0.0122146996815 0.0359833449208 -0.206
-0.013385501821 0.0355644252168 -0.206
-0.0145419704299 0.0351074222354 -0.206
-0.0156828671326 0.034612825347 -0.206
-0.0168069702283 0.0340811641782 -0.206
-0.0179130759994 0.0335130080452 -0.206
-0.019 0.0329089653438 -0.206
-0.0200665783247 0.032269682898 -0.206
-0.0211116688547 0.0315958452675 -0.206
-0.022134152481 0.0308881740145 -0.206
-0.0231329343023 0.0301474269311 -0.206
-0.0241069447982 0.0293743972278 -0.206
-0.0250551409738 0.0285699126842 -0.206
-0.0259765074769 0.0277348347625 -0.206
-0.0268700576851 0.0268700576851 -0.206
-0.0277348347625 0.0259765074769 -0.206
-0.0285699126842 0.0250551409738 -0.206
-0.0293743972278 0.0241069447982 -0.206
-0.0301474269311 0.0231329343023 -0.206
-0.0308881740145 0.022134152481 -0.206
-0.0315958452675 0.0211116688547 -0.206
-0.032269682898 0.0200665783247 -0.206
-0.0329089653438 0.019 -0.206
-0.0335130080452 0.0179130759994 -0.206
-0.0340811641782 0.0168069702283 -0.206
-0.034612825347 0.0156828671326 -0.206
-0.0351074222354 0.0145419704299 -0.206
-0.0355644252168 0.013385501821 -0.206
-0.0359833449208 0.0122146996815 -0.206
-0.0363637327578 0.0110308177357 -0.206
-0.036705181399 0.0098351237139 -0.206
-0.0370073252125 0.0086288979953 -0.206
-0.0372698406553 0.0074134322366 -0.206
-0.0374924466192 0.006190027989 -0.206
-0.0376749047322 0.0049599953044 -0.206
-0.0378170196135 0.0037246513325 -0.206
-0.0379186390831 0.0024853189107 -0.206
-0.0379796543241 0.0012433251472 -0.206
-0.038 0 -0.206
-0.0379796543241 -0.0012433251472 -0.206
-0.0379186390831 -0.0024853189107 -0.206
-0.0378170196135 -0.0037246513325 -0.206
-0.0376749047322 -0.0049599953044 -0.206
-0.0374924466192 -0.006190027989 -0.206
-0.0372698406553 -0.0074134322366 -0.206
-0.0370073252125 -0.0086288979953 -0.206
-0.036705181399 -0.0098351237139 -0.206
-0.0363637327578 -0.0110308177357 -0.206
-0.0359833449208 -0.0122146996815 -0.206
-0.0355644252168 -0.013385501821 -0.206
-0.0351074222354 -0.0145419704299 -0.206
-0.034612825347 -0.0156828671326 -0.206
-0.0340811641782 -0.0168069702283 -0.206
-0.0335130080452 -0.0179130759994 -0.206
-0.0329089653438 -0.019 -0.206
-0.032269682898 -0.0200665783247 -0.206
-0.0315958452675 -0.0211116688547 -0.206
-0.0308881740145 -0.022134152481 -0.206
-0.0301474269311 -0.0231329343023 -0.206
-0.0293743972278 -0.0241069447982 -0.206
-0.0285699126842 -0.0250551409738 -0.206
-0.0277348347625 -0.0259765074769 -0.206
-0.0268700576851 -0.0268700576851 -0.206
-0.0259765074769 -0.0277348347625 -0.206
-0.0250551409738 -0.0285699126842 -0.206
-0.0241069447982 -0.0293743972278 -0.206
-0.0231329343023 -0.0301474269311 -0.206
-0.022134152481 -0.0308881740145 -0.206
-0.0211116688547 -0.0315958452675 -0.206
-0.0200665783247 -0.032269682898 -0.206
-0.019 -0.0329089653438 -0.206
-0.0179130759994 -0.0335130080452 -0.206
-0.0168069702283 -0.0340811641782 -0.206
-0.0156828671326 -0.034612825347 -0.206
-0.0145419704299 -0.0351074222354 -0.206
-0.013385501821 -0.0355644252168 -0.206
-0.0122146996815 -0.0359833449208 -0.206
-0.0110308177357 -0.0363637327578 -0.206
-0.0098351237139 -0.036705181399 -0.206
-0.0086288979953 -0.0370073252125 -0.206
-0.0074134322366 -0.0372698406553 -0.206
-0.006190027989 -0.0374924466192 -0.206
-0.0049599953044 -0.0376749047322 -0.206
-0.0037246513325 -0.0378170196135 -0.206
-0.0024853189107 -0.0379186390831 -0.206
-0.0012433251472 -0.0379796543241 -0.206
-0 -0.038 -0.206
0.0012433251472 -0.0379796543241 -0.206
0.0024853189107 -0.0379186390831 -0.206
0.0037246513325 -0.0378170196135 -0.206
0.0049599953044 -0.0376749047322 -0.206
0.006190027989 -0.0374924466192 -0.206
0.0074134322366 -0.0372698406553 -0.206
0.0086288979953 -0.0370073252125 -0.206
0.0098351237139 -0.036705181399 -0.206
0.0110308177357 -0.0363637327578 -0.206
0.0122146996815 -0.0359833449208 -0.206
0.013385501821 -0.0355644252168 -0.206
0.0145419704299 -0.0351074222354 -0.206
0.0156828671326 -0.034612825347 -0.206
0.0168069702283 -0.0340811641782 -0.206
0.0179130759994 -0.0335130080452 -0.206
0.019 -0.0329089653438 -0.206
0.0200665783247 -0.032269682898 -0.206
0.0211116688547 -0.0315958452675 -0.206
0.022134152481 -0.0308881740145 -0.206
0.0231329343023 -0.0301474269311 -0.206
0.0241069447982 -0.0293743972278 -0.206
0.0250551409738 -0.0285699126842 -0.206
0.0259765074769 -0.0277348347625 -0.206
0.0268700576851 -0.0268700576851 -0.206
0.0277348347625 -0.0259765074769 -0.206
0.0285699126842 -0.0250551409738 -0.206
0.0293743972278 -0.0241069447982 -0.206
0.0301474269311 -0.0231329343023 -0.206
0.0308881740145 -0.022134152481 -0.206
0.0315958452675 -0.0211116688547 -0.206
0.032269682898 -0.0200665783247 -0.206
0.0329089653438 -0.019 -0.206
0.0335130080452 -0.0179130759994 -0.206
0.0340811641782 -0.0168069702283 -0.206
0.034612825347 -0.0156828671326 -0.206
0.0351074222354 -0.0145419704299 -0.206
0.0355644252168 -0.013385501821 -0.206
0.0359833449208 -0.0122146996815 -0.206
0.0363637327578 -0.0110308177357 -0.206
0.036705181399 -0.0098351237139 -0.206
0.0370073252125 -0.0086288979953 -0.206
0.0372698406553 -0.0074134322366 -0.206
0.0374924466192 -0.006190027989 -0.206
0.0376749047322 -0.0049599953044 -0.206
0.0378170196135 -0.0037246513325 -0.206
0.0379186390831 -0.0024853189107 -0.206
0.0379796543241 -0.0012433251472 -0.206
0.017 0 -0.53
0.0169908979871 0.000556224408 -0.53
0.0169636016951 0.0011118531969 -0.53
0.0169181403534 0.0016662913856 -0.53
0.0168545626434 0.0022189452677 -0.53
0.0167729366454 0.0027692230477 -0.53
0.0166733497669 0.0033165354743 -0.53
0.0165559086477 0.0038602964716 -0.53
0.0164207390469 0.0043999237667 -0.53
0.0162679857074 0.0049348395133 -0.53
0.0160978122014 0.0054644709102 -0.53
0.0159104007549 0.0059882508147 -0.53
0.0157059520527 0.0065056183502 -0.53
0.0154846850237 0.0070160195067 -0.53
0.0152468366061 0.0075189077337 -0.53
0.0149926614939 0.008013744526 -0.53
0.0147224318643 0.0085 -0.53
0.014436437086 0.0089771534611 -0.53
0.0141349834091 0.0094446939613 -0.53
0.0138183936381 0.0099021208468 -0.53
0.013487006785 0.0103489442931 -0.53
0.0131411777072 0.0107846858308 -0.53
0.0127812767271 0.0112088788567 -0.53
0.0124076892359 0.0116210691344 -0.53
0.0120208152802 0.0120208152802 -0.53
0.0116210691344 0.0124076892359 -0.53
0.0112088788567 0.0127812767271 -0.53
0.0107846858308 0.0131411777072 -0.53
0.0103489442931 0.013487006785 -0.53
0.0099021208468 0.0138183936381 -0.53
0.0094446939613 0.0141349834091 -0.53
0.0089771534611 0.014436437086 -0.53
0.0085 0.0147224318643 -0.53
0.008013744526 0.0149926614939 -0.53
0.0075189077337 0.0152468366061 -0.53
0.0070160195067 0.0154846850237 -0.53
0.0065056183502 0.0157059520527 -0.53
0.0059882508147 0.0159104007549 -0.53
0.0054644709102 0.0160978122014 -0.53
0.0049348395133 0.0162679857074 -0.53
0.0043999237667 0.0164207390469 -0.53
0.0038602964716 0.0165559086477 -0.53
0.0033165354743 0.0166733497669 -0.53
0.0027692230477 0.0167729366454 -0.53
0.0022189452677 0.0168545626434 -0.53
0.0016662913856 0.0169181403534 -0.53
0.0011118531969 0.0169636016951 -0.53
0.000556224408 0.0169908979871 -0.53
0 0.017 -0.53
-0.000556224408 0.0169908979871 -0.53
-0.0011118531969 0.0169636016951 -0.53
-0.0016662913856 0.0169181403534 -0.53
-0.0022189452677 0.0168545626434 -0.53
-0.0027692230477 0.0167729366454 -0.53
-0.0033165354743 0.0166733497669 -0.53
-0.0038602964716 0.0165559086477 -0.53
-0.0043999237667 0.0164207390469 -0.53
-0.0049348395133 0.0162679857074 -0.53
-0.0054644709102 0.0160978122014 -0.53
-0.0059882508147 0.0159104007549 -0.53
-0.0065056183502 0.0157059520527 -0.53
-0.0070160195067 0.0154846850237 -0.53
-0.0075189077337 0.0152468366061 -0.53
-0.008013744526 0.0149926614939 -0.53
-0.0085 0.0147224318643 -0.53
-0.0089771534611 0.014436437086 -0.53
-0.0094446939613 0.0141349834091 -0.53
-0.0099021208468 0.0138183936381 -0.53
-0.0103489442931 0.013487006785 -0.53
-0.0107846858308 0.0131411777072 -0.53
-0.0112088788567 0.0127812767271 -0.53
-0.0116210691344 0.0124076892359 -0.53
-0.0120208152802 0.0120208152802 -0.53
-0.0124076892359 0.0116210691344 -0.53
-0.0127812767271 0.0112088788567 -0.53
-0.0131411777072 0.0107846858308 -0.53
-0.013487006785 0.0103489442931 -0.53
-0.0138183936381 0.0099021208468 -0.53
-0.0141349834091 0.0094446939613 -0.53
-0.014436437086 0.0089771534611 -0.53
-0.0147224318643 0.0085 -0.53
-0.0149926614939 0.008013744526 -0.53
-0.0152468366061 0.0075189077337 -0.53
-0.0154846850237 0.0070160195067 -0.53
-0.0157059520527 0.0065056183502 -0.53
-0.0159104007549 0.0059882508147 -0.53
-0.0160978122014 0.0054644709102 -0.53
-0.0162679857074 0.0049348395133 -0.53
-0.0164207390469 0.0043999237667 -0.53
-0.0165559086477 0.0038602964716 -0.53
-0.0166733497669 0.0033165354743 -0.53
-0.0167729366454 0.0027692230477 -0.53
-0.0168545626434 0.0022189452677 -0.53
-0.0169181403534 0.0016662913856 -0.53
-0.0169636016951 0.0011118531969 -0.53
-0.0169908979871 0.000556224408 -0.53
-0.017 0 -0.53
-0.0169908979871 -0.000556224408 -0.53
-0.0169636016951 -0.0011118531969 -0.53
-0.0169181403534 -0.0016662913856 -0.53
-0.0168545626434 -0.0022189452677 -0.53
-0.0167729366454 -0.0027692230477 -0.53
-0.0166733497669 -0.0033165354743 -0.53
-0.0165559086477 -0.0038602964716 -0.53
-0.0164207390469 -0.0043999237667 -0.53
-0.0162679857074 -0.0049348395133 -0.53
-0.0160978122014 -0.0054644709102 -0.53
-0.0159104007549 -0.0059882508147 -0.53
-0.0157059520527 -0.0065056183502 -0.53
-0.0154846850237 -0.0070160195067 -0.53
-0.0152468366061 -0.0075189077337 -0.53
-0.0149926614939 -0.008013744526 -0.53
-0.0147224318643 -0.0085 -0.53
-0.014436437086 -0.0089771534611 -0.53
-0.0141349834091 -0.0094446939613 -0.53
-0.0138183936381 -0.0099021208468 -0.53
-0.013487006785 -0.0103489442931 -0.53
-0.0131411777072 -0.0107846858308 -0.53
-0.0127812767271 -0.0112088788567 -0.53
-0.0124076892359 -0.0116210691344 -0.53
-0.0120208152802 -0.0120208152802 -0.53
-0.0116210691344 -0.0124076892359 -0.53
-0.0112088788567 -0.0127812767271 -0.53
-0.0107846858308 -0.0131411777072 -0.53
-0.0103489442931 -0.013487006785 -0.53
-0.0099021208468 -0.0138183936381 -0.53
-0.0094446939613 -0.0141349834091 -0.53
-0.0089771534611 -0.014436437086 -0.53
-0.0085 -0.0147224318643 -0.53
-0.008013744526 -0.0149926614939 -0.53
-0.0075189077337 -0.0152468366061 -0.53
-0.0070160195067 -0.0154846850237 -0.53
-0.0065056183502 -0.0157059520527 -0.53
-0.0059882508147 -0.0159104007549 -0.53
-0.0054644709102 -0.0160978122014 -0.53
-0.0049348395133 -0.0162679857074 -0.53
-0.0043999237667 -0.0164207390469 -0.53
-0.0038602964716 -0.0165559086477 -0.53
-0.0033165354743 -0.0166733497669 -0.53
-0.0027692230477 -0.0167729366454 -0.53
-0.0022189452677 -0.0168545626434 -0.53
-0.0016662913856 -0.0169181403534 -0.53
-0.0011118531969 -0.0169636016951 -0.53
-0.000556224408 -0.0169908979871 -0.53
-0 -0.017 -0.53
0.000556224408 -0.0169908979871 -0.53
0.0011118531969 -0.0169636016951 -0.53
0.0016662913856 -0.0169181403534 -0.53
0.0022189452677 -0.0168545626434 -0.53
0.0027692230477 -0.0167729366454 -0.53
0.0033165354743 -0.0166733497669 -0.53
0.0038602964716 -0.0165559086477 -0.53
0.0043999237667 -0.0164207390469 -0.53
0.0049348395133 -0.0162679857074 -0.53
0.0054644709102 -0.0160978122014 -0.53
0.0059882508147 -0.0159104007549 -0.53
0.0065056183502 -0.0157059520527 -0.53
0.0070160195067 -0.0154846850237 -0.53
0.0075189077337 -0.0152468366061 -0.53
0.008013744526 -0.0149926614939 -0.53
0.0085 -0.0147224318643 -0.53
0.0089771534611 -0.014436437086 -0.53
0.0094446939613 -0.0141349834091 -0.53
0.0099021208468 -0.0138183936381 -0.53
0.0103489442931 -0.013487006785 -0.53
0.0107846858308 -0.0131411777072 -0.53
0.0112088788567 -0.0127812767271 -0.53
0.0116210691344 -0.0124076892359 -0.53
0.0120208152802 -0.0120208152802 -0.53
0.0124076892359 -0.0116210691344 -0.53
0.0127812767271 -0.0112088788567 -0.53
0.0131411777072 -0.0107846858308 -0.53
0.013487006785 -0.0103489442931 -0.53
0.0138183936381 -0.0099021208468 -0.53
0.0141349834091 -0.0094446939613 -0.53
0.014436437086 -0.0089771534611 -0.53
0.0147224318643 -0.0085 -0.53
0.0149926614939 -0.008013744526 -0.53
0.0152468366061 -0.0075189077337 -0.53
0.0154846850237 -0.0070160195067 -0.53
0.0157059520527 -0.0065056183502 -0.53
0.0159104007549 -0.0059882508147 -0.53
0.0160978122014 -0.0054644709102 -0.53
0.0162679857074 -0.0049348395133 -0.53
0.0164207390469 -0.0043999237667 -0.53
0.0165559086477 -0.0038602964716 -0.53
0.0166733497669 -0.0033165354743 -0.53
0.0167729366454 -0.0027692230477 -0.53
0.0168545626434 -0.0022189452677 -0.53
0.0169181403534 -0.0016662913856 -0.53
0.0169636016951 -0.0011118531969 -0.53
0.0169908979871 -0.000556224408 -0.53
0.017 0 -0.306
0.0169908979871 0.000556224408 -0.306
0.0169636016951 0.0011118531969 -0.306
0.0169181403534 0.0016662913856 -0.306
0.0168545626434 0.0022189452677 -0.306
0.0167729366454 0.0027692230477 -0.306
0.0166733497669 0.0033165354743 -0.306
0.0165559086477 0.0038602964716 -0.306
0.0164207390469 0.0043999237667 -0.306
0.0162679857074 0.0049348395133 -0.306
0.0160978122014 0.0054644709102 -0.306
0.0159104007549 0.0059882508147 -0.306
0.0157059520527 0.0065056183502 -0.306
0.0154846850237 0.0070160195067 -0.306
0.0152468366061 0.0075189077337 -0.306
0.0149926614939 0.008013744526 -0.306
0.0147224318643 0.0085 -0.306
0.014436437086 0.0089771534611 -0.306
0.0141349834091 0.0094446939613 -0.306
0.0138183936381 0.0099021208468 -0.306
0.013487006785 0.0103489442931 -0.306
0.0131411777072 0.0107846858308 -0.306
0.0127812767271 0.0112088788567 -0.306
0.0124076892359 0.0116210691344 -0.306
0.0120208152802 0.0120208152802 -0.306
0.0116210691344 0.0124076892359 -0.306
0.0112088788567 0.0127812767271 -0.306
0.0107846858308 0.0131411777072 -0.306
0.0103489442931 0.013487006785 -0.306
0.0099021208468 0.0138183936381 -0.306
0.0094446939613 0.0141349834091 -0.306
0.0089771534611 0.014436437086 -0.306
0.0085 0.0147224318643 -0.306
0.008013744526 0.0149926614939 -0.306
0.0075189077337 0.0152468366061 -0.306
0.0070160195067 0.0154846850237 -0.306
0.0065056183502 0.0157059520527 -0.306
0.0059882508147 0.0159104007549 -0.306
0.0054644709102 0.0160978122014 -0.306
0.0049348395133 0.0162679857074 -0.306
0.0043999237667 0.0164207390469 -0.306
0.0038602964716 0.0165559086477 -0.306
0.0033165354743 0.0166733497669 -0.306
0.0027692230477 0.0167729366454 -0.306
0.0022189452677 0.0168545626434 -0.306
0.0016662913856 0.0169181403534 -0.306
0.0011118531969 0.0169636016951 -0.306
0.000556224408 0.0169908979871 -0.306
0 0.017 -0.306
-0.000556224408 0.0169908979871 -0.306
-0.0011118531969 0.0169636016951 -0.306
-0.0016662913856 0.0169181403534 -0.306
-0.0022189452677 0.0168545626434 -0.306
-0.0027692230477 0.0167729366454 -0.306
-0.0033165354743 0.0166733497669 -0.306
-0.0038602964716 0.0165559086477 -0.306
-0.0043999237667 0.0164207390469 -0.306
-0.0049348395133 0.0162679857074 -0.306
-0.0054644709102 0.0160978122014 -0.306
-0.0059882508147 0.0159104007549 -0.306
-0.0065056183502 0.0157059520527 -0.306
-0.0070160195067 0.0154846850237 -0.306
-0.0075189077337 0.0152468366061 -0.306
-0.008013744526 0.0149926614939 -0.306
-0.0085 0.0147224318643 -0.306
-0.0089771534611 0.014436437086 -0.306
-0.0094446939613 0.0141349834091 -0.306
-0.0099021208468 0.0138183936381 -0.306
-0.0103489442931 0.013487006785 -0.306
-0.0107846858308 0.0131411777072 -0.306
-0.0112088788567 0.0127812767271 -0.306
-0.0116210691344 0.0124076892359 -0.306
-0.0120208152802 0.0120208152802 -0.306
-0.0124076892359 0.0116210691344 -0.306
-0.0127812767271 0.0112088788567 -0.306
-0.0131411777072 0.0107846858308 -0.306
-0.013487006785 0.0103489442931 -0.306
-0.0138183936381 0.0099021208468 -0.306
-0.0141349834091 0.0094446939613 -0.306
-0.014436437086 0.0089771534611 -0.306
-0.0147224318643 0.0085 -0.306
-0.0149926614939 0.008013744526 -0.306
-0.0152468366061 0.0075189077337 -0.306
-0.0154846850237 0.0070160195067 -0.306
-0.0157059520527 0.0065056183502 -0.306
-0.0159104007549 0.0059882508147 -0.306
-0.0160978122014 0.0054644709102 -0.306
-0.0162679857074 0.0049348395133 -0.306
-0.0164207390469 0.0043999237667 -0.306
-0.0165559086477 0.0038602964716 -0.306
-0.0166733497669 0.0033165354743 -0.306
-0.0167729366454 0.0027692230477 -0.306
-0.0168545626434 0.0022189452677 -0.306
-0.0169181403534 0.0016662913856 -0.306
-0.0169636016951 0.0011118531969 -0.306
-0.0169908979871 0.000556224408 -0.306
-0.017 0 -0.306
-0.0169908979871 -0.000556224408 -0.306
-0.0169636016951 -0.0011118531969 -0.306
-0.0169181403534 -0.0016662913856 -0.306
-0.0168545626434 -0.0022189452677 -0.306
-0.0167729366454 -0.0027692230477 -0.306
-0.0166733497669 -0.0033165354743 -0.306
-0.0165559086477 -0.0038602964716 -0.306
-0.0164207390469 -0.0043999237667 -0.306
-0.0162679857074 -0.0049348395133 -0.306
-0.0160978122014 -0.0054644709102 -0.306
-0.0159104007549 -0.0059882508147 -0.306
-0.0157059520527 -0.0065056183502 -0.306
-0.0154846850237 -0.0070160195067 -0.306
-0.0152468366061 -0.0075189077337 -0.306
-0.0149926614939 -0.008013744526 -0.306
-0.0147224318643 -0.0085 -0.306
-0.014436437086 -0.0089771534611 -0.306
-0.0141349834091 -0.0094446939613 -0.306
-0.0138183936381 -0.0099021208468 -0.306
-0.013487006785 -0.0103489442931 -0.306
-0.0131411777072 -0.0107846858308 -0.306
-0.0127812767271 -0.0112088788567 -0.306
-0.0124076892359 -0.0116210691344 -0.306
-0.0120208152802 -0.0120208152802 -0.306
-0.0116210691344 -0.0124076892359 -0.306
-0.0112088788567 -0.0127812767271 -0.306
-0.0107846858308 -0.0131411777072 -0.306
-0.0103489442931 -0.013487006785 -0.306
-0.0099021208468 -0.0138183936381 -0.306
-0.0094446939613 -0.0141349834091 -0.306
-0.0089771534611 -0.014436437086 -0.306
-0.0085 -0.0147224318643 -0.306
-0.008013744526 -0.0149926614939 -0.306
-0.0075189077337 -0.0152468366061 -0.306
-0.0070160195067 -0.0154846850237 -0.306
-0.0065056183502 -0.0157059520527 -0.306
-0.0059882508147 -0.0159104007549 -0.306
-0.0054644709102 -0.0160978122014 -0.306
-0.0049348395133 -0.0162679857074 -0.306
-0.0043999237667 -0.0164207390469 -0.306
-0.0038602964716 -0.0165559086477 -0.306
-0.0033165354743 -0.0166733497669 -0.306
-0.0027692230477 -0.0167729366454 -0.306
-0.0022189452677 -0.0168545626434 -0.306
-0.0016662913856 -0.0169181403534 -0.306
-0.0011118531969 -0.0169636016951 -0.306
-0.000556224408 -0.0169908979871 -0.306
-0 -0.017 -0.306
0.000556224408 -0.0169908979871 -0.306
0.0011118531969 -0.0169636016951 -0.306
0.0016662913856 -0.0169181403534 -0.306
0.0022189452677 -0.0168545626434 -0.306
0.0027692230477 -0.0167729366454 -0.306
0.0033165354743 -0.0166733497669 -0.306
0.0038602964716 -0.0165559086477 -0.306
0.0043999237667 -0.0164207390469 -0.306
0.0049348395133 -0.0162679857074 -0.306
0.0054644709102 -0.0160978122014 -0.306
0.0059882508147 -0.0159104007549 -0.306
0.0065056183502 -0.0157059520527 -0.306
0.0070160195067 -0.0154846850237 -0.306
0.0075189077337 -0.0152468366061 -0.306
0.008013744526 -0.0149926614939 -0.306
0.0085 -0.0147224318643 -0.306
0.0089771534611 -0.014436437086 -0.306
0.0094446939613 -0.0141349834091 -0.306
0.0099021208468 -0.0138183936381 -0.306
0.0103489442931 -0.013487006785 -0.306
0.0107846858308 -0.0131411777072 -0.306
0.0112088788567 -0.0127812767271 -0.306
0.0116210691344 -0.0124076892359 -0.306
0.0120208152802 -0.0120208152802 -0.306
0.0124076892359 -0.0116210691344 -0.306
0.0127812767271 -0.0112088788567 -0.306
0.0131411777072 -0.0107846858308 -0.306
0.013487006785 -0.0103489442931 -0.306
0.0138183936381 -0.0099021208468 -0.306
0.0141349834091 -0.0094446939613 -0.306
0.014436437086 -0.0089771534611 -0.306
0.0147224318643 -0.0085 -0.306
0.0149926614939 -0.008013744526 -0.306
0.0152468366061 -0.0075189077337 -0.306
0.0154846850237 -0.0070160195067 -0.306
0.0157059520527 -0.0065056183502 -0.306
0.0159104007549 -0.0059882508147 -0.306
0.0160978122014 -0.0054644709102 -0.306
0.0162679857074 -0.0049348395133 -0.306
0.0164207390469 -0.0043999237667 -0.306
0.0165559086477 -0.0038602964716 -0.306
0.0166733497669 -0.0033165354743 -0.306
0.0167729366454 -0.0027692230477 -0.306
0.0168545626434 -0.0022189452677 -0.306
0.0169181403534 -0.0016662913856 -0.306
0.0169636016951 -0.0011118531969 -0.306
0.0169908979871 -0.000556224408 -0.306
0.043 0 -0.53
0.0429614778134 0.0007841371226 -0.53
0.0428462822432 0.0015607225761 -0.53
0.0426555226859 0.002322277418 -0.53
0.0423910362601 0.0030614674589 -0.53
0.0420553701148 0.0037711738946 -0.53
0.0416517568984 0.0044445618642 -0.53
0.0411840836269 0.0050751462733 -0.53
0.0406568542495 0.0056568542495 -0.53
0.0400751462733 0.0061840836269 -0.53
0.0394445618642 0.0066517568984 -0.53
0.0387711738946 0.0070553701148 -0.53
0.0380614674589 0.0073910362601 -0.53
0.037322277418 0.0076555226859 -0.53
0.0365607225761 0.0078462822432 -0.53
0.0357841371226 0.0079614778134 -0.53
0.035 0.008 -0.53
0.0342158628774 0.0079614778134 -0.53
0.0334392774239 0.0078462822432 -0.53
0.032677722582 0.0076555226859 -0.53
0.0319385325411 0.0073910362601 -0.53
0.0312288261054 0.0070553701148 -0.53
0.0305554381358 0.0066517568984 -0.53
0.0299248537267 0.0061840836269 -0.53
0.0293431457505 0.0056568542495 -0.53
0.0288159163731 0.0050751462733 -0.53
0.0283482431016 0.0044445618642 -0.53
0.0279446298852 0.0037711738946 -0.53
0.0276089637399 0.0030614674589 -0.53
0.0273444773141 0.002322277418 -0.53
0.0271537177568 0.0015607225761 -0.53
0.0270385221866 0.0007841371226 -0.53
0.027 0 -0.53
0.0270385221866 -0.0007841371226 -0.53
0.0271537177568 -0.0015607225761 -0.53
0.0273444773141 -0.002322277418 -0.53
0.0276089637399 -0.0030614674589 -0.53
0.0279446298852 -0.0037711738946 -0.53
0.0283482431016 -0.0044445618642 -0.53
0.0288159163731 -0.0050751462733 -0.53
0.0293431457505 -0.0056568542495 -0.53
0.0299248537267 -0.0061840836269 -0.53
0.0305554381358 -0.0066517568984 -0.53
0.0312288261054 -0.0070553701148 -0.53
0.0319385325411 -0.0073910362601 -0.53
0.032677722582 -0.0076555226859 -0.53
0.0334392774239 -0.0078462822432 -0.53
0.0342158628774 -0.0079614778134 -0.53
0.035 -0.008 -0.53
0.0357841371226 -0.0079614778134 -0.53
0.0365607225761 -0.0078462822432 -0.53
0.037322277418 -0.0076555226859 -0.53
0.0380614674589 -0.0073910362601 -0.53
0.0387711738946 -0.0070553701148 -0.53
0.0394445618642 -0.0066517568984 -0.53
0.0400751462733 -0.0061840836269 -0.53
0.0406568542495 -0.0056568542495 -0.53
0.0411840836269 -0.0050751462733 -0.53
0.0416517568984 -0.0044445618642 -0.53
0.0420553701148 -0.0037711738946 -0.53
0.0423910362601 -0.0030614674589 -0.53
0.0426555226859 -0.002322277418 -0.53
0.0428462822432 -0.0015607225761 -0.53
0.0429614778134 -0.0007841371226 -0.53
-0.027 0 -0.53
-0.0270385221866 0.0007841371226 -0.53
-0.0271537177568 0.0015607225761 -0.53
-0.0273444773141 0.002322277418 -0.53
-0.0276089637399 0.0030614674589 -0.53
-0.0279446298852 0.0037711738946 -0.53
-0.0283482431016 0.0044445618642 -0.53
-0.0288159163731 0.0050751462733 -0.53
-0.0293431457505 0.0056568542495 -0.53
-0.0299248537267 0.0061840836269 -0.53
-0.0305554381358 0.0066517568984 -0.53
-0.0312288261054 0.0070553701148 -0.53
-0.0319385325411 0.0073910362601 -0.53
-0.032677722582 0.0076555226859 -0.53
-0.0334392774239 0.0078462822432 -0.53
-0.0342158628774 0.0079614778134 -0.53
-0.035 0.008 -0.53
-0.0357841371226 0.0079614778134 -0.53
-0.0365607225761 0.0078462822432 -0.53
-0.037322277418 0.0076555226859 -0.53
-0.0380614674589 0.0073910362601 -0.53
-0.0387711738946 0.0070553701148 -0.53
-0.0394445618642 0.0066517568984 -0.53
-0.0400751462733 0.0061840836269 -0.53
-0.0406568542495 0.0056568542495 -0.53
-0.0411840836269 0.0050751462733 -0.53
-0.0416517568984 0.0044445618642 -0.53
-0.0420553701148 0.0037711738946 -0.53
-0.0423910362601 0.0030614674589 -0.53
-0.0426555226859 0.002322277418 -0.53
-0.0428462822432 0.0015607225761 -0.53
-0.0429614778134 0.0007841371226 -0.53
-0.043 0 -0.53
-0.0429614778134 -0.0007841371226 -0.53
-0.0428462822432 -0.0015607225761 -0.53
-0.0426555226859 -0.002322277418 -0.53
-0.0423910362601 -0.0030614674589 -0.53
-0.0420553701148 -0.0037711738946 -0.53
-0.0416517568984 -0.0044445618642 -0.53
-0.0411840836269 -0.0050751462733 -0.53
-0.0406568542495 -0.0056568542495 -0.53
-0.0400751462733 -0.0061840836269 -0.53
-0.0394445618642 -0.0066517568984 -0.53
-0.0387711738946 -0.0070553701148 -0.53
-0.0380614674589 -0.0073910362601 -0.53
-0.037322277418 -0.0076555226859 -0.53
-0.0365607225761 -0.0078462822432 -0.53
-0.0357841371226 -0.0079614778134 -0.53
-0.035 -0.008 -0.53
-0.0342158628774 -0.0079614778134 -0.53
-0.0334392774239 -0.0078462822432 -0.53
-0.032677722582 -0.0076555226859 -0.53
-0.0319385325411 -0.0073910362601 -0.53
-0.0312288261054 -0.0070553701148 -0.53
-0.0305554381358 -0.0066517568984 -0.53
-0.0299248537267 -0.0061840836269 -0.53
-0.0293431457505 -0.0056568542495 -0.53
-0.0288159163731 -0.0050751462733 -0.53
-0.0283482431016 -0.0044445618642 -0.53
-0.0279446298852 -0.0037711738946 -0.53
-0.0276089637399 -0.0030614674589 -0.53
-0.0273444773141 -0.002322277418 -0.53
-0.0271537177568 -0.0015607225761 -0.53
-0.0270385221866 -0.0007841371226 -0.53
0.043 0 -0.54
0.0429614778134 0.0007841371226 -0.54
0.0428462822432 0.0015607225761 -0.54
0.0426555226859 0.002322277418 -0.54
0.0423910362601 0.0030614674589 -0.54
0.0420553701148 0.0037711738946 -0.54
0.0416517568984 0.0044445618642 -0.54
0.0411840836269 0.0050751462733 -0.54
0.0406568542495 0.0056568542495 -0.54
0.0400751462733 0.0061840836269 -0.54
0.0394445618642 0.0066517568984 -0.54
0.0387711738946 0.0070553701148 -0.54
0.0380614674589 0.0073910362601 -0.54
0.037322277418 0.0076555226859 -0.54
0.0365607225761 0.0078462822432 -0.54
0.0357841371226 0.0079614778134 -0.54
0.035 0.008 -0.54
0.0342158628774 0.0079614778134 -0.54
0.0334392774239 0.0078462822432 -0.54
0.032677722582 0.0076555226859 -0.54
0.0319385325411 0.0073910362601 -0.54
0.0312288261054 0.0070553701148 -0.54
0.0305554381358 0.0066517568984 -0.54
0.0299248537267 0.0061840836269 -0.54
0.0293431457505 0.0056568542495 -0.54
0.0288159163731 0.0050751462733 -0.54
0.0283482431016 0.0044445618642 -0.54
0.0279446298852 0.0037711738946 -0.54
0.0276089637399 0.0030614674589 -0.54
0.0273444773141 0.002322277418 -0.54
0.0271537177568 0.0015607225761 -0.54
0.0270385221866 0.0007841371226 -0.54
0.027 0 -0.54
0.0270385221866 -0.0007841371226 -0.54
0.0271537177568 -0.0015607225761 -0.54
0.0273444773141 -0.002322277418 -0.54
0.0276089637399 -0.0030614674589 -0.54
0.0279446298852 -0.0037711738946 -0.54
0.0283482431016 -0.0044445618642 -0.54
0.0288159163731 -0.0050751462733 -0.54
0.0293431457505 -0.0056568542495 -0.54
0.0299248537267 -0.0061840836269 -0.54
0.0305554381358 -0.0066517568984 -0.54
0.0312288261054 -0.0070553701148 -0.54
0.0319385325411 -0.0073910362601 -0.54
0.032677722582 -0.0076555226859 -0.54
0.0334392774239 -0.0078462822432 -0.54
0.0342158628774 -0.0079614778134 -0.54
0.035 -0.008 -0.54
0.0357841371226 -0.0079614778134 -0.54
0.0365607225761 -0.0078462822432 -0.54
0.037322277418 -0.0076555226859 -0.54
0.0380614674589 -0.0073910362601 -0.54
0.0387711738946 -0.0070553701148 -0.54
0.0394445618642 -0.0066517568984 -0.54
0.0400751462733 -0.0061840836269 -0.54
0.0406568542495 -0.0056568542495 -0.54
0.0411840836269 -0.0050751462733 -0.54
0.0416517568984 -0.0044445618642 -0.54
0.0420553701148 -0.0037711738946 -0.54
0.0423910362601 -0.0030614674589 -0.54
0.0426555226859 -0.002322277418 -0.54
0.0428462822432 -0.0015607225761 -0.54
0.0429614778134 -0.0007841371226 -0.54
0.035 0 -0.54
-0.027 0 -0.54
-0.0270385221866 0.0007841371226 -0.54
-0.0271537177568 0.0015607225761 -0.54
-0.0273444773141 0.002322277418 -0.54
-0.0276089637399 0.0030614674589 -0.54
-0.0279446298852 0.0037711738946 -0.54
-0.0283482431016 0.0044445618642 -0.54
-0.0288159163731 0.0050751462733 -0.54
-0.0293431457505 0.0056568542495 -0.54
-0.0299248537267 0.0061840836269 -0.54
-0.0305554381358 0.0066517568984 -0.54
-0.0312288261054 0.0070553701148 -0.54
-0.0319385325411 0.0073910362601 -0.54
-0.032677722582 0.0076555226859 -0.54
-0.0334392774239 0.0078462822432 -0.54
-0.0342158628774 0.0079614778134 -0.54
-0.035 0.008 -0.54
-0.0357841371226 0.0079614778134 -0.54
-0.0365607225761 0.0078462822432 -0.54
-0.037322277418 0.0076555226859 -0.54
-0.0380614674589 0.0073910362601 -0.54
-0.0387711738946 0.0070553701148 -0.54
-0.0394445618642 0.0066517568984 -0.54
-0.0400751462733 0.0061840836269 -0.54
-0.0406568542495 0.0056568542495 -0.54
-0.0411840836269 0.0050751462733 -0.54
-0.0416517568984 0.0044445618642 -0.54
-0.0420553701148 0.0037711738946 -0.54
-0.0423910362601 0.0030614674589 -0.54
-0.0426555226859 0.002322277418 -0.54
-0.0428462822432 0.0015607225761 -0.54
-0.0429614778134 0.0007841371226 -0.54
-0.043 0 -0.54
-0.0429614778134 -0.0007841371226 -0.54
-0.0428462822432 -0.0015607225761 -0.54
-0.0426555226859 -0.002322277418 -0.54
-0.0423910362601 -0.0030614674589 -0.54
-0.0420553701148 -0.0037711738946 -0.54
-0.0416517568984 -0.0044445618642 -0.54
-0.0411840836269 -0.0050751462733 -0.54
-0.0406568542495 -0.0056568542495 -0.54
-0.0400751462733 -0.0061840836269 -0.54
-0.0394445618642 -0.0066517568984 -0.54
-0.0387711738946 -0.0070553701148 -0.54
-0.0380614674589 -0.0073910362601 -0.54
-0.037322277418 -0.0076555226859 -0.54
-0.0365607225761 -0.0078462822432 -0.54
-0.0357841371226 -0.0079614778134 -0.54
-0.035 -0.008 -0.54
-0.0342158628774 -0.0079614778134 -0.54
-0.0334392774239 -0.0078462822432 -0.54
-0.032677722582 -0.0076555226859 -0.54
-0.0319385325411 -0.0073910362601 -0.54
-0.0312288261054 -0.0070553701148 -0.54
-0.0305554381358 -0.0066517568984 -0.54
-0.0299248537267 -0.0061840836269 -0.54
-0.0293431457505 -0.0056568542495 -0.54
-0.0288159163731 -0.0050751462733 -0.54
-0.0283482431016 -0.0044445618642 -0.54
-0.0279446298852 -0.0037711738946 -0.54
-0.0276089637399 -0.0030614674589 -0.54
-0.0273444773141 -0.002322277418 -0.54
-0.0271537177568 -0.0015607225761 -0.54
-0.0270385221866 -0.0007841371226 -0.54
-0.035 0 -0.54
POLYGONS 5644 22576
3 0 1 193
3 0 193 192
3 1 2 194
3 1 194 193
3 2 3 195
3 2 195 194
3 3 4 196
3 3 196 195
3 4 5 197
3 4 197 196
3 5 6 198
3 5 198 197
3 6 7 199
3 6 199 198
3 7 8 200
3 7 200 199
3 8 9 201
3 8 201 200
3 9 10 202
3 9 202 201
3 10 11 203
3 10 203 202
3 11 12 204
3 11 204 203
3 12 13 205
3 12 205 204
3 13 14 206
3 13 206 205
3 14 15 207
3 14 207 206
3 15 16 208
3 15 208 207
3 16 17 209
3 16 209 208
3 17 18 210
3 17 210 209
3 18 19 211
3 18 211 210
3 19 20 212
3 19 212 211
3 20 21 213
3 20 213 212
3 21 22 214
3 21 214 213
3 22 23 215
3 22 215 214
3 23 24 216
3 23 216 215
3 24 25 217
3 24 217 216
3 25 26 218
3 25 218 217
3 26 27 219
3 26 219 218
3 27 28 220
3 27 220 219
3 28 29 221
3 28 221 220
3 29 30 222
3 29 222 221
3 30 31 223
3 30 223 222
3 31 32 224
3 31 224 223
3 32 33 225
3 32 225 224
3 33 34 226
3 33 226 225
3 34 35 227
3 34 227 226
3 35 36 228
3 35 228 227
3 36 37 229
3 36 229 228
3 37 38 230
3 37 230 229
3 38 39 231
3 38 231 230
3 39 40 232
3 39 232 231
3 40 41 233
3 40 233 232
3 41 42 234
3 41 234 233
3 42 43 235
3 42 235 234
3 43 44 236
3 43 236 235
3 44 45 237
3 44 237 236
3 45 46 238
3 45 238 237
3 46 47 239
3 46 239 238
3 47 48 240
3 47 240 239
3 48 49 241
3 48 241 240
3 49 50 242
3 49 242 241
3 50 51 243
3 50 243 242
3 51 52 244
3 51 244 243
3 52 53 245
3 52 245 244
3 53 54 246
3 53 246 245
3 54 55 247
3 54 247 246
3 55 56 248
3 55 248 247
3 56 57 249
3 56 249 248
3 57 58 250
3 57 250 249
3 58 59 251
3 58 251 250
3 59 60 252
3 59 252 251
3 60 61 253
3 60 253 252
3 61 62 254
3 61 254 253
3 62 63 255
3 62 255 254
3 63 64 256
3 63 256 255
3 64 65 257
3 64 257 256
3 65 66 258
3 65 258 257
3 66 67 259
3 66 259 258
3 67 68 260
3 67 260 259
3 68 69 261
3 68 261 260
3 69 70 262
3 69 262 261
3 70 71 263
3 70 263 262
3 71 72 264
3 71 264 263
3 72 73 265
3 72 265 264
3 73 74 266
3 73 266 265
3 74 75 267
3 74 267 266
3 75 76 268
3 75 268 267
3 76 77 269
3 76 269 268
3 77 78 270
3 77 270 269
3 78 79 271
3 78 271 270
3 79 80 272
3 79 272 271
3 80 81 273
3 80 273 272
3 81 82 274
3 81 274 273
3 82 83 275
3 82 275 274
3 83 84 276
3 83 276 275
3 84 85 277
3 84 277 276
3 85 86 278
3 85 278 277
3 86 87 279
3 86 279 278
3 87 88 280
3 87 280 279
3 88 89 281
3 88 281 280
3 89 90 282
3 89 282 281
3 90 91 283
3 90 283 282
3 91 92 284
3 91 284 283
3 92 93 285
3 92 285 284
3 93 94 286
3 93 286 285
3 94 95 287
3 94 287 286
3 95 96 288
3 95 288 287
3 96 97 289
3 96 289 288
3 97 98 290
3 97 290 289
3 98 99 291
3 98 291 290
3 99 100 292
3 99 292 291
3 100 101 293
3 100 293 292
3 101 102 294
3 101 294 293
3 102 103 295
3 102 295 294
3 103 104 296
3 103 296 295
3 104 105 297
3 104 297 296
3 105 106 298
3 105 298 297
3 106 107 299
3 106 299 298
3 107 108 300
3 107 300 299
3 108 109 301
3 108 301 300
3 109 110 302
3 109 302 301
3 110 111 303
3 110 303 302
3 111 112 304
3 111 304 303
3 112 113 305
3 112 305 304
3 113 114 306
3 113 306 305
3 114 115 307
3 114 307 306
3 115 116 308
3 115 308 307
3 116 117 309
3 116 309 308
3 117 118 310
3 117 310 309
3 118 119 311
3 118 311 310
3 119 120 312
3 119 312 311
3 120 121 313
3 120 313 312
3 121 122 314
3 121 314 313
3 122 123 315
3 122 315 314
3 123 124 316
3 123 316 315
3 124 125 317
3 124 317 316
3 125 126 318
3 125 318 317
3 126 127 319
3 126 319 318
3 127 128 320
3 127 320 319
3 128 129 321
3 128 321 320
3 129 130 322
3 129 322 321
3 130 131 323
3 130 323 322
3 131 132 324
3 131 324 323
3 132 133 325
3 132 325 324
3 133 134 326
3 133 326 325
3 134 135 327
3 134 327 326
3 135 136 328
3 135 328 327
3 136 137 329
3 136 329 328
3 137 138 330
3 137 330 329
3 138 139 331
3 138 331 330
3 139 140 332
3 139 332 331
3 140 141 333
3 140 333 332
3 141 142 334
3 141 334 333
3 142 143 335
3 142 335 334
3 143 144 336
3 143 336 335
3 144 145 337
3 144 337 336
3 145 146 338
3 145 338 337
3 146 147 339
3 146 339 338
3 147 148 340
3 147 340 339
3 148 149 341
3 148 341 340
3 149 150 342
3 149 342 341
3 150 151 343
3 150 343 342
3 151 152 344
3 151 344 343
3 152 153 345
3 152 345 344
3 153 154 346
3 153 346 345
3 154 155 347
3 154 347 346
3 155 156 348
3 155 348 347
3 156 157 349
3 156 349 348
3 157 158 350
3 157 350 349
3 158 159 351
3 158 351 350
3 159 160 352
3 159 352 351
3 160 161 353
3 160 353 352
3 161 162 354
3 161 354 353
3 162 163 355
3 162 355 354
3 163 164 356
3 163 356 355
3 164 165 357
3 164 357 356
3 165 166 358
3 165 358 357
3 166 167 359
3 166 359 358
3 167 168 360
3 167 360 359
3 168 169 361
3 168 361 360
3 169 170 362
3 169 362 361
3 170 171 363
3 170 363 362
3 171 172 364
3 171 364 363
3 172 173 365
3 172 365 364
3 173 174 366
3 173 366 365
3 174 175 367
3 174 367 366
3 175 176 368
3 175 368 367
3 176 177 369
3 176 369 368
3 177 178 370
3 177 370 369
3 178 179 371
3 178 371 370
3 179 180 372
3 179 372 371
3 180 181 373
3 180 373 372
3 181 182 374
3 181 374 373
3 182 183 375
3 182 375 374
3 183 184 376
3 183 376 375
3 184 185 377
3 184 377 376
3 185 186 378
3 185 378 377
3 186 187 379
3 186 379 378
3 187 188 380
3 187 380 379
3 188 189 381
3 188 381 380
3 189 190 382
3 189 382 381
3 190 191 383
3 190 383 382
3 191 0 192
3 191 192 383
3 384 385 1
3 384 1 0
3 385 386 2
3 385 2 1
3 386 387 3
3 386 3 2
3 387 388 4
3 387 4 3
3 388 389 5
3 388 5 4
3 389 390 6
3 389 6 5
3 390 391 7
3 390 7 6
3 391 392 8
3 391 8 7
3 392 393 9
3 392 9 8
3 393 394 10
3 393 10 9
3 394 395 11
3 394 11 10
3 395 396 12
3 395 12 11
3 396 397 13
3 396 13 12
3 397 398 14
3 397 14 13
3 398 399 15
3 398 15 14
3 399 400 16
3 399 16 15
3 400 401 17
3 400 17 16
3 401 402 18
3 401 18 17
3 402 403 19
3 402 19 18
3 403 404 20
3 403 20 19
3 404 405 21
3 404 21 20
3 405 406 22
3 405 22 21
3 406 407 23
3 406 23 22
3 407 408 24
3 407 24 23
3 408 409 25
3 408 25 24
3 409 410 26
3 409 26 25
3 410 411 27
3 410 27 26
3 411 412 28
3 411 28 27
3 412 413 29
3 412 29 28
3 413 414 30
3 413 30 29
3 414 415 31
3 414 31 30
3 415 416 32
3 415 32 31
3 416 417 33
3 416 33 32
3 417 418 34
3 417 34 33
3 418 419 35
3 418 35 34
3 419 420 36
3 419 36 35
3 420 421 37
3 420 37 36
3 421 422 38
3 421 38 37
3 422 423 39
3 422 39 38
3 423 424 40
3 423 40 39
3 424 425 41
3 424 41 40
3 425 426 42
3 425 42 41
3 426 427 43
3 426 43 42
3 427 428 44
3 427 44 43
3 428 429 45
3 428 45 44
3 429 430 46
3 429 46 45
3 430 431 47
3 430 47 46
3 431 432 48
3 431 48 47
3 432 433 49
3 432 49 48
3 433 434 50
3 433 50 49
3 434 435 51
3 434 51 50
3 435 436 52
3 435 52 51
3 436 437 53
3 436 53 52
3 437 438 54
3 437 54 53
3 438 439 55
3 438 55 54
3 439 440 56
3 439 56 55
3 440 441 57
3 440 57 56
3 441 442 58
3 441 58 57
3 442 443 59
3 442 59 58
3 443 444 60
3 443 60 59
3 444 445 61
3 444 61 60
3 445 446 62
3 445 62 61
3 446 447 63
3 446 63 62
3 447 448 64
3 447 64 63
3 448 449 65
3 448 65 64
3 449 450 66
3 449 66 65
3 450 451 67
3 450 67 66
3 451 452 68
3 451 68 67
3 452 453 69
3 452 69 68
3 453 454 70
3 453 70 69
3 454 455 71
3 454 71 70
3 455 456 72
3 455 72 71
3 456 457 73
3 456 73 72
3 457 458 74
3 457 74 73
3 458 459 75
3 458 75 74
3 459 460 76
3 459 76 75
3 460 461 77
3 460 77 76
3 461 462 78
3 461 78 77
3 462 463 79
3 462 79 78
3 463 464 80
3 463 80 79
3 464 465 81
3 464 81 80
3 465 466 82
3 465 82 81
3 466 467 83
3 466 83 82
3 467 468 84
3 467 84 83
3 468 469 85
3 468 85 84
3 469 470 86
3 469 86 85
3 470 471 87
3 470 87 86
3 471 472 88
3 471 88 87
3 472 473 89
3 472 89 88
3 473 474 90
3 473 90 89
3 474 475 91
3 474 91 90
3 475 476 92
3 475 92 91
3 476 477 93
3 476 93 92
3 477 478 94
3 477 94 93
3 478 479 95
3 478 95 94
3 479 480 96
3 479 96 95
3 480 481 97
3 480 97 96
3 481 482 98
3 481 98 97
3 482 483 99
3 482 99 98
3 483 484 100
3 483 100 99
3 484 485 101
3 484 101 100
3 485 486 102
3 485 102 101
3 486 487 103
3 486 103 102
3 487 488 104
3 487 104 103
3 488 489 105
3 488 105 104
3 489 490 106
3 489 106 105
3 490 491 107
3 490 107 106
3 491 492 108
3 491 108 107
3 492 493 109
3 492 109 108
3 493 494 110
3 493 110 109
3 494 495 111
3 494 111 110
3 495 496 112
3 495 112 111
3 496 497 113
3 496 113 112
3 497 498 114
3 497 114 113
3 498 499 115
3 498 115 114
3 499 500 116
3 499 116 115
3 500 501 117
3 500 117 116
3 501 502 118
3 501 118 117
3 502 503 119
3 502 119 118
3 503 504 120
3 503 120 119
3 504 505 121
3 504 121 120
3 505 506 122
3 505 122 121
3 506 507 123
3 506 123 122
3 507 508 124
3 507 124 123
3 508 509 125
3 508 125 124
3 509 510 126
3 509 126 125
3 510 511 127
3 510 127 126
3 511 512 128
3 511 128 127
3 512 513 129
3 512 129 128
3 513 514 130
3 513 130 129
3 514 515 131
3 514 131 130
3 515 516 132
3 515 132 131
3 516 517 133
3 516 133 132
3 517 518 134
3 517 134 133
3 518 519 135
3 518 135 134
3 519 520 136
3 519 136 135
3 520 521 137
3 520 137 136
3 521 522 138
3 521 138 137
3 522 523 139
3 522 139 138
3 523 524 140
3 523 140 139
3 524 525 141
3 524 141 140
3 525 526 142
3 525 142 141
3 526 527 143
3 526 143 142
3 527 528 144
3 527 144 143
3 528 529 145
3 528 145 144
3 529 530 146
3 529 146 145
3 530 531 147
3 530 147 146
3 531 532 148
3 531 148 147
3 532 533 149
3 532 149 148
3 533 534 150
3 533 150 149
3 534 535 151
3 534 151 150
3 535 536 152
3 535 152 151
3 536 537 153
3 536 153 152
3 537 538 154
3 537 154 153
3 538 539 155
3 538 155 154
3 539 540 156
3 539 156 155
3 540 541 157
3 540 157 156
3 541 542 158
3 541 158 157
3 542 543 159
3 542 159 158
3 543 544 160
3 543 160 159
3 544 545 161
3 544 161 160
3 545 546 162
3 545 162 161
3 546 547 163
3 546 163 162
3 547 548 164
3 547 164 163
3 548 549 165
3 548 165 164
3 549 550 166
3 549 166 165
3 550 551 167
3 550 167 166
3 551 552 168
3 551 168 167
3 552 553 169
3 552 169 168
3 553 554 170
3 553 170 169
3 554 555 171
3 554 171 170
3 555 556 172
3 555 172 171
3 556 557 173
3 556 173 172
3 557 558 174
3 557 174 173
3 558 559 175
3 558 175 174
3 559 560 176
3 559 176 175
3 560 561 177
3 560 177 176
3 561 562 178
3 561 178 177
3 562 563 179
3 562 179 178
3 563 564 180
3 563 180 179
3 564 565 181
3 564 181 180
3 565 566 182
3 565 182 181
3 566 567 183
3 566 183 182
3 567 568 184
3 567 184 183
3 568 569 185
3 568 185 184
3 569 570 186
3 569 186 185
3 570 571 187
3 570 187 186
3 571 572 188
3 571 188 187
3 572 573 189
3 572 189 188
3 573 574 190
3 573 190 189
3 574 575 191
3 574 191 190
3 575 384 0
3 575 0 191
3 252 669 251
3 375 629 374
3 288 735 287
3 240 655 239
3 192 639 383
3 249 250 667
3 669 252 670
3 252 253 670
3 670 253 254
3 256 672 255
3 673 256 257
3 673 672 256
3 257 258 673
3 622 365 366
3 622 364 365
3 286 287 734
3 734 287 735
3 725 278 279
3 212 213 595
3 213 214 595
3 645 230 231
3 700 216 217
3 217 218 700
3 225 640 224
3 226 227 642
3 642 227 228
3 703 223 224
3 224 640 703
3 222 223 703
3 632 377 378
3 665 247 248
3 245 662 244
3 663 245 246
3 662 245 663
3 660 243 244
3 249 667 666
3 666 248 249
3 665 248 666
3 668 250 251
3 668 667 250
3 251 669 668
3 254 255 671
3 671 255 672
3 671 670 254
3 258 259 674
3 674 673 258
3 674 259 260
3 792 872 760
3 680 712 856
3 625 369 370
3 363 364 621
3 364 622 621
3 621 362 363
3 745 295 296
3 293 742 292
3 743 293 294
3 742 293 743
3 740 291 292
3 304 752 303
3 750 301 302
3 300 301 750
3 753 304 305
3 753 752 304
3 305 306 753
3 280 281 727
3 284 730 283
3 282 283 729
3 729 283 730
3 726 725 279
3 279 280 726
3 726 280 727
3 321 800 320
3 322 323 802
3 802 323 324
3 799 319 320
3 320 800 799
3 318 319 799
3 594 211 212
3 212 595 594
3 210 211 594
3 596 214 215
3 596 595 214
3 215 216 596
3 596 216 700
3 232 233 647
3 236 650 235
3 234 235 649
3 649 235 650
3 238 239 654
3 654 239 655
3 236 237 652
3 646 645 231
3 231 232 646
3 646 232 647
3 641 225 226
3 640 225 641
3 226 642 641
3 702 221 222
3 222 703 702
3 702 220 221
3 635 380 636
3 630 629 375
3 375 376 630
3 631 376 377
3 377 632 631
3 631 630 376
3 244 662 661
3 661 660 244
3 242 243 659
3 243 660 659
3 664 247 665
3 246 247 664
3 664 663 246
3 260 261 675
3 675 674 260
3 261 262 675
3 370 371 626
3 626 625 370
3 626 371 372
3 368 369 624
3 369 625 624
3 360 361 620
3 620 361 362
3 362 621 620
3 744 295 745
3 294 295 744
3 744 743 294
3 292 742 741
3 741 740 292
3 290 291 739
3 291 740 739
3 302 303 751
3 751 303 752
3 751 750 302
3 749 299 300
3 300 750 749
3 306 307 754
3 754 753 306
3 754 307 308
3 284 285 732
3 727 281 728
3 728 281 282
3 282 729 728
3 273 720 272
3 274 275 722
3 722 275 276
3 719 271 272
3 272 720 719
3 270 271 719
3 801 321 322
3 800 321 801
3 322 802 801
3 324 325 803
3 803 802 324
3 798 317 318
3 318 799 798
3 798 316 317
3 209 210 593
3 210 594 593
3 593 208 209
3 651 650 236
3 236 652 651
3 653 237 238
3 653 652 237
3 238 654 653
3 647 233 648
3 648 233 234
3 234 649 648
3 230 645 644
3 644 229 230
3 700 218 701
3 701 218 219
3 219 220 701
3 220 702 701
3 633 632 378
3 378 379 633
3 638 637 382
3 382 383 638
3 638 383 639
3 381 636 380
3 382 637 381
3 637 636 381
3 658 241 242
3 242 659 658
3 676 262 263
3 676 675 262
3 263 264 676
3 628 374 629
3 628 373 374
3 623 367 368
3 368 624 623
3 366 367 623
3 623 622 366
3 738 289 290
3 290 739 738
3 298 299 748
3 299 749 748
3 308 309 755
3 755 754 308
3 309 310 755
3 286 734 733
3 733 285 286
3 733 732 285
3 731 730 284
3 284 732 731
3 721 273 274
3 720 273 721
3 274 722 721
3 276 277 723
3 723 722 276
3 718 269 270
3 270 719 718
3 718 268 269
3 804 325 326
3 804 803 325
3 315 316 797
3 316 798 797
3 797 314 315
3 590 205 206
3 204 205 590
3 228 229 643
3 229 644 643
3 643 642 228
3 634 633 379
3 634 380 635
3 634 379 380
3 240 241 657
3 241 658 657
3 627 626 372
3 372 373 627
3 373 628 627
3 288 289 737
3 289 738 737
3 297 298 747
3 298 748 747
3 756 310 311
3 756 755 310
3 311 312 756
3 724 723 277
3 278 725 724
3 724 277 278
3 267 268 717
3 268 718 717
3 717 266 267
3 805 326 327
3 805 804 326
3 796 313 314
3 314 797 796
3 312 313 796
3 796 756 312
3 208 593 592
3 592 207 208
3 656 655 240
3 240 657 656
3 736 735 288
3 288 737 736
3 297 747 746
3 746 296 297
3 745 296 746
3 716 265 266
3 266 717 716
3 264 265 716
3 716 676 264
3 327 328 806
3 806 805 327
3 206 207 591
3 207 592 591
3 591 590 206
3 201 586 200
3 202 203 588
3 198 199 584
3 807 328 329
3 807 806 328
3 204 590 589
3 589 203 204
3 589 588 203
3 202 588 587
3 201 202 587
3 587 586 201
3 583 197 198
3 198 584 583
3 585 200 586
3 199 200 585
3 585 584 199
3 840 600 696
3 808 329 330
3 808 807 329
3 196 197 582
3 197 583 582
3 330 331 809
3 809 808 330
3 580 195 196
3 810 331 332
3 810 809 331
3 196 582 581
3 581 580 196
3 194 195 579
3 195 580 579
3 192 193 577
3 332 333 812
3 576 639 192
3 192 577 576
3 194 579 578
3 578 193 194
3 578 577 193
3 811 810 332
3 332 812 811
3 813 333 334
3 813 812 333
3 334 335 814
3 814 813 334
3 815 335 336
3 815 814 335
3 336 337 817
3 816 815 336
3 336 817 816
3 818 337 338
3 818 817 337
3 338 339 819
3 819 818 338
3 820 339 340
3 820 819 339
3 822 340 341
3 821 820 340
3 340 822 821
3 341 342 823
3 823 822 341
3 342 343 824
3 824 823 342
3 343 344 825
3 825 824 343
3 776 616 888
3 826 344 345
3 826 825 344
3 345 346 827
3 827 826 345
3 828 346 347
3 828 827 346
3 347 348 829
3 829 828 347
3 348 349 830
3 830 829 348
3 830 349 350
3 350 351 831
3 831 830 350
3 768 351 352
3 768 831 351
3 769 352 353
3 769 768 352
3 353 354 769
3 354 355 770
3 770 769 354
3 770 355 356
3 356 357 771
3 771 770 356
3 357 358 771
3 772 358 359
3 772 771 358
3 359 360 772
3 360 620 772
3 616 889 888
3 615 889 616
3 712 680 679
3 712 679 713
3 601 600 840
3 840 839 601
3 711 856 712
3 857 856 711
3 793 792 760
3 760 759 793
3 680 856 855
3 855 681 680
3 602 601 839
3 839 838 602
3 890 889 615
3 615 614 890
3 762 870 763
3 763 870 869
3 872 871 761
3 760 872 761
3 761 870 762
3 871 870 761
3 864 705 704
3 863 705 864
3 704 767 864
3 767 865 864
3 868 763 869
3 764 763 868
3 868 765 764
3 867 765 868
3 766 865 767
3 866 865 766
3 766 765 867
3 766 867 866
3 708 860 709
3 709 860 859
3 707 860 708
3 861 860 707
3 688 687 849
3 688 849 848
3 848 847 688
3 847 689 688
3 849 687 686
3 686 850 849
3 857 711 710
3 710 858 857
3 710 709 859
3 859 858 710
3 706 705 863
3 863 862 706
3 861 707 706
3 706 862 861
3 789 788 876
3 876 875 789
3 875 874 789
3 874 790 789
3 872 792 791
3 791 873 872
3 791 790 874
3 791 874 873
3 681 855 682
3 682 855 854
3 854 853 682
3 682 853 683
3 690 689 847
3 690 847 846
3 690 846 845
3 845 691 690
3 850 686 685
3 851 850 685
3 683 853 684
3 684 853 852
3 851 685 684
3 684 852 851
3 758 793 759
3 794 793 758
3 785 784 880
3 880 879 785
3 879 878 785
3 878 786 785
3 876 788 787
3 787 877 876
3 787 786 878
3 787 878 877
3 603 602 838
3 603 838 837
3 894 610 609
3 895 894 609
3 692 691 845
3 845 844 692
3 844 843 692
3 843 693 692
3 715 677 676
3 676 716 715
3 836 603 837
3 604 603 836
3 605 835 834
3 605 834 606
3 604 836 605
3 605 836 835
3 606 834 607
3 834 833 607
3 613 890 614
3 891 890 613
3 892 891 613
3 613 612 892
3 611 610 894
3 611 894 893
3 892 612 611
3 611 893 892
3 694 693 843
3 694 843 842
3 842 841 694
3 841 695 694
3 696 695 841
3 696 841 840
3 794 758 795
3 758 757 795
3 756 796 795
3 795 757 756
3 713 679 714
3 679 678 714
3 677 715 714
3 714 678 677
3 895 609 608
3 608 832 895
3 608 607 833
3 608 833 832
3 697 696 600
3 600 599 697
3 698 697 599
3 599 598 698
3 880 784 783
3 783 881 880
3 597 596 699
3 699 596 700
3 699 698 598
3 699 598 597
3 781 780 884
3 781 884 883
3 881 783 782
3 882 881 782
3 782 781 883
3 883 882 782
3 886 778 777
3 777 887 886
3 884 780 779
3 779 885 884
3 779 778 886
3 886 885 779
3 887 777 776
3 888 887 776
3 773 772 620
3 773 620 619
3 616 776 775
3 617 616 775
3 774 773 619
3 619 618 774
3 617 775 774
3 774 618 617
3 576 577 897
3 576 897 896
3 577 578 898
3 577 898 897
3 578 579 899
3 578 899 898
3 579 580 900
3 579 900 899
3 580 581 901
3 580 901 900
3 581 582 902
3 581 902 901
3 582 583 903
3 582 903 902
3 583 584 904
3 583 904 903
3 584 585 905
3 584 905 904
3 585 586 906
3 585 906 905
3 586 587 907
3 586 907 906
3 587 588 908
3 587 908 907
3 588 589 909
3 588 909 908
3 589 590 910
3 589 910 909
3 590 591 911
3 590 911 910
3 591 592 912
3 591 912 911
3 592 593 913
3 592 913 912
3 593 594 914
3 593 914 913
3 594 595 915
3 594 915 914
3 595 596 916
3 595 916 915
3 596 597 917
3 596 917 916
3 597 598 918
3 597 918 917
3 598 599 919
3 598 919 918
3 599 600 920
3 599 920 919
3 600 601 921
3 600 921 920
3 601 602 922
3 601 922 921
3 602 603 923
3 602 923 922
3 603 604 924
3 603 924 923
3 604 605 925
3 604 925 924
3 605 606 926
3 605 926 925
3 606 607 927
3 606 927 926
3 607 608 928
3 607 928 927
3 608 609 929
3 608 929 928
3 609 610 930
3 609 930 929
3 610 611 931
3 610 931 930
3 611 612 932
3 611 932 931
3 612 613 933
3 612 933 932
3 613 614 934
3 613 934 933
3 614 615 935
3 614 935 934
3 615 616 936
3 615 936 935
3 616 617 937
3 616 937 936
3 617 618 938
3 617 938 937
3 618 619 939
3 618 939 938
3 619 620 940
3 619 940 939
3 620 621 941
3 620 941 940
3 621 622 942
3 621 942 941
3 622 623 943
3 622 943 942
3 623 624 944
3 623 944 943
3 624 625 945
3 624 945 944
3 625 626 946
3 625 946 945
3 626 627 947
3 626 947 946
3 627 628 948
3 627 948 947
3 628 629 949
3 628 949 948
3 629 630 950
3 629 950 949
3 630 631 951
3 630 951 950
3 631 632 952
3 631 952 951
3 632 633 953
3 632 953 952
3 633 634 954
3 633 954 953
3 634 635 955
3 634 955 954
3 635 636 956
3 635 956 955
3 636 637 957
3 636 957 956
3 637 638 958
3 637 958 957
3 638 639 959
3 638 959 958
3 639 576 896
3 639 896 959
3 960 896 897
3 960 897 898
3 960 898 899
3 960 899 900
3 960 900 901
3 960 901 902
3 960 902 903
3 960 903 904
3 960 904 905
3 960 905 906
3 960 906 907
3 960 907 908
3 960 908 909
3 960 909 910
3 960 910 911
3 960 911 912
3 960 912 913
3 960 913 914
3 960 914 915
3 960 915 916
3 960 916 917
3 960 917 918
3 960 918 919
3 960 919 920
3 960 920 921
3 960 921 922
3 960 922 923
3 960 923 924
3 960 924 925
3 960 925 926
3 960 926 927
3 960 927 928
3 960 928 929
3 960 929 930
3 960 930 931
3 960 931 932
3 960 932 933
3 960 933 934
3 960 934 935
3 960 935 936
3 960 936 937
3 960 937 938
3 960 938 939
3 960 939 940
3 960 940 941
3 960 941 942
3 960 942 943
3 960 943 944
3 960 944 945
3 960 945 946
3 960 946 947
3 960 947 948
3 960 948 949
3 960 949 950
3 960 950 951
3 960 951 952
3 960 952 953
3 960 953 954
3 960 954 955
3 960 955 956
3 960 956 957
3 960 957 958
3 960 958 959
3 960 959 896
3 640 641 962
3 640 962 961
3 641 642 963
3 641 963 962
3 642 643 964
3 642 964 963
3 643 644 965
3 643 965 964
3 644 645 966
3 644 966 965
3 645 646 967
3 645 967 966
3 646 647 968
3 646 968 967
3 647 648 969
3 647 969 968
3 648 649 970
3 648 970 969
3 649 650 971
3 649 971 970
3 650 651 972
3 650 972 971
3 651 652 973
3 651 973 972
3 652 653 974
3 652 974 973
3 653 654 975
3 653 975 974
3 654 655 976
3 654 976 975
3 655 656 977
3 655 977 976
3 656 657 978
3 656 978 977
3 657 658 979
3 657 979 978
3 658 659 980
3 658 980 979
3 659 660 981
3 659 981 980
3 660 661 982
3 660 982 981
3 661 662 983
3 661 983 982
3 662 663 984
3 662 984 983
3 663 664 985
3 663 985 984
3 664 665 986
3 664 986 985
3 665 666 987
3 665 987 986
3 666 667 988
3 666 988 987
3 667 668 989
3 667 989 988
3 668 669 990
3 668 990 989
3 669 670 991
3 669 991 990
3 670 671 992
3 670 992 991
3 671 672 993
3 671 993 992
3 672 673 994
3 672 994 993
3 673 674 995
3 673 995 994
3 674 675 996
3 674 996 995
3 675 676 997
3 675 997 996
3 676 677 998
3 676 998 997
3 677 678 999
3 677 999 998
3 678 679 1000
3 678 1000 999
3 679 680 1001
3 679 1001 1000
3 680 681 1002
3 680 1002 1001
3 681 682 1003
3 681 1003 1002
3 682 683 1004
3 682 1004 1003
3 683 684 1005
3 683 1005 1004
3 684 685 1006
3 684 1006 1005
3 685 686 1007
3 685 1007 1006
3 686 687 1008
3 686 1008 1007
3 687 688 1009
3 687 1009 1008
3 688 689 1010
3 688 1010 1009
3 689 690 1011
3 689 1011 1010
3 690 691 1012
3 690 1012 1011
3 691 692 1013
3 691 1013 1012
3 692 693 1014
3 692 1014 1013
3 693 694 1015
3 693 1015 1014
3 694 695 1016
3 694 1016 1015
3 695 696 1017
3 695 1017 1016
3 696 697 1018
3 696 1018 1017
3 697 698 1019
3 697 1019 1018
3 698 699 1020
3 698 1020 1019
3 699 700 1021
3 699 1021 1020
3 700 701 1022
3 700 1022 1021
3 701 702 1023
3 701 1023 1022
3 702 703 1024
3 702 1024 1023
3 703 640 961
3 703 961 1024
3 1025 961 962
3 1025 962 963
3 1025 963 964
3 1025 964 965
3 1025 965 966
3 1025 966 967
3 1025 967 968
3 1025 968 969
3 1025 969 970
3 1025 970 971
3 1025 971 972
3 1025 972 973
3 1025 973 974
3 1025 974 975
3 1025 975 976
3 1025 976 977
3 1025 977 978
3 1025 978 979
3 1025 979 980
3 1025 980 981
3 1025 981 982
3 1025 982 983
3 1025 983 984
3 1025 984 985
3 1025 985 986
3 1025 986 987
3 1025 987 988
3 1025 988 989
3 1025 989 990
3 1025 990 991
3 1025 991 992
3 1025 992 993
3 1025 993 994
3 1025 994 995
3 1025 995 996
3 1025 996 997
3 1025 997 998
3 1025 998 999
3 1025 999 1000
3 1025 1000 1001
3 1025 1001 1002
3 1025 1002 1003
3 1025 1003 1004
3 1025 1004 1005
3 1025 1005 1006
3 1025 1006 1007
3 1025 1007 1008
3 1025 1008 1009
3 1025 1009 1010
3 1025 1010 1011
3 1025 1011 1012
3 1025 1012 1013
3 1025 1013 1014
3 1025 1014 1015
3 1025 1015 1016
3 1025 1016 1017
3 1025 1017 1018
3 1025 1018 1019
3 1025 1019 1020
3 1025 1020 1021
3 1025 1021 1022
3 1025 1022 1023
3 1025 1023 1024
3 1025 1024 961
3 704 705 1027
3 704 1027 1026
3 705 706 1028
3 705 1028 1027
3 706 707 1029
3 706 1029 1028
3 707 708 1030
3 707 1030 1029
3 708 709 1031
3 708 1031 1030
3 709 710 1032
3 709 1032 1031
3 710 711 1033
3 710 1033 1032
3 711 712 1034
3 711 1034 1033
3 712 713 1035
3 712 1035 1034
3 713 714 1036
3 713 1036 1035
3 714 715 1037
3 714 1037 1036
3 715 716 1038
3 715 1038 1037
3 716 717 1039
3 716 1039 1038
3 717 718 1040
3 717 1040 1039
3 718 719 1041
3 718 1041 1040
3 719 720 1042
3 719 1042 1041
3 720 721 1043
3 720 1043 1042
3 721 722 1044
3 721 1044 1043
3 722 723 1045
3 722 1045 1044
3 723 724 1046
3 723 1046 1045
3 724 725 1047
3 724 1047 1046
3 725 726 1048
3 725 1048 1047
3 726 727 1049
3 726 1049 1048
3 727 728 1050
3 727 1050 1049
3 728 729 1051
3 728 1051 1050
3 729 730 1052
3 729 1052 1051
3 730 731 1053
3 730 1053 1052
3 731 732 1054
3 731 1054 1053
3 732 733 1055
3 732 1055 1054
3 733 734 1056
3 733 1056 1055
3 734 735 1057
3 734 1057 1056
3 735 736 1058
3 735 1058 1057
3 736 737 1059
3 736 1059 1058
3 737 738 1060
3 737 1060 1059
3 738 739 1061
3 738 1061 1060
3 739 740 1062
3 739 1062 1061
3 740 741 1063
3 740 1063 1062
3 741 742 1064
3 741 1064 1063
3 742 743 1065
3 742 1065 1064
3 743 744 1066
3 743 1066 1065
3 744 745 1067
3 744 1067 1066
3 745 746 1068
3 745 1068 1067
3 746 747 1069
3 746 1069 1068
3 747 748 1070
3 747 1070 1069
3 748 749 1071
3 748 1071 1070
3 749 750 1072
3 749 1072 1071
3 750 751 1073
3 750 1073 1072
3 751 752 1074
3 751 1074 1073
3 752 753 1075
3 752 1075 1074
3 753 754 1076
3 753 1076 1075
3 754 755 1077
3 754 1077 1076
3 755 756 1078
3 755 1078 1077
3 756 757 1079
3 756 1079 1078
3 757 758 1080
3 757 1080 1079
3 758 759 1081
3 758 1081 1080
3 759 760 1082
3 759 1082 1081
3 760 761 1083
3 760 1083 1082
3 761 762 1084
3 761 1084 1083
3 762 763 1085
3 762 1085 1084
3 763 764 1086
3 763 1086 1085
3 764 765 1087
3 764 1087 1086
3 765 766 1088
3 765 1088 1087
3 766 767 1089
3 766 1089 1088
3 767 704 1026
3 767 1026 1089
3 1090 1026 1027
3 1090 1027 1028
3 1090 1028 1029
3 1090 1029 1030
3 1090 1030 1031
3 1090 1031 1032
3 1090 1032 1033
3 1090 1033 1034
3 1090 1034 1035
3 1090 1035 1036
3 1090 1036 1037
3 1090 1037 1038
3 1090 1038 1039
3 1090 1039 1040
3 1090 1040 1041
3 1090 1041 1042
3 1090 1042 1043
3 1090 1043 1044
3 1090 1044 1045
3 1090 1045 1046
3 1090 1046 1047
3 1090 1047 1048
3 1090 1048 1049
3 1090 1049 1050
3 1090 1050 1051
3 1090 1051 1052
3 1090 1052 1053
3 1090 1053 1054
3 1090 1054 1055
3 1090 1055 1056
3 1090 1056 1057
3 1090 1057 1058
3 1090 1058 1059
3 1090 1059 1060
3 1090 1060 1061
3 1090 1061 1062
3 1090 1062 1063
3 1090 1063 1064
3 1090 1064 1065
3 1090 1065 1066
3 1090 1066 1067
3 1090 1067 1068
3 1090 1068 1069
3 1090 1069 1070
3 1090 1070 1071
3 1090 1071 1072
3 1090 1072 1073
3 1090 1073 1074
3 1090 1074 1075
3 1090 1075 1076
3 1090 1076 1077
3 1090 1077 1078
3 1090 1078 1079
3 1090 1079 1080
3 1090 1080 1081
3 1090 1081 1082
3 1090 1082 1083
3 1090 1083 1084
3 1090 1084 1085
3 1090 1085 1086
3 1090 1086 1087
3 1090 1087 1088
3 1090 1088 1089
3 1090 1089 1026
3 768 769 1092
3 768 1092 1091
3 769 770 1093
3 769 1093 1092
3 770 771 1094
3 770 1094 1093
3 771 772 1095
3 771 1095 1094
3 772 773 1096
3 772 1096 1095
3 773 774 1097
3 773 1097 1096
3 774 775 1098
3 774 1098 1097
3 775 776 1099
3 775 1099 1098
3 776 777 1100
3 776 1100 1099
3 777 778 1101
3 777 1101 1100
3 778 779 1102
3 778 1102 1101
3 779 780 1103
3 779 1103 1102
3 780 781 1104
3 780 1104 1103
3 781 782 1105
3 781 1105 1104
3 782 783 1106
3 782 1106 1105
3 783 784 1107
3 783 1107 1106
3 784 785 1108
3 784 1108 1107
3 785 786 1109
3 785 1109 1108
3 786 787 1110
3 786 1110 1109
3 787 788 1111
3 787 1111 1110
3 788 789 1112
3 788 1112 1111
3 789 790 1113
3 789 1113 1112
3 790 791 1114
3 790 1114 1113
3 791 792 1115
3 791 1115 1114
3 792 793 1116
3 792 1116 1115
3 793 794 1117
3 793 1117 1116
3 794 795 1118
3 794 1118 1117
3 795 796 1119
3 795 1119 1118
3 796 797 1120
3 796 1120 1119
3 797 798 1121
3 797 1121 1120
3 798 799 1122
3 798 1122 1121
3 799 800 1123
3 799 1123 1122
3 800 801 1124
3 800 1124 1123
3 801 802 1125
3 801 1125 1124
3 802 803 1126
3 802 1126 1125
3 803 804 1127
3 803 1127 1126
3 804 805 1128
3 804 1128 1127
3 805 806 1129
3 805 1129 1128
3 806 807 1130
3 806 1130 1129
3 807 808 1131
3 807 1131 1130
3 808 809 1132
3 808 1132 1131
3 809 810 1133
3 809 1133 1132
3 810 811 1134
3 810 1134 1133
3 811 812 1135
3 811 1135 1134
3 812 813 1136
3 812 1136 1135
3 813 814 1137
3 813 1137 1136
3 814 815 1138
3 814 1138 1137
3 815 816 1139
3 815 1139 1138
3 816 817 1140
3 816 1140 1139
3 817 818 1141
3 817 1141 1140
3 818 819 1142
3 818 1142 1141
3 819 820 1143
3 819 1143 1142
3 820 821 1144
3 820 1144 1143
3 821 822 1145
3 821 1145 1144
3 822 823 1146
3 822 1146 1145
3 823 824 1147
3 823 1147 1146
3 824 825 1148
3 824 1148 1147
3 825 826 1149
3 825 1149 1148
3 826 827 1150
3 826 1150 1149
3 827 828 1151
3 827 1151 1150
3 828 829 1152
3 828 1152 1151
3 829 830 1153
3 829 1153 1152
3 830 831 1154
3 830 1154 1153
3 831 768 1091
3 831 1091 1154
3 1155 1091 1092
3 1155 1092 1093
3 1155 1093 1094
3 1155 1094 1095
3 1155 1095 1096
3 1155 1096 1097
3 1155 1097 1098
3 1155 1098 1099
3 1155 1099 1100
3 1155 1100 1101
3 1155 1101 1102
3 1155 1102 1103
3 1155 1103 1104
3 1155 1104 1105
3 1155 1105 1106
3 1155 1106 1107
3 1155 1107 1108
3 1155 1108 1109
3 1155 1109 1110
3 1155 1110 1111
3 1155 1111 1112
3 1155 1112 1113
3 1155 1113 1114
3 1155 1114 1115
3 1155 1115 1116
3 1155 1116 1117
3 1155 1117 1118
3 1155 1118 1119
3 1155 1119 1120
3 1155 1120 1121
3 1155 1121 1122
3 1155 1122 1123
3 1155 1123 1124
3 1155 1124 1125
3 1155 1125 1126
3 1155 1126 1127
3 1155 1127 1128
3 1155 1128 1129
3 1155 1129 1130
3 1155 1130 1131
3 1155 1131 1132
3 1155 1132 1133
3 1155 1133 1134
3 1155 1134 1135
3 1155 1135 1136
3 1155 1136 1137
3 1155 1137 1138
3 1155 1138 1139
3 1155 1139 1140
3 1155 1140 1141
3 1155 1141 1142
3 1155 1142 1143
3 1155 1143 1144
3 1155 1144 1145
3 1155 1145 1146
3 1155 1146 1147
3 1155 1147 1148
3 1155 1148 1149
3 1155 1149 1150
3 1155 1150 1151
3 1155 1151 1152
3 1155 1152 1153
3 1155 1153 1154
3 1155 1154 1091
3 832 833 1157
3 832 1157 1156
3 833 834 1158
3 833 1158 1157
3 834 835 1159
3 834 1159 1158
3 835 836 1160
3 835 1160 1159
3 836 837 1161
3 836 1161 1160
3 837 838 1162
3 837 1162 1161
3 838 839 1163
3 838 1163 1162
3 839 840 1164
3 839 1164 1163
3 840 841 1165
3 840 1165 1164
3 841 842 1166
3 841 1166 1165
3 842 843 1167
3 842 1167 1166
3 843 844 1168
3 843 1168 1167
3 844 845 1169
3 844 1169 1168
3 845 846 1170
3 845 1170 1169
3 846 847 1171
3 846 1171 1170
3 847 848 1172
3 847 1172 1171
3 848 849 1173
3 848 1173 1172
3 849 850 1174
3 849 1174 1173
3 850 851 1175
3 850 1175 1174
3 851 852 1176
3 851 1176 1175
3 852 853 1177
3 852 1177 1176
3 853 854 1178
3 853 1178 1177
3 854 855 1179
3 854 1179 1178
3 855 856 1180
3 855 1180 1179
3 856 857 1181
3 856 1181 1180
3 857 858 1182
3 857 1182 1181
3 858 859 1183
3 858 1183 1182
3 859 860 1184
3 859 1184 1183
3 860 861 1185
3 860 1185 1184
3 861 862 1186
3 861 1186 1185
3 862 863 1187
3 862 1187 1186
3 863 864 1188
3 863 1188 1187
3 864 865 1189
3 864 1189 1188
3 865 866 1190
3 865 1190 1189
3 866 867 1191
3 866 1191 1190
3 867 868 1192
3 867 1192 1191
3 868 869 1193
3 868 1193 1192
3 869 870 1194
3 869 1194 1193
3 870 871 1195
3 870 1195 1194
3 871 872 1196
3 871 1196 1195
3 872 873 1197
3 872 1197 1196
3 873 874 1198
3 873 1198 1197
3 874 875 1199
3 874 1199 1198
3 875 876 1200
3 875 1200 1199
3 876 877 1201
3 876 1201 1200
3 877 878 1202
3 877 1202 1201
3 878 879 1203
3 878 1203 1202
3 879 880 1204
3 879 1204 1203
3 880 881 1205
3 880 1205 1204
3 881 882 1206
3 881 1206 1205
3 882 883 1207
3 882 1207 1206
3 883 884 1208
3 883 1208 1207
3 884 885 1209
3 884 1209 1208
3 885 886 1210
3 885 1210 1209
3 886 887 1211
3 886 1211 1210
3 887 888 1212
3 887 1212 1211
3 888 889 1213
3 888 1213 1212
3 889 890 1214
3 889 1214 1213
3 890 891 1215
3 890 1215 1214
3 891 892 1216
3 891 1216 1215
3 892 893 1217
3 892 1217 1216
3 893 894 1218
3 893 1218 1217
3 894 895 1219
3 894 1219 1218
3 895 832 1156
3 895 1156 1219
3 1220 1156 1157
3 1220 1157 1158
3 1220 1158 1159
3 1220 1159 1160
3 1220 1160 1161
3 1220 1161 1162
3 1220 1162 1163
3 1220 1163 1164
3 1220 1164 1165
3 1220 1165 1166
3 1220 1166 1167
3 1220 1167 1168
3 1220 1168 1169
3 1220 1169 1170
3 1220 1170 1171
3 1220 1171 1172
3 1220 1172 1173
3 1220 1173 1174
3 1220 1174 1175
3 1220 1175 1176
3 1220 1176 1177
3 1220 1177 1178
3 1220 1178 1179
3 1220 1179 1180
3 1220 1180 1181
3 1220 1181 1182
3 1220 1182 1183
3 1220 1183 1184
3 1220 1184 1185
3 1220 1185 1186
3 1220 1186 1187
3 1220 1187 1188
3 1220 1188 1189
3 1220 1189 1190
3 1220 1190 1191
3 1220 1191 1192
3 1220 1192 1193
3 1220 1193 1194
3 1220 1194 1195
3 1220 1195 1196
3 1220 1196 1197
3 1220 1197 1198
3 1220 1198 1199
3 1220 1199 1200
3 1220 1200 1201
3 1220 1201 1202
3 1220 1202 1203
3 1220 1203 1204
3 1220 1204 1205
3 1220 1205 1206
3 1220 1206 1207
3 1220 1207 1208
3 1220 1208 1209
3 1220 1209 1210
3 1220 1210 1211
3 1220 1211 1212
3 1220 1212 1213
3 1220 1213 1214
3 1220 1214 1215
3 1220 1215 1216
3 1220 1216 1217
3 1220 1217 1218
3 1220 1218 1219
3 1220 1219 1156
3 1413 1222 1221
3 1413 1223 1222
3 1413 1224 1223
3 1413 1225 1224
3 1413 1226 1225
3 1413 1227 1226
3 1413 1228 1227
3 1413 1229 1228
3 1413 1230 1229
3 1413 1231 1230
3 1413 1232 1231
3 1413 1233 1232
3 1413 1234 1233
3 1413 1235 1234
3 1413 1236 1235
3 1413 1237 1236
3 1413 1238 1237
3 1413 1239 1238
3 1413 1240 1239
3 1413 1241 1240
3 1413 1242 1241
3 1413 1243 1242
3 1413 1244 1243
3 1413 1245 1244
3 1413 1246 1245
3 1413 1247 1246
3 1413 1248 1247
3 1413 1249 1248
3 1413 1250 1249
3 1413 1251 1250
3 1413 1252 1251
3 1413 1253 1252
3 1413 1254 1253
3 1413 1255 1254
3 1413 1256 1255
3 1413 1257 1256
3 1413 1258 1257
3 1413 1259 1258
3 1413 1260 1259
3 1413 1261 1260
3 1413 1262 1261
3 1413 1263 1262
3 1413 1264 1263
3 1413 1265 1264
3 1413 1266 1265
3 1413 1267 1266
3 1413 1268 1267
3 1413 1269 1268
3 1413 1270 1269
3 1413 1271 1270
3 1413 1272 1271
3 1413 1273 1272
3 1413 1274 1273
3 1413 1275 1274
3 1413 1276 1275
3 1413 1277 1276
3 1413 1278 1277
3 1413 1279 1278
3 1413 1280 1279
3 1413 1281 1280
3 1413 1282 1281
3 1413 1283 1282
3 1413 1284 1283
3 1413 1285 1284
3 1413 1286 1285
3 1413 1287 1286
3 1413 1288 1287
3 1413 1289 1288
3 1413 1290 1289
3 1413 1291 1290
3 1413 1292 1291
3 1413 1293 1292
3 1413 1294 1293
3 1413 1295 1294
3 1413 1296 1295
3 1413 1297 1296
3 1413 1298 1297
3 1413 1299 1298
3 1413 1300 1299
3 1413 1301 1300
3 1413 1302 1301
3 1413 1303 1302
3 1413 1304 1303
3 1413 1305 1304
3 1413 1306 1305
3 1413 1307 1306
3 1413 1308 1307
3 1413 1309 1308
3 1413 1310 1309
3 1413 1311 1310
3 1413 1312 1311
3 1413 1313 1312
3 1413 1314 1313
3 1413 1315 1314
3 1413 1316 1315
3 1413 1317 1316
3 1413 1318 1317
3 1413 1319 1318
3 1413 1320 1319
3 1413 1321 1320
3 1413 1322 1321
3 1413 1323 1322
3 1413 1324 1323
3 1413 1325 1324
3 1413 1326 1325
3 1413 1327 1326
3 1413 1328 1327
3 1413 1329 1328
3 1413 1330 1329
3 1413 1331 1330
3 1413 1332 1331
3 1413 1333 1332
3 1413 1334 1333
3 1413 1335 1334
3 1413 1336 1335
3 1413 1337 1336
3 1413 1338 1337
3 1413 1339 1338
3 1413 1340 1339
3 1413 1341 1340
3 1413 1342 1341
3 1413 1343 1342
3 1413 1344 1343
3 1413 1345 1344
3 1413 1346 1345
3 1413 1347 1346
3 1413 1348 1347
3 1413 1349 1348
3 1413 1350 1349
3 1413 1351 1350
3 1413 1352 1351
3 1413 1353 1352
3 1413 1354 1353
3 1413 1355 1354
3 1413 1356 1355
3 1413 1357 1356
3 1413 1358 1357
3 1413 1359 1358
3 1413 1360 1359
3 1413 1361 1360
3 1413 1362 1361
3 1413 1363 1362
3 1413 1364 1363
3 1413 1365 1364
3 1413 1366 1365
3 1413 1367 1366
3 1413 1368 1367
3 1413 1369 1368
3 1413 1370 1369
3 1413 1371 1370
3 1413 1372 1371
3 1413 1373 1372
3 1413 1374 1373
3 1413 1375 1374
3 1413 1376 1375
3 1413 1377 1376
3 1413 1378 1377
3 1413 1379 1378
3 1413 1380 1379
3 1413 1381 1380
3 1413 1382 1381
3 1413 1383 1382
3 1413 1384 1383
3 1413 1385 1384
3 1413 1386 1385
3 1413 1387 1386
3 1413 1388 1387
3 1413 1389 1388
3 1413 1390 1389
3 1413 1391 1390
3 1413 1392 1391
3 1413 1393 1392
3 1413 1394 1393
3 1413 1395 1394
3 1413 1396 1395
3 1413 1397 1396
3 1413 1398 1397
3 1413 1399 1398
3 1413 1400 1399
3 1413 1401 1400
3 1413 1402 1401
3 1413 1403 1402
3 1413 1404 1403
3 1413 1405 1404
3 1413 1406 1405
3 1413 1407 1406
3 1413 1408 1407
3 1413 1409 1408
3 1413 1410 1409
3 1413 1411 1410
3 1413 1412 1411
3 1413 1221 1412
3 1221 1415 1414
3 1221 1222 1415
3 1222 1416 1415
3 1222 1223 1416
3 1223 1417 1416
3 1223 1224 1417
3 1224 1418 1417
3 1224 1225 1418
3 1225 1419 1418
3 1225 1226 1419
3 1226 1420 1419
3 1226 1227 1420
3 1227 1421 1420
3 1227 1228 1421
3 1228 1422 1421
3 1228 1229 1422
3 1229 1423 1422
3 1229 1230 1423
3 1230 1424 1423
3 1230 1231 1424
3 1231 1425 1424
3 1231 1232 1425
3 1232 1426 1425
3 1232 1233 1426
3 1233 1427 1426
3 1233 1234 1427
3 1234 1428 1427
3 1234 1235 1428
3 1235 1429 1428
3 1235 1236 1429
3 1236 1430 1429
3 1236 1237 1430
3 1237 1431 1430
3 1237 1238 1431
3 1238 1432 1431
3 1238 1239 1432
3 1239 1433 1432
3 1239 1240 1433
3 1240 1434 1433
3 1240 1241 1434
3 1241 1435 1434
3 1241 1242 1435
3 1242 1436 1435
3 1242 1243 1436
3 1243 1437 1436
3 1243 1244 1437
3 1244 1438 1437
3 1244 1245 1438
3 1245 1439 1438
3 1245 1246 1439
3 1246 1440 1439
3 1246 1247 1440
3 1247 1441 1440
3 1247 1248 1441
3 1248 1442 1441
3 1248 1249 1442
3 1249 1443 1442
3 1249 1250 1443
3 1250 1444 1443
3 1250 1251 1444
3 1251 1445 1444
3 1251 1252 1445
3 1252 1446 1445
3 1252 1253 1446
3 1253 1447 1446
3 1253 1254 1447
3 1254 1448 1447
3 1254 1255 1448
3 1255 1449 1448
3 1255 1256 1449
3 1256 1450 1449
3 1256 1257 1450
3 1257 1451 1450
3 1257 1258 1451
3 1258 1452 1451
3 1258 1259 1452
3 1259 1453 1452
3 1259 1260 1453
3 1260 1454 1453
3 1260 1261 1454
3 1261 1455 1454
3 1261 1262 1455
3 1262 1456 1455
3 1262 1263 1456
3 1263 1457 1456
3 1263 1264 1457
3 1264 1458 1457
3 1264 1265 1458
3 1265 1459 1458
3 1265 1266 1459
3 1266 1460 1459
3 1266 1267 1460
3 1267 1461 1460
3 1267 1268 1461
3 1268 1462 1461
3 1268 1269 1462
3 1269 1463 1462
3 1269 1270 1463
3 1270 1464 1463
3 1270 1271 1464
3 1271 1465 1464
3 1271 1272 1465
3 1272 1466 1465
3 1272 1273 1466
3 1273 1467 1466
3 1273 1274 1467
3 1274 1468 1467
3 1274 1275 1468
3 1275 1469 1468
3 1275 1276 1469
3 1276 1470 1469
3 1276 1277 1470
3 1277 1471 1470
3 1277 1278 1471
3 1278 1472 1471
3 1278 1279 1472
3 1279 1473 1472
3 1279 1280 1473
3 1280 1474 1473
3 1280 1281 1474
3 1281 1475 1474
3 1281 1282 1475
3 1282 1476 1475
3 1282 1283 1476
3 1283 1477 1476
3 1283 1284 1477
3 1284 1478 1477
3 1284 1285 1478
3 1285 1479 1478
3 1285 1286 1479
3 1286 1480 1479
3 1286 1287 1480
3 1287 1481 1480
3 1287 1288 1481
3 1288 1482 1481
3 1288 1289 1482
3 1289 1483 1482
3 1289 1290 1483
3 1290 1484 1483
3 1290 1291 1484
3 1291 1485 1484
3 1291 1292 1485
3 1292 1486 1485
3 1292 1293 1486
3 1293 1487 1486
3 1293 1294 1487
3 1294 1488 1487
3 1294 1295 1488
3 1295 1489 1488
3 1295 1296 1489
3 1296 1490 1489
3 1296 1297 1490
3 1297 1491 1490
3 1297 1298 1491
3 1298 1492 1491
3 1298 1299 1492
3 1299 1493 1492
3 1299 1300 1493
3 1300 1494 1493
3 1300 1301 1494
3 1301 1495 1494
3 1301 1302 1495
3 1302 1496 1495
3 1302 1303 1496
3 1303 1497 1496
3 1303 1304 1497
3 1304 1498 1497
3 1304 1305 1498
3 1305 1499 1498
3 1305 1306 1499
3 1306 1500 1499
3 1306 1307 1500
3 1307 1501 1500
3 1307 1308 1501
3 1308 1502 1501
3 1308 1309 1502
3 1309 1503 1502
3 1309 1310 1503
3 1310 1504 1503
3 1310 1311 1504
3 1311 1505 1504
3 1311 1312 1505
3 1312 1506 1505
3 1312 1313 1506
3 1313 1507 1506
3 1313 1314 1507
3 1314 1508 1507
3 1314 1315 1508
3 1315 1509 1508
3 1315 1316 1509
3 1316 1510 1509
3 1316 1317 1510
3 1317 1511 1510
3 1317 1318 1511
3 1318 1512 1511
3 1318 1319 1512
3 1319 1513 1512
3 1319 1320 1513
3 1320 1514 1513
3 1320 1321 1514
3 1321 1515 1514
3 1321 1322 1515
3 1322 1516 1515
3 1322 1323 1516
3 1323 1517 1516
3 1323 1324 1517
3 1324 1518 1517
3 1324 1325 1518
3 1325 1519 1518
3 1325 1326 1519
3 1326 1520 1519
3 1326 1327 1520
3 1327 1521 1520
3 1327 1328 1521
3 1328 1522 1521
3 1328 1329 1522
3 1329 1523 1522
3 1329 1330 1523
3 1330 1524 1523
3 1330 1331 1524
3 1331 1525 1524
3 1331 1332 1525
3 1332 1526 1525
3 1332 1333 1526
3 1333 1527 1526
3 1333 1334 1527
3 1334 1528 1527
3 1334 1335 1528
3 1335 1529 1528
3 1335 1336 1529
3 1336 1530 1529
3 1336 1337 1530
3 1337 1531 1530
3 1337 1338 1531
3 1338 1532 1531
3 1338 1339 1532
3 1339 1533 1532
3 1339 1340 1533
3 1340 1534 1533
3 1340 1341 1534
3 1341 1535 1534
3 1341 1342 1535
3 1342 1536 1535
3 1342 1343 1536
3 1343 1537 1536
3 1343 1344 1537
3 1344 1538 1537
3 1344 1345 1538
3 1345 1539 1538
3 1345 1346 1539
3 1346 1540 1539
3 1346 1347 1540
3 1347 1541 1540
3 1347 1348 1541
3 1348 1542 1541
3 1348 1349 1542
3 1349 1543 1542
3 1349 1350 1543
3 1350 1544 1543
3 1350 1351 1544
3 1351 1545 1544
3 1351 1352 1545
3 1352 1546 1545
3 1352 1353 1546
3 1353 1547 1546
3 1353 1354 1547
3 1354 1548 1547
3 1354 1355 1548
3 1355 1549 1548
3 1355 1356 1549
3 1356 1550 1549
3 1356 1357 1550
3 1357 1551 1550
3 1357 1358 1551
3 1358 1552 1551
3 1358 1359 1552
3 1359 1553 1552
3 1359 1360 1553
3 1360 1554 1553
3 1360 1361 1554
3 1361 1555 1554
3 1361 1362 1555
3 1362 1556 1555
3 1362 1363 1556
3 1363 1557 1556
3 1363 1364 1557
3 1364 1558 1557
3 1364 1365 1558
3 1365 1559 1558
3 1365 1366 1559
3 1366 1560 1559
3 1366 1367 1560
3 1367 1561 1560
3 1367 1368 1561
3 1368 1562 1561
3 1368 1369 1562
3 1369 1563 1562
3 1369 1370 1563
3 1370 1564 1563
3 1370 1371 1564
3 1371 1565 1564
3 1371 1372 1565
3 1372 1566 1565
3 1372 1373 1566
3 1373 1567 1566
3 1373 1374 1567
3 1374 1568 1567
3 1374 1375 1568
3 1375 1569 1568
3 1375 1376 1569
3 1376 1570 1569
3 1376 1377 1570
3 1377 1571 1570
3 1377 1378 1571
3 1378 1572 1571
3 1378 1379 1572
3 1379 1573 1572
3 1379 1380 1573
3 1380 1574 1573
3 1380 1381 1574
3 1381 1575 1574
3 1381 1382 1575
3 1382 1576 1575
3 1382 1383 1576
3 1383 1577 1576
3 1383 1384 1577
3 1384 1578 1577
3 1384 1385 1578
3 1385 1579 1578
3 1385 1386 1579
3 1386 1580 1579
3 1386 1387 1580
3 1387 1581 1580
3 1387 1388 1581
3 1388 1582 1581
3 1388 1389 1582
3 1389 1583 1582
3 1389 1390 1583
3 1390 1584 1583
3 1390 1391 1584
3 1391 1585 1584
3 1391 1392 1585
3 1392 1586 1585
3 1392 1393 1586
3 1393 1587 1586
3 1393 1394 1587
3 1394 1588 1587
3 1394 1395 1588
3 1395 1589 1588
3 1395 1396 1589
3 1396 1590 1589
3 1396 1397 1590
3 1397 1591 1590
3 1397 1398 1591
3 1398 1592 1591
3 1398 1399 1592
3 1399 1593 1592
3 1399 1400 1593
3 1400 1594 1593
3 1400 1401 1594
3 1401 1595 1594
3 1401 1402 1595
3 1402 1596 1595
3 1402 1403 1596
3 1403 1597 1596
3 1403 1404 1597
3 1404 1598 1597
3 1404 1405 1598
3 1405 1599 1598
3 1405 1406 1599
3 1406 1600 1599
3 1406 1407 1600
3 1407 1601 1600
3 1407 1408 1601
3 1408 1602 1601
3 1408 1409 1602
3 1409 1603 1602
3 1409 1410 1603
3 1410 1604 1603
3 1410 1411 1604
3 1411 1605 1604
3 1411 1412 1605
3 1412 1414 1605
3 1412 1221 1414
3 1415 1607 1606
3 1414 1415 1606
3 1416 1608 1607
3 1415 1416 1607
3 1417 1609 1608
3 1416 1417 1608
3 1418 1610 1609
3 1417 1418 1609
3 1419 1611 1610
3 1418 1419 1610
3 1420 1612 1611
3 1419 1420 1611
3 1421 1613 1612
3 1420 1421 1612
3 1422 1614 1613
3 1421 1422 1613
3 1423 1615 1614
3 1422 1423 1614
3 1424 1616 1615
3 1423 1424 1615
3 1425 1617 1616
3 1424 1425 1616
3 1426 1618 1617
3 1425 1426 1617
3 1427 1619 1618
3 1426 1427 1618
3 1428 1620 1619
3 1427 1428 1619
3 1429 1621 1620
3 1428 1429 1620
3 1430 1622 1621
3 1429 1430 1621
3 1431 1623 1622
3 1430 1431 1622
3 1432 1624 1623
3 1431 1432 1623
3 1433 1625 1624
3 1432 1433 1624
3 1434 1626 1625
3 1433 1434 1625
3 1435 1627 1626
3 1434 1435 1626
3 1436 1628 1627
3 1435 1436 1627
3 1437 1629 1628
3 1436 1437 1628
3 1438 1630 1629
3 1437 1438 1629
3 1439 1631 1630
3 1438 1439 1630
3 1440 1632 1631
3 1439 1440 1631
3 1441 1633 1632
3 1440 1441 1632
3 1442 1634 1633
3 1441 1442 1633
3 1443 1635 1634
3 1442 1443 1634
3 1444 1636 1635
3 1443 1444 1635
3 1445 1637 1636
3 1444 1445 1636
3 1446 1638 1637
3 1445 1446 1637
3 1447 1639 1638
3 1446 1447 1638
3 1448 1640 1639
3 1447 1448 1639
3 1449 1641 1640
3 1448 1449 1640
3 1450 1642 1641
3 1449 1450 1641
3 1451 1643 1642
3 1450 1451 1642
3 1452 1644 1643
3 1451 1452 1643
3 1453 1645 1644
3 1452 1453 1644
3 1454 1646 1645
3 1453 1454 1645
3 1455 1647 1646
3 1454 1455 1646
3 1456 1648 1647
3 1455 1456 1647
3 1457 1649 1648
3 1456 1457 1648
3 1458 1650 1649
3 1457 1458 1649
3 1459 1651 1650
3 1458 1459 1650
3 1460 1652 1651
3 1459 1460 1651
3 1461 1653 1652
3 1460 1461 1652
3 1462 1654 1653
3 1461 1462 1653
3 1463 1655 1654
3 1462 1463 1654
3 1464 1656 1655
3 1463 1464 1655
3 1465 1657 1656
3 1464 1465 1656
3 1466 1658 1657
3 1465 1466 1657
3 1467 1659 1658
3 1466 1467 1658
3 1468 1660 1659
3 1467 1468 1659
3 1469 1661 1660
3 1468 1469 1660
3 1470 1662 1661
3 1469 1470 1661
3 1471 1663 1662
3 1470 1471 1662
3 1472 1664 1663
3 1471 1472 1663
3 1473 1665 1664
3 1472 1473 1664
3 1474 1666 1665
3 1473 1474 1665
3 1475 1667 1666
3 1474 1475 1666
3 1476 1668 1667
3 1475 1476 1667
3 1477 1669 1668
3 1476 1477 1668
3 1478 1670 1669
3 1477 1478 1669
3 1479 1671 1670
3 1478 1479 1670
3 1480 1672 1671
3 1479 1480 1671
3 1481 1673 1672
3 1480 1481 1672
3 1482 1674 1673
3 1481 1482 1673
3 1483 1675 1674
3 1482 1483 1674
3 1484 1676 1675
3 1483 1484 1675
3 1485 1677 1676
3 1484 1485 1676
3 1486 1678 1677
3 1485 1486 1677
3 1487 1679 1678
3 1486 1487 1678
3 1488 1680 1679
3 1487 1488 1679
3 1489 1681 1680
3 1488 1489 1680
3 1490 1682 1681
3 1489 1490 1681
3 1491 1683 1682
3 1490 1491 1682
3 1492 1684 1683
3 1491 1492 1683
3 1493 1685 1684
3 1492 1493 1684
3 1494 1686 1685
3 1493 1494 1685
3 1495 1687 1686
3 1494 1495 1686
3 1496 1688 1687
3 1495 1496 1687
3 1497 1689 1688
3 1496 1497 1688
3 1498 1690 1689
3 1497 1498 1689
3 1499 1691 1690
3 1498 1499 1690
3 1500 1692 1691
3 1499 1500 1691
3 1501 1693 1692
3 1500 1501 1692
3 1502 1694 1693
3 1501 1502 1693
3 1503 1695 1694
3 1502 1503 1694
3 1504 1696 1695
3 1503 1504 1695
3 1505 1697 1696
3 1504 1505 1696
3 1506 1698 1697
3 1505 1506 1697
3 1507 1699 1698
3 1506 1507 1698
3 1508 1700 1699
3 1507 1508 1699
3 1509 1701 1700
3 1508 1509 1700
3 1510 1702 1701
3 1509 1510 1701
3 1511 1703 1702
3 1510 1511 1702
3 1512 1704 1703
3 1511 1512 1703
3 1513 1705 1704
3 1512 1513 1704
3 1514 1706 1705
3 1513 1514 1705
3 1515 1707 1706
3 1514 1515 1706
3 1516 1708 1707
3 1515 1516 1707
3 1517 1709 1708
3 1516 1517 1708
3 1518 1710 1709
3 1517 1518 1709
3 1519 1711 1710
3 1518 1519 1710
3 1520 1712 1711
3 1519 1520 1711
3 1521 1713 1712
3 1520 1521 1712
3 1522 1714 1713
3 1521 1522 1713
3 1523 1715 1714
3 1522 1523 1714
3 1524 1716 1715
3 1523 1524 1715
3 1525 1717 1716
3 1524 1525 1716
3 1526 1718 1717
3 1525 1526 1717
3 1527 1719 1718
3 1526 1527 1718
3 1528 1720 1719
3 1527 1528 1719
3 1529 1721 1720
3 1528 1529 1720
3 1530 1722 1721
3 1529 1530 1721
3 1531 1723 1722
3 1530 1531 1722
3 1532 1724 1723
3 1531 1532 1723
3 1533 1725 1724
3 1532 1533 1724
3 1534 1726 1725
3 1533 1534 1725
3 1535 1727 1726
3 1534 1535 1726
3 1536 1728 1727
3 1535 1536 1727
3 1537 1729 1728
3 1536 1537 1728
3 1538 1730 1729
3 1537 1538 1729
3 1539 1731 1730
3 1538 1539 1730
3 1540 1732 1731
3 1539 1540 1731
3 1541 1733 1732
3 1540 1541 1732
3 1542 1734 1733
3 1541 1542 1733
3 1543 1735 1734
3 1542 1543 1734
3 1544 1736 1735
3 1543 1544 1735
3 1545 1737 1736
3 1544 1545 1736
3 1546 1738 1737
3 1545 1546 1737
3 1547 1739 1738
3 1546 1547 1738
3 1548 1740 1739
3 1547 1548 1739
3 1549 1741 1740
3 1548 1549 1740
3 1550 1742 1741
3 1549 1550 1741
3 1551 1743 1742
3 1550 1551 1742
3 1552 1744 1743
3 1551 1552 1743
3 1553 1745 1744
3 1552 1553 1744
3 1554 1746 1745
3 1553 1554 1745
3 1555 1747 1746
3 1554 1555 1746
3 1556 1748 1747
3 1555 1556 1747
3 1557 1749 1748
3 1556 1557 1748
3 1558 1750 1749
3 1557 1558 1749
3 1559 1751 1750
3 1558 1559 1750
3 1560 1752 1751
3 1559 1560 1751
3 1561 1753 1752
3 1560 1561 1752
3 1562 1754 1753
3 1561 1562 1753
3 1563 1755 1754
3 1562 1563 1754
3 1564 1756 1755
3 1563 1564 1755
3 1565 1757 1756
3 1564 1565 1756
3 1566 1758 1757
3 1565 1566 1757
3 1567 1759 1758
3 1566 1567 1758
3 1568 1760 1759
3 1567 1568 1759
3 1569 1761 1760
3 1568 1569 1760
3 1570 1762 1761
3 1569 1570 1761
3 1571 1763 1762
3 1570 1571 1762
3 1572 1764 1763
3 1571 1572 1763
3 1573 1765 1764
3 1572 1573 1764
3 1574 1766 1765
3 1573 1574 1765
3 1575 1767 1766
3 1574 1575 1766
3 1576 1768 1767
3 1575 1576 1767
3 1577 1769 1768
3 1576 1577 1768
3 1578 1770 1769
3 1577 1578 1769
3 1579 1771 1770
3 1578 1579 1770
3 1580 1772 1771
3 1579 1580 1771
3 1581 1773 1772
3 1580 1581 1772
3 1582 1774 1773
3 1581 1582 1773
3 1583 1775 1774
3 1582 1583 1774
3 1584 1776 1775
3 1583 1584 1775
3 1585 1777 1776
3 1584 1585 1776
3 1586 1778 1777
3 1585 1586 1777
3 1587 1779 1778
3 1586 1587 1778
3 1588 1780 1779
3 1587 1588 1779
3 1589 1781 1780
3 1588 1589 1780
3 1590 1782 1781
3 1589 1590 1781
3 1591 1783 1782
3 1590 1591 1782
3 1592 1784 1783
3 1591 1592 1783
3 1593 1785 1784
3 1592 1593 1784
3 1594 1786 1785
3 1593 1594 1785
3 1595 1787 1786
3 1594 1595 1786
3 1596 1788 1787
3 1595 1596 1787
3 1597 1789 1788
3 1596 1597 1788
3 1598 1790 1789
3 1597 1598 1789
3 1599 1791 1790
3 1598 1599 1790
3 1600 1792 1791
3 1599 1600 1791
3 1601 1793 1792
3 1600 1601 1792
3 1602 1794 1793
3 1601 1602 1793
3 1603 1795 1794
3 1602 1603 1794
3 1604 1796 1795
3 1603 1604 1795
3 1605 1797 1796
3 1604 1605 1796
3 1414 1606 1797
3 1605 1414 1797
3 1991 1799 1798
3 1990 1991 1798
3 1992 1800 1799
3 1991 1992 1799
3 1993 1801 1800
3 1992 1993 1800
3 1994 1802 1801
3 1993 1994 1801
3 1995 1803 1802
3 1994 1995 1802
3 1996 1804 1803
3 1995 1996 1803
3 1997 1805 1804
3 1996 1997 1804
3 1998 1806 1805
3 1997 1998 1805
3 1999 1807 1806
3 1998 1999 1806
3 2000 1808 1807
3 1999 2000 1807
3 2001 1809 1808
3 2000 2001 1808
3 2002 1810 1809
3 2001 2002 1809
3 2003 1811 1810
3 2002 2003 1810
3 2004 1812 1811
3 2003 2004 1811
3 2005 1813 1812
3 2004 2005 1812
3 2006 1814 1813
3 2005 2006 1813
3 2007 1815 1814
3 2006 2007 1814
3 2008 1816 1815
3 2007 2008 1815
3 2009 1817 1816
3 2008 2009 1816
3 2010 1818 1817
3 2009 2010 1817
3 2011 1819 1818
3 2010 2011 1818
3 2012 1820 1819
3 2011 2012 1819
3 2013 1821 1820
3 2012 2013 1820
3 2014 1822 1821
3 2013 2014 1821
3 2015 1823 1822
3 2014 2015 1822
3 2016 1824 1823
3 2015 2016 1823
3 2017 1825 1824
3 2016 2017 1824
3 2018 1826 1825
3 2017 2018 1825
3 2019 1827 1826
3 2018 2019 1826
3 2020 1828 1827
3 2019 2020 1827
3 2021 1829 1828
3 2020 2021 1828
3 2022 1830 1829
3 2021 2022 1829
3 2023 1831 1830
3 2022 2023 1830
3 2024 1832 1831
3 2023 2024 1831
3 2025 1833 1832
3 2024 2025 1832
3 2026 1834 1833
3 2025 2026 1833
3 2027 1835 1834
3 2026 2027 1834
3 2028 1836 1835
3 2027 2028 1835
3 2029 1837 1836
3 2028 2029 1836
3 2030 1838 1837
3 2029 2030 1837
3 2031 1839 1838
3 2030 2031 1838
3 2032 1840 1839
3 2031 2032 1839
3 2033 1841 1840
3 2032 2033 1840
3 2034 1842 1841
3 2033 2034 1841
3 2035 1843 1842
3 2034 2035 1842
3 2036 1844 1843
3 2035 2036 1843
3 2037 1845 1844
3 2036 2037 1844
3 2038 1846 1845
3 2037 2038 1845
3 2039 1847 1846
3 2038 2039 1846
3 2040 1848 1847
3 2039 2040 1847
3 2041 1849 1848
3 2040 2041 1848
3 2042 1850 1849
3 2041 2042 1849
3 2043 1851 1850
3 2042 2043 1850
3 2044 1852 1851
3 2043 2044 1851
3 2045 1853 1852
3 2044 2045 1852
3 2046 1854 1853
3 2045 2046 1853
3 2047 1855 1854
3 2046 2047 1854
3 2048 1856 1855
3 2047 2048 1855
3 2049 1857 1856
3 2048 2049 1856
3 2050 1858 1857
3 2049 2050 1857
3 2051 1859 1858
3 2050 2051 1858
3 2052 1860 1859
3 2051 2052 1859
3 2053 1861 1860
3 2052 2053 1860
3 2054 1862 1861
3 2053 2054 1861
3 2055 1863 1862
3 2054 2055 1862
3 2056 1864 1863
3 2055 2056 1863
3 2057 1865 1864
3 2056 2057 1864
3 2058 1866 1865
3 2057 2058 1865
3 2059 1867 1866
3 2058 2059 1866
3 2060 1868 1867
3 2059 2060 1867
3 2061 1869 1868
3 2060 2061 1868
3 2062 1870 1869
3 2061 2062 1869
3 2063 1871 1870
3 2062 2063 1870
3 2064 1872 1871
3 2063 2064 1871
3 2065 1873 1872
3 2064 2065 1872
3 2066 1874 1873
3 2065 2066 1873
3 2067 1875 1874
3 2066 2067 1874
3 2068 1876 1875
3 2067 2068 1875
3 2069 1877 1876
3 2068 2069 1876
3 2070 1878 1877
3 2069 2070 1877
3 2071 1879 1878
3 2070 2071 1878
3 2072 1880 1879
3 2071 2072 1879
3 2073 1881 1880
3 2072 2073 1880
3 2074 1882 1881
3 2073 2074 1881
3 2075 1883 1882
3 2074 2075 1882
3 2076 1884 1883
3 2075 2076 1883
3 2077 1885 1884
3 2076 2077 1884
3 2078 1886 1885
3 2077 2078 1885
3 2079 1887 1886
3 2078 2079 1886
3 2080 1888 1887
3 2079 2080 1887
3 2081 1889 1888
3 2080 2081 1888
3 2082 1890 1889
3 2081 2082 1889
3 2083 1891 1890
3 2082 2083 1890
3 2084 1892 1891
3 2083 2084 1891
3 2085 1893 1892
3 2084 2085 1892
3 2086 1894 1893
3 2085 2086 1893
3 2087 1895 1894
3 2086 2087 1894
3 2088 1896 1895
3 2087 2088 1895
3 2089 1897 1896
3 2088 2089 1896
3 2090 1898 1897
3 2089 2090 1897
3 2091 1899 1898
3 2090 2091 1898
3 2092 1900 1899
3 2091 2092 1899
3 2093 1901 1900
3 2092 2093 1900
3 2094 1902 1901
3 2093 2094 1901
3 2095 1903 1902
3 2094 2095 1902
3 2096 1904 1903
3 2095 2096 1903
3 2097 1905 1904
3 2096 2097 1904
3 2098 1906 1905
3 2097 2098 1905
3 2099 1907 1906
3 2098 2099 1906
3 2100 1908 1907
3 2099 2100 1907
3 2101 1909 1908
3 2100 2101 1908
3 2102 1910 1909
3 2101 2102 1909
3 2103 1911 1910
3 2102 2103 1910
3 2104 1912 1911
3 2103 2104 1911
3 2105 1913 1912
3 2104 2105 1912
3 2106 1914 1913
3 2105 2106 1913
3 2107 1915 1914
3 2106 2107 1914
3 2108 1916 1915
3 2107 2108 1915
3 2109 1917 1916
3 2108 2109 1916
3 2110 1918 1917
3 2109 2110 1917
3 2111 1919 1918
3 2110 2111 1918
3 2112 1920 1919
3 2111 2112 1919
3 2113 1921 1920
3 2112 2113 1920
3 2114 1922 1921
3 2113 2114 1921
3 2115 1923 1922
3 2114 2115 1922
3 2116 1924 1923
3 2115 2116 1923
3 2117 1925 1924
3 2116 2117 1924
3 2118 1926 1925
3 2117 2118 1925
3 2119 1927 1926
3 2118 2119 1926
3 2120 1928 1927
3 2119 2120 1927
3 2121 1929 1928
3 2120 2121 1928
3 2122 1930 1929
3 2121 2122 1929
3 2123 1931 1930
3 2122 2123 1930
3 2124 1932 1931
3 2123 2124 1931
3 2125 1933 1932
3 2124 2125 1932
3 2126 1934 1933
3 2125 2126 1933
3 2127 1935 1934
3 2126 2127 1934
3 2128 1936 1935
3 2127 2128 1935
3 2129 1937 1936
3 2128 2129 1936
3 2130 1938 1937
3 2129 2130 1937
3 2131 1939 1938
3 2130 2131 1938
3 2132 1940 1939
3 2131 2132 1939
3 2133 1941 1940
3 2132 2133 1940
3 2134 1942 1941
3 2133 2134 1941
3 2135 1943 1942
3 2134 2135 1942
3 2136 1944 1943
3 2135 2136 1943
3 2137 1945 1944
3 2136 2137 1944
3 2138 1946 1945
3 2137 2138 1945
3 2139 1947 1946
3 2138 2139 1946
3 2140 1948 1947
3 2139 2140 1947
3 2141 1949 1948
3 2140 2141 1948
3 2142 1950 1949
3 2141 2142 1949
3 2143 1951 1950
3 2142 2143 1950
3 2144 1952 1951
3 2143 2144 1951
3 2145 1953 1952
3 2144 2145 1952
3 2146 1954 1953
3 2145 2146 1953
3 2147 1955 1954
3 2146 2147 1954
3 2148 1956 1955
3 2147 2148 1955
3 2149 1957 1956
3 2148 2149 1956
3 2150 1958 1957
3 2149 2150 1957
3 2151 1959 1958
3 2150 2151 1958
3 2152 1960 1959
3 2151 2152 1959
3 2153 1961 1960
3 2152 2153 1960
3 2154 1962 1961
3 2153 2154 1961
3 2155 1963 1962
3 2154 2155 1962
3 2156 1964 1963
3 2155 2156 1963
3 2157 1965 1964
3 2156 2157 1964
3 2158 1966 1965
3 2157 2158 1965
3 2159 1967 1966
3 2158 2159 1966
3 2160 1968 1967
3 2159 2160 1967
3 2161 1969 1968
3 2160 2161 1968
3 2162 1970 1969
3 2161 2162 1969
3 2163 1971 1970
3 2162 2163 1970
3 2164 1972 1971
3 2163 2164 1971
3 2165 1973 1972
3 2164 2165 1972
3 2166 1974 1973
3 2165 2166 1973
3 2167 1975 1974
3 2166 2167 1974
3 2168 1976 1975
3 2167 2168 1975
3 2169 1977 1976
3 2168 2169 1976
3 2170 1978 1977
3 2169 2170 1977
3 2171 1979 1978
3 2170 2171 1978
3 2172 1980 1979
3 2171 2172 1979
3 2173 1981 1980
3 2172 2173 1980
3 2174 1982 1981
3 2173 2174 1981
3 2175 1983 1982
3 2174 2175 1982
3 2176 1984 1983
3 2175 2176 1983
3 2177 1985 1984
3 2176 2177 1984
3 2178 1986 1985
3 2177 2178 1985
3 2179 1987 1986
3 2178 2179 1986
3 2180 1988 1987
3 2179 2180 1987
3 2181 1989 1988
3 2180 2181 1988
3 1990 1798 1989
3 2181 1990 1989
3 2375 2183 2182
3 2374 2375 2182
3 2376 2184 2183
3 2375 2376 2183
3 2377 2185 2184
3 2376 2377 2184
3 2378 2186 2185
3 2377 2378 2185
3 2379 2187 2186
3 2378 2379 2186
3 2380 2188 2187
3 2379 2380 2187
3 2381 2189 2188
3 2380 2381 2188
3 2382 2190 2189
3 2381 2382 2189
3 2383 2191 2190
3 2382 2383 2190
3 2384 2192 2191
3 2383 2384 2191
3 2385 2193 2192
3 2384 2385 2192
3 2386 2194 2193
3 2385 2386 2193
3 2387 2195 2194
3 2386 2387 2194
3 2388 2196 2195
3 2387 2388 2195
3 2389 2197 2196
3 2388 2389 2196
3 2390 2198 2197
3 2389 2390 2197
3 2391 2199 2198
3 2390 2391 2198
3 2392 2200 2199
3 2391 2392 2199
3 2393 2201 2200
3 2392 2393 2200
3 2394 2202 2201
3 2393 2394 2201
3 2395 2203 2202
3 2394 2395 2202
3 2396 2204 2203
3 2395 2396 2203
3 2397 2205 2204
3 2396 2397 2204
3 2398 2206 2205
3 2397 2398 2205
3 2399 2207 2206
3 2398 2399 2206
3 2400 2208 2207
3 2399 2400 2207
3 2401 2209 2208
3 2400 2401 2208
3 2402 2210 2209
3 2401 2402 2209
3 2403 2211 2210
3 2402 2403 2210
3 2404 2212 2211
3 2403 2404 2211
3 2405 2213 2212
3 2404 2405 2212
3 2406 2214 2213
3 2405 2406 2213
3 2407 2215 2214
3 2406 2407 2214
3 2408 2216 2215
3 2407 2408 2215
3 2409 2217 2216
3 2408 2409 2216
3 2410 2218 2217
3 2409 2410 2217
3 2411 2219 2218
3 2410 2411 2218
3 2412 2220 2219
3 2411 2412 2219
3 2413 2221 2220
3 2412 2413 2220
3 2414 2222 2221
3 2413 2414 2221
3 2415 2223 2222
3 2414 2415 2222
3 2416 2224 2223
3 2415 2416 2223
3 2417 2225 2224
3 2416 2417 2224
3 2418 2226 2225
3 2417 2418 2225
3 2419 2227 2226
3 2418 2419 2226
3 2420 2228 2227
3 2419 2420 2227
3 2421 2229 2228
3 2420 2421 2228
3 2422 2230 2229
3 2421 2422 2229
3 2423 2231 2230
3 2422 2423 2230
3 2424 2232 2231
3 2423 2424 2231
3 2425 2233 2232
3 2424 2425 2232
3 2426 2234 2233
3 2425 2426 2233
3 2427 2235 2234
3 2426 2427 2234
3 2428 2236 2235
3 2427 2428 2235
3 2429 2237 2236
3 2428 2429 2236
3 2430 2238 2237
3 2429 2430 2237
3 2431 2239 2238
3 2430 2431 2238
3 2432 2240 2239
3 2431 2432 2239
3 2433 2241 2240
3 2432 2433 2240
3 2434 2242 2241
3 2433 2434 2241
3 2435 2243 2242
3 2434 2435 2242
3 2436 2244 2243
3 2435 2436 2243
3 2437 2245 2244
3 2436 2437 2244
3 2438 2246 2245
3 2437 2438 2245
3 2439 2247 2246
3 2438 2439 2246
3 2440 2248 2247
3 2439 2440 2247
3 2441 2249 2248
3 2440 2441 2248
3 2442 2250 2249
3 2441 2442 2249
3 2443 2251 2250
3 2442 2443 2250
3 2444 2252 2251
3 2443 2444 2251
3 2445 2253 2252
3 2444 2445 2252
3 2446 2254 2253
3 2445 2446 2253
3 2447 2255 2254
3 2446 2447 2254
3 2448 2256 2255
3 2447 2448 2255
3 2449 2257 2256
3 2448 2449 2256
3 2450 2258 2257
3 2449 2450 2257
3 2451 2259 2258
3 2450 2451 2258
3 2452 2260 2259
3 2451 2452 2259
3 2453 2261 2260
3 2452 2453 2260
3 2454 2262 2261
3 2453 2454 2261
3 2455 2263 2262
3 2454 2455 2262
3 2456 2264 2263
3 2455 2456 2263
3 2457 2265 2264
3 2456 2457 2264
3 2458 2266 2265
3 2457 2458 2265
3 2459 2267 2266
3 2458 2459 2266
3 2460 2268 2267
3 2459 2460 2267
3 2461 2269 2268
3 2460 2461 2268
3 2462 2270 2269
3 2461 2462 2269
3 2463 2271 2270
3 2462 2463 2270
3 2464 2272 2271
3 2463 2464 2271
3 2465 2273 2272
3 2464 2465 2272
3 2466 2274 2273
3 2465 2466 2273
3 2467 2275 2274
3 2466 2467 2274
3 2468 2276 2275
3 2467 2468 2275
3 2469 2277 2276
3 2468 2469 2276
3 2470 2278 2277
3 2469 2470 2277
3 2471 2279 2278
3 2470 2471 2278
3 2472 2280 2279
3 2471 2472 2279
3 2473 2281 2280
3 2472 2473 2280
3 2474 2282 2281
3 2473 2474 2281
3 2475 2283 2282
3 2474 2475 2282
3 2476 2284 2283
3 2475 2476 2283
3 2477 2285 2284
3 2476 2477 2284
3 2478 2286 2285
3 2477 2478 2285
3 2479 2287 2286
3 2478 2479 2286
3 2480 2288 2287
3 2479 2480 2287
3 2481 2289 2288
3 2480 2481 2288
3 2482 2290 2289
3 2481 2482 2289
3 2483 2291 2290
3 2482 2483 2290
3 2484 2292 2291
3 2483 2484 2291
3 2485 2293 2292
3 2484 2485 2292
3 2486 2294 2293
3 2485 2486 2293
3 2487 2295 2294
3 2486 2487 2294
3 2488 2296 2295
3 2487 2488 2295
3 2489 2297 2296
3 2488 2489 2296
3 2490 2298 2297
3 2489 2490 2297
3 2491 2299 2298
3 2490 2491 2298
3 2492 2300 2299
3 2491 2492 2299
3 2493 2301 2300
3 2492 2493 2300
3 2494 2302 2301
3 2493 2494 2301
3 2495 2303 2302
3 2494 2495 2302
3 2496 2304 2303
3 2495 2496 2303
3 2497 2305 2304
3 2496 2497 2304
3 2498 2306 2305
3 2497 2498 2305
3 2499 2307 2306
3 2498 2499 2306
3 2500 2308 2307
3 2499 2500 2307
3 2501 2309 2308
3 2500 2501 2308
3 2502 2310 2309
3 2501 2502 2309
3 2503 2311 2310
3 2502 2503 2310
3 2504 2312 2311
3 2503 2504 2311
3 2505 2313 2312
3 2504 2505 2312
3 2506 2314 2313
3 2505 2506 2313
3 2507 2315 2314
3 2506 2507 2314
3 2508 2316 2315
3 2507 2508 2315
3 2509 2317 2316
3 2508 2509 2316
3 2510 2318 2317
3 2509 2510 2317
3 2511 2319 2318
3 2510 2511 2318
3 2512 2320 2319
3 2511 2512 2319
3 2513 2321 2320
3 2512 2513 2320
3 2514 2322 2321
3 2513 2514 2321
3 2515 2323 2322
3 2514 2515 2322
3 2516 2324 2323
3 2515 2516 2323
3 2517 2325 2324
3 2516 2517 2324
3 2518 2326 2325
3 2517 2518 2325
3 2519 2327 2326
3 2518 2519 2326
3 2520 2328 2327
3 2519 2520 2327
3 2521 2329 2328
3 2520 2521 2328
3 2522 2330 2329
3 2521 2522 2329
3 2523 2331 2330
3 2522 2523 2330
3 2524 2332 2331
3 2523 2524 2331
3 2525 2333 2332
3 2524 2525 2332
3 2526 2334 2333
3 2525 2526 2333
3 2527 2335 2334
3 2526 2527 2334
3 2528 2336 2335
3 2527 2528 2335
3 2529 2337 2336
3 2528 2529 2336
3 2530 2338 2337
3 2529 2530 2337
3 2531 2339 2338
3 2530 2531 2338
3 2532 2340 2339
3 2531 2532 2339
3 2533 2341 2340
3 2532 2533 2340
3 2534 2342 2341
3 2533 2534 2341
3 2535 2343 2342
3 2534 2535 2342
3 2536 2344 2343
3 2535 2536 2343
3 2537 2345 2344
3 2536 2537 2344
3 2538 2346 2345
3 2537 2538 2345
3 2539 2347 2346
3 2538 2539 2346
3 2540 2348 2347
3 2539 2540 2347
3 2541 2349 2348
3 2540 2541 2348
3 2542 2350 2349
3 2541 2542 2349
3 2543 2351 2350
3 2542 2543 2350
3 2544 2352 2351
3 2543 2544 2351
3 2545 2353 2352
3 2544 2545 2352
3 2546 2354 2353
3 2545 2546 2353
3 2547 2355 2354
3 2546 2547 2354
3 2548 2356 2355
3 2547 2548 2355
3 2549 2357 2356
3 2548 2549 2356
3 2550 2358 2357
3 2549 2550 2357
3 2551 2359 2358
3 2550 2551 2358
3 2552 2360 2359
3 2551 2552 2359
3 2553 2361 2360
3 2552 2553 2360
3 2554 2362 2361
3 2553 2554 2361
3 2555 2363 2362
3 2554 2555 2362
3 2556 2364 2363
3 2555 2556 2363
3 2557 2365 2364
3 2556 2557 2364
3 2558 2366 2365
3 2557 2558 2365
3 2559 2367 2366
3 2558 2559 2366
3 2560 2368 2367
3 2559 2560 2367
3 2561 2369 2368
3 2560 2561 2368
3 2562 2370 2369
3 2561 2562 2369
3 2563 2371 2370
3 2562 2563 2370
3 2564 2372 2371
3 2563 2564 2371
3 2565 2373 2372
3 2564 2565 2372
3 2374 2182 2373
3 2565 2374 2373
3 1606 1991 1990
3 1606 1607 1991
3 1607 1992 1991
3 1607 1608 1992
3 1608 1993 1992
3 1608 1609 1993
3 1609 1994 1993
3 1609 1610 1994
3 1610 1995 1994
3 1610 1611 1995
3 1611 1996 1995
3 1611 1612 1996
3 1612 1997 1996
3 1612 1613 1997
3 1613 1998 1997
3 1613 1614 1998
3 1614 1999 1998
3 1614 1615 1999
3 1615 2000 1999
3 1615 1616 2000
3 1616 2001 2000
3 1616 1617 2001
3 1617 2002 2001
3 1617 1618 2002
3 1618 2003 2002
3 1618 1619 2003
3 1619 2004 2003
3 1619 1620 2004
3 1620 2005 2004
3 1620 1621 2005
3 1621 2006 2005
3 1621 1622 2006
3 1622 2007 2006
3 1622 1623 2007
3 1623 2008 2007
3 1623 1624 2008
3 1624 2009 2008
3 1624 1625 2009
3 1625 2010 2009
3 1625 1626 2010
3 1626 2011 2010
3 1626 1627 2011
3 1627 2012 2011
3 1627 1628 2012
3 1628 2013 2012
3 1628 1629 2013
3 1629 2014 2013
3 1629 1630 2014
3 1630 2015 2014
3 1630 1631 2015
3 1631 2016 2015
3 1631 1632 2016
3 1632 2017 2016
3 1632 1633 2017
3 1633 2018 2017
3 1633 1634 2018
3 1634 2019 2018
3 1634 1635 2019
3 1635 2020 2019
3 1635 1636 2020
3 1636 2021 2020
3 1636 1637 2021
3 1637 2022 2021
3 1637 1638 2022
3 1638 2023 2022
3 1638 1639 2023
3 1639 2024 2023
3 1639 1640 2024
3 1640 2025 2024
3 1640 1641 2025
3 1641 2026 2025
3 1641 1642 2026
3 1642 2027 2026
3 1642 1643 2027
3 1643 2028 2027
3 1643 1644 2028
3 1644 2029 2028
3 1644 1645 2029
3 1645 2030 2029
3 1645 1646 2030
3 1646 2031 2030
3 1646 1647 2031
3 1647 2032 2031
3 1647 1648 2032
3 1648 2033 2032
3 1648 1649 2033
3 1649 2034 2033
3 1649 1650 2034
3 1650 2035 2034
3 1650 1651 2035
3 1651 2036 2035
3 1651 1652 2036
3 1652 2037 2036
3 1652 1653 2037
3 1653 2038 2037
3 1653 1654 2038
3 1654 2039 2038
3 1654 1655 2039
3 1655 2040 2039
3 1655 1656 2040
3 1656 2041 2040
3 1656 1657 2041
3 1657 2042 2041
3 1657 1658 2042
3 1658 2043 2042
3 1658 1659 2043
3 1659 2044 2043
3 1659 1660 2044
3 1660 2045 2044
3 1660 1661 2045
3 1661 2046 2045
3 1661 1662 2046
3 1662 2047 2046
3 1662 1663 2047
3 1663 2048 2047
3 1663 1664 2048
3 1664 2049 2048
3 1664 1665 2049
3 1665 2050 2049
3 1665 1666 2050
3 1666 2051 2050
3 1666 1667 2051
3 1667 2052 2051
3 1667 1668 2052
3 1668 2053 2052
3 1668 1669 2053
3 1669 2054 2053
3 1669 1670 2054
3 1670 2055 2054
3 1670 1671 2055
3 1671 2056 2055
3 1671 1672 2056
3 1672 2057 2056
3 1672 1673 2057
3 1673 2058 2057
3 1673 1674 2058
3 1674 2059 2058
3 1674 1675 2059
3 1675 2060 2059
3 1675 1676 2060
3 1676 2061 2060
3 1676 1677 2061
3 1677 2062 2061
3 1677 1678 2062
3 1678 2063 2062
3 1678 1679 2063
3 1679 2064 2063
3 1679 1680 2064
3 1680 2065 2064
3 1680 1681 2065
3 1681 2066 2065
3 1681 1682 2066
3 1682 2067 2066
3 1682 1683 2067
3 1683 2068 2067
3 1683 1684 2068
3 1684 2069 2068
3 1684 1685 2069
3 1685 2070 2069
3 1685 1686 2070
3 1686 2071 2070
3 1686 1687 2071
3 1687 2072 2071
3 1687 1688 2072
3 1688 2073 2072
3 1688 1689 2073
3 1689 2074 2073
3 1689 1690 2074
3 1690 2075 2074
3 1690 1691 2075
3 1691 2076 2075
3 1691 1692 2076
3 1692 2077 2076
3 1692 1693 2077
3 1693 2078 2077
3 1693 1694 2078
3 1694 2079 2078
3 1694 1695 2079
3 1695 2080 2079
3 1695 1696 2080
3 1696 2081 2080
3 1696 1697 2081
3 1697 2082 2081
3 1697 1698 2082
3 1698 2083 2082
3 1698 1699 2083
3 1699 2084 2083
3 1699 1700 2084
3 1700 2085 2084
3 1700 1701 2085
3 1701 2086 2085
3 1701 1702 2086
3 1702 2087 2086
3 1702 1703 2087
3 1703 2088 2087
3 1703 1704 2088
3 1704 2089 2088
3 1704 1705 2089
3 1705 2090 2089
3 1705 1706 2090
3 1706 2091 2090
3 1706 1707 2091
3 1707 2092 2091
3 1707 1708 2092
3 1708 2093 2092
3 1708 1709 2093
3 1709 2094 2093
3 1709 1710 2094
3 1710 2095 2094
3 1710 1711 2095
3 1711 2096 2095
3 1711 1712 2096
3 1712 2097 2096
3 1712 1713 2097
3 1713 2098 2097
3 1713 1714 2098
3 1714 2099 2098
3 1714 1715 2099
3 1715 2100 2099
3 1715 1716 2100
3 1716 2101 2100
3 1716 1717 2101
3 1717 2102 2101
3 1717 1718 2102
3 1718 2103 2102
3 1718 1719 2103
3 1719 2104 2103
3 1719 1720 2104
3 1720 2105 2104
3 1720 1721 2105
3 1721 2106 2105
3 1721 1722 2106
3 1722 2107 2106
3 1722 1723 2107
3 1723 2108 2107
3 1723 1724 2108
3 1724 2109 2108
3 1724 1725 2109
3 1725 2110 2109
3 1725 1726 2110
3 1726 2111 2110
3 1726 1727 2111
3 1727 2112 2111
3 1727 1728 2112
3 1728 2113 2112
3 1728 1729 2113
3 1729 2114 2113
3 1729 1730 2114
3 1730 2115 2114
3 1730 1731 2115
3 1731 2116 2115
3 1731 1732 2116
3 1732 2117 2116
3 1732 1733 2117
3 1733 2118 2117
3 1733 1734 2118
3 1734 2119 2118
3 1734 1735 2119
3 1735 2120 2119
3 1735 1736 2120
3 1736 2121 2120
3 1736 1737 2121
3 1737 2122 2121
3 1737 1738 2122
3 1738 2123 2122
3 1738 1739 2123
3 1739 2124 2123
3 1739 1740 2124
3 1740 2125 2124
3 1740 1741 2125
3 1741 2126 2125
3 1741 1742 2126
3 1742 2127 2126
3 1742 1743 2127
3 1743 2128 2127
3 1743 1744 2128
3 1744 2129 2128
3 1744 1745 2129
3 1745 2130 2129
3 1745 1746 2130
3 1746 2131 2130
3 1746 1747 2131
3 1747 2132 2131
3 1747 1748 2132
3 1748 2133 2132
3 1748 1749 2133
3 1749 2134 2133
3 1749 1750 2134
3 1750 2135 2134
3 1750 1751 2135
3 1751 2136 2135
3 1751 1752 2136
3 1752 2137 2136
3 1752 1753 2137
3 1753 2138 2137
3 1753 1754 2138
3 1754 2139 2138
3 1754 1755 2139
3 1755 2140 2139
3 1755 1756 2140
3 1756 2141 2140
3 1756 1757 2141
3 1757 2142 2141
3 1757 1758 2142
3 1758 2143 2142
3 1758 1759 2143
3 1759 2144 2143
3 1759 1760 2144
3 1760 2145 2144
3 1760 1761 2145
3 1761 2146 2145
3 1761 1762 2146
3 1762 2147 2146
3 1762 1763 2147
3 1763 2148 2147
3 1763 1764 2148
3 1764 2149 2148
3 1764 1765 2149
3 1765 2150 2149
3 1765 1766 2150
3 1766 2151 2150
3 1766 1767 2151
3 1767 2152 2151
3 1767 1768 2152
3 1768 2153 2152
3 1768 1769 2153
3 1769 2154 2153
3 1769 1770 2154
3 1770 2155 2154
3 1770 1771 2155
3 1771 2156 2155
3 1771 1772 2156
3 1772 2157 2156
3 1772 1773 2157
3 1773 2158 2157
3 1773 1774 2158
3 1774 2159 2158
3 1774 1775 2159
3 1775 2160 2159
3 1775 1776 2160
3 1776 2161 2160
3 1776 1777 2161
3 1777 2162 2161
3 1777 1778 2162
3 1778 2163 2162
3 1778 1779 2163
3 1779 2164 2163
3 1779 1780 2164
3 1780 2165 2164
3 1780 1781 2165
3 1781 2166 2165
3 1781 1782 2166
3 1782 2167 2166
3 1782 1783 2167
3 1783 2168 2167
3 1783 1784 2168
3 1784 2169 2168
3 1784 1785 2169
3 1785 2170 2169
3 1785 1786 2170
3 1786 2171 2170
3 1786 1787 2171
3 1787 2172 2171
3 1787 1788 2172
3 1788 2173 2172
3 1788 1789 2173
3 1789 2174 2173
3 1789 1790 2174
3 1790 2175 2174
3 1790 1791 2175
3 1791 2176 2175
3 1791 1792 2176
3 1792 2177 2176
3 1792 1793 2177
3 1793 2178 2177
3 1793 1794 2178
3 1794 2179 2178
3 1794 1795 2179
3 1795 2180 2179
3 1795 1796 2180
3 1796 2181 2180
3 1796 1797 2181
3 1797 1990 2181
3 1797 1606 1990
3 2374 1798 1799
3 2374 1799 2375
3 2375 1799 1800
3 2375 1800 2376
3 2376 1800 1801
3 2376 1801 2377
3 2377 1801 1802
3 2377 1802 2378
3 2378 1802 1803
3 2378 1803 2379
3 2379 1803 1804
3 2379 1804 2380
3 2380 1804 1805
3 2380 1805 2381
3 2381 1805 1806
3 2381 1806 2382
3 2382 1806 1807
3 2382 1807 2383
3 2383 1807 1808
3 2383 1808 2384
3 2384 1808 1809
3 2384 1809 2385
3 2385 1809 1810
3 2385 1810 2386
3 2386 1810 1811
3 2386 1811 2387
3 2387 1811 1812
3 2387 1812 2388
3 2388 1812 1813
3 2388 1813 2389
3 2389 1813 1814
3 2389 1814 2390
3 2390 1814 1815
3 2390 1815 2391
3 2391 1815 1816
3 2391 1816 2392
3 2392 1816 1817
3 2392 1817 2393
3 2393 1817 1818
3 2393 1818 2394
3 2394 1818 1819
3 2394 1819 2395
3 2395 1819 1820
3 2395 1820 2396
3 2396 1820 1821
3 2396 1821 2397
3 2397 1821 1822
3 2397 1822 2398
3 2398 1822 1823
3 2398 1823 2399
3 2399 1823 1824
3 2399 1824 2400
3 2400 1824 1825
3 2400 1825 2401
3 2401 1825 1826
3 2401 1826 2402
3 2402 1826 1827
3 2402 1827 2403
3 2403 1827 1828
3 2403 1828 2404
3 2404 1828 1829
3 2404 1829 2405
3 2405 1829 1830
3 2405 1830 2406
3 2406 1830 1831
3 2406 1831 2407
3 2407 1831 1832
3 2407 1832 2408
3 2408 1832 1833
3 2408 1833 2409
3 2409 1833 1834
3 2409 1834 2410
3 2410 1834 1835
3 2410 1835 2411
3 2411 1835 1836
3 2411 1836 2412
3 2412 1836 1837
3 2412 1837 2413
3 2413 1837 1838
3 2413 1838 2414
3 2414 1838 1839
3 2414 1839 2415
3 2415 1839 1840
3 2415 1840 2416
3 2416 1840 1841
3 2416 1841 2417
3 2417 1841 1842
3 2417 1842 2418
3 2418 1842 1843
3 2418 1843 2419
3 2419 1843 1844
3 2419 1844 2420
3 2420 1844 1845
3 2420 1845 2421
3 2421 1845 1846
3 2421 1846 2422
3 2422 1846 1847
3 2422 1847 2423
3 2423 1847 1848
3 2423 1848 2424
3 2424 1848 1849
3 2424 1849 2425
3 2425 1849 1850
3 2425 1850 2426
3 2426 1850 1851
3 2426 1851 2427
3 2427 1851 1852
3 2427 1852 2428
3 2428 1852 1853
3 2428 1853 2429
3 2429 1853 1854
3 2429 1854 2430
3 2430 1854 1855
3 2430 1855 2431
3 2431 1855 1856
3 2431 1856 2432
3 2432 1856 1857
3 2432 1857 2433
3 2433 1857 1858
3 2433 1858 2434
3 2434 1858 1859
3 2434 1859 2435
3 2435 1859 1860
3 2435 1860 2436
3 2436 1860 1861
3 2436 1861 2437
3 2437 1861 1862
3 2437 1862 2438
3 2438 1862 1863
3 2438 1863 2439
3 2439 1863 1864
3 2439 1864 2440
3 2440 1864 1865
3 2440 1865 2441
3 2441 1865 1866
3 2441 1866 2442
3 2442 1866 1867
3 2442 1867 2443
3 2443 1867 1868
3 2443 1868 2444
3 2444 1868 1869
3 2444 1869 2445
3 2445 1869 1870
3 2445 1870 2446
3 2446 1870 1871
3 2446 1871 2447
3 2447 1871 1872
3 2447 1872 2448
3 2448 1872 1873
3 2448 1873 2449
3 2449 1873 1874
3 2449 1874 2450
3 2450 1874 1875
3 2450 1875 2451
3 2451 1875 1876
3 2451 1876 2452
3 2452 1876 1877
3 2452 1877 2453
3 2453 1877 1878
3 2453 1878 2454
3 2454 1878 1879
3 2454 1879 2455
3 2455 1879 1880
3 2455 1880 2456
3 2456 1880 1881
3 2456 1881 2457
3 2457 1881 1882
3 2457 1882 2458
3 2458 1882 1883
3 2458 1883 2459
3 2459 1883 1884
3 2459 1884 2460
3 2460 1884 1885
3 2460 1885 2461
3 2461 1885 1886
3 2461 1886 2462
3 2462 1886 1887
3 2462 1887 2463
3 2463 1887 1888
3 2463 1888 2464
3 2464 1888 1889
3 2464 1889 2465
3 2465 1889 1890
3 2465 1890 2466
3 2466 1890 1891
3 2466 1891 2467
3 2467 1891 1892
3 2467 1892 2468
3 2468 1892 1893
3 2468 1893 2469
3 2469 1893 1894
3 2469 1894 2470
3 2470 1894 1895
3 2470 1895 2471
3 2471 1895 1896
3 2471 1896 2472
3 2472 1896 1897
3 2472 1897 2473
3 2473 1897 1898
3 2473 1898 2474
3 2474 1898 1899
3 2474 1899 2475
3 2475 1899 1900
3 2475 1900 2476
3 2476 1900 1901
3 2476 1901 2477
3 2477 1901 1902
3 2477 1902 2478
3 2478 1902 1903
3 2478 1903 2479
3 2479 1903 1904
3 2479 1904 2480
3 2480 1904 1905
3 2480 1905 2481
3 2481 1905 1906
3 2481 1906 2482
3 2482 1906 1907
3 2482 1907 2483
3 2483 1907 1908
3 2483 1908 2484
3 2484 1908 1909
3 2484 1909 2485
3 2485 1909 1910
3 2485 1910 2486
3 2486 1910 1911
3 2486 1911 2487
3 2487 1911 1912
3 2487 1912 2488
3 2488 1912 1913
3 2488 1913 2489
3 2489 1913 1914
3 2489 1914 2490
3 2490 1914 1915
3 2490 1915 2491
3 2491 1915 1916
3 2491 1916 2492
3 2492 1916 1917
3 2492 1917 2493
3 2493 1917 1918
3 2493 1918 2494
3 2494 1918 1919
3 2494 1919 2495
3 2495 1919 1920
3 2495 1920 2496
3 2496 1920 1921
3 2496 1921 2497
3 2497 1921 1922
3 2497 1922 2498
3 2498 1922 1923
3 2498 1923 2499
3 2499 1923 1924
3 2499 1924 2500
3 2500 1924 1925
3 2500 1925 2501
3 2501 1925 1926
3 2501 1926 2502
3 2502 1926 1927
3 2502 1927 2503
3 2503 1927 1928
3 2503 1928 2504
3 2504 1928 1929
3 2504 1929 2505
3 2505 1929 1930
3 2505 1930 2506
3 2506 1930 1931
3 2506 1931 2507
3 2507 1931 1932
3 2507 1932 2508
3 2508 1932 1933
3 2508 1933 2509
3 2509 1933 1934
3 2509 1934 2510
3 2510 1934 1935
3 2510 1935 2511
3 2511 1935 1936
3 2511 1936 2512
3 2512 1936 1937
3 2512 1937 2513
3 2513 1937 1938
3 2513 1938 2514
3 2514 1938 1939
3 2514 1939 2515
3 2515 1939 1940
3 2515 1940 2516
3 2516 1940 1941
3 2516 1941 2517
3 2517 1941 1942
3 2517 1942 2518
3 2518 1942 1943
3 2518 1943 2519
3 2519 1943 1944
3 2519 1944 2520
3 2520 1944 1945
3 2520 1945 2521
3 2521 1945 1946
3 2521 1946 2522
3 2522 1946 1947
3 2522 1947 2523
3 2523 1947 1948
3 2523 1948 2524
3 2524 1948 1949
3 2524 1949 2525
3 2525 1949 1950
3 2525 1950 2526
3 2526 1950 1951
3 2526 1951 2527
3 2527 1951 1952
3 2527 1952 2528
3 2528 1952 1953
3 2528 1953 2529
3 2529 1953 1954
3 2529 1954 2530
3 2530 1954 1955
3 2530 1955 2531
3 2531 1955 1956
3 2531 1956 2532
3 2532 1956 1957
3 2532 1957 2533
3 2533 1957 1958
3 2533 1958 2534
3 2534 1958 1959
3 2534 1959 2535
3 2535 1959 1960
3 2535 1960 2536
3 2536 1960 1961
3 2536 1961 2537
3 2537 1961 1962
3 2537 1962 2538
3 2538 1962 1963
3 2538 1963 2539
3 2539 1963 1964
3 2539 1964 2540
3 2540 1964 1965
3 2540 1965 2541
3 2541 1965 1966
3 2541 1966 2542
3 2542 1966 1967
3 2542 1967 2543
3 2543 1967 1968
3 2543 1968 2544
3 2544 1968 1969
3 2544 1969 2545
3 2545 1969 1970
3 2545 1970 2546
3 2546 1970 1971
3 2546 1971 2547
3 2547 1971 1972
3 2547 1972 2548
3 2548 1972 1973
3 2548 1973 2549
3 2549 1973 1974
3 2549 1974 2550
3 2550 1974 1975
3 2550 1975 2551
3 2551 1975 1976
3 2551 1976 2552
3 2552 1976 1977
3 2552 1977 2553
3 2553 1977 1978
3 2553 1978 2554
3 2554 1978 1979
3 2554 1979 2555
3 2555 1979 1980
3 2555 1980 2556
3 2556 1980 1981
3 2556 1981 2557
3 2557 1981 1982
3 2557 1982 2558
3 2558 1982 1983
3 2558 1983 2559
3 2559 1983 1984
3 2559 1984 2560
3 2560 1984 1985
3 2560 1985 2561
3 2561 1985 1986
3 2561 1986 2562
3 2562 1986 1987
3 2562 1987 2563
3 2563 1987 1988
3 2563 1988 2564
3 2564 1988 1989
3 2564 1989 2565
3 2565 1989 1798
3 2565 1798 2374
3 422 421 2219
3 2211 413 412
3 421 420 2219
3 568 2620 2621
3 2579 396 395
3 2569 387 386
3 408 407 2205
3 407 2586 2205
3 2585 404 403
3 2584 2585 403
3 2580 396 2579
3 396 2580 397
3 2302 2303 504
3 510 2307 2308
3 510 509 2307
3 542 2340 543
3 2586 2204 2205
3 408 2207 409
3 2211 414 413
3 2211 2212 414
3 444 443 2241
3 2241 443 442
3 2618 566 565
3 2626 573 572
3 567 2620 568
3 2621 569 568
3 385 384 2567
3 391 390 2574
3 406 2586 407
3 402 2584 403
3 402 401 2583
3 2584 402 2583
3 2582 400 399
3 400 2582 2583
3 401 400 2583
3 574 2628 575
3 2581 2582 399
3 398 2581 399
3 2581 398 397
3 2581 397 2580
3 505 504 2303
3 506 505 2303
3 2305 507 506
3 508 2307 509
3 508 507 2305
3 2671 2672 488
3 490 2674 491
3 502 2682 503
3 2679 498 497
3 2681 500 499
3 496 2679 497
3 2334 537 536
3 531 2330 532
3 532 2330 533
3 2330 2331 533
3 2609 2352 2353
3 2339 542 541
3 542 2339 2340
3 540 2339 541
3 543 2342 544
3 2588 2200 2201
3 2191 2593 2190
3 2589 2200 2588
3 2597 2185 2596
3 412 411 2209
3 2219 2220 422
3 2223 424 2222
3 2226 428 427
3 2226 2227 429
3 2226 429 428
3 426 2224 427
3 2206 408 2205
3 408 2206 2207
3 2217 420 419
3 418 2217 419
3 2210 2211 412
3 2210 412 2209
3 415 2213 416
3 2213 415 414
3 2213 414 2212
3 462 2645 463
3 2645 464 463
3 446 2244 447
3 2240 2241 442
3 442 441 2240
3 441 2239 2240
3 2253 455 454
3 2253 2254 456
3 455 2253 456
3 453 452 2251
3 454 453 2251
3 2248 2249 450
3 2249 451 450
3 2249 452 451
3 2619 2620 567
3 2619 566 2618
3 566 2619 567
3 553 2610 554
3 2609 2610 2352
3 2614 561 560
3 573 2627 574
3 2627 573 2626
3 574 2627 2628
3 2578 394 2577
3 394 2578 395
3 395 2578 2579
3 394 393 2577
3 2577 393 2576
3 393 392 2576
3 2586 405 2585
3 405 2586 406
3 405 404 2585
3 386 2568 2569
3 2567 2568 385
3 2568 386 385
3 2629 384 575
3 2629 575 2628
3 2306 2307 508
3 2305 2306 508
3 2672 489 488
3 488 487 2671
3 2675 492 491
3 2675 491 2674
3 2680 499 498
3 499 2680 2681
3 2679 2680 498
3 501 500 2681
3 501 2682 502
3 2682 501 2681
3 534 2332 535
3 2332 534 533
3 2331 2332 533
3 2328 531 530
3 2328 530 529
3 539 2337 540
3 2337 539 538
3 2341 543 2340
3 543 2341 2342
3 2343 545 544
3 2343 544 2342
3 2354 2609 2353
3 2609 2354 2608
3 2354 2355 2608
3 2371 2600 2370
3 2600 2371 2599
3 2371 2372 2599
3 2600 2601 2370
3 2604 2363 2364
3 2201 2202 2588
3 2593 2594 2190
3 2595 2188 2594
3 2596 2186 2595
3 2186 2596 2185
3 410 2208 2209
3 410 2209 411
3 2208 410 2207
3 410 409 2207
3 2223 425 424
3 426 425 2224
3 425 2223 2224
3 423 2222 424
3 423 422 2220
3 427 2225 2226
3 2225 427 2224
3 2218 2219 420
3 2218 420 2217
3 418 2216 2217
3 2216 418 417
3 2216 417 2215
3 2214 416 2213
3 2214 417 416
3 417 2214 2215
3 2245 447 2244
3 432 2231 433
3 452 2250 2251
3 2250 452 2249
3 555 554 2610
3 553 2351 2610
3 2351 2352 2610
3 552 2351 553
3 2351 552 2350
3 2615 562 561
3 2615 561 2614
3 562 2615 563
3 557 2612 558
3 559 2613 560
3 560 2613 2614
3 2613 559 558
3 2613 558 2612
3 572 571 2624
3 572 2625 2626
3 2625 572 2624
3 2622 570 569
3 2621 2622 569
3 390 2573 2574
3 2573 390 389
3 384 2566 2567
3 2566 384 2629
3 2304 506 2303
3 506 2304 2305
3 2301 2302 504
3 2301 504 503
3 2682 2301 503
3 2301 2682 2300
3 2269 2635 2268
3 2672 2673 489
3 490 2673 2674
3 2673 490 489
3 492 2676 493
3 2676 492 2675
3 2333 535 2332
3 2333 2334 536
3 2333 536 535
3 531 2329 2330
3 2329 531 2328
3 528 2327 529
3 529 2327 2328
3 540 2338 2339
3 2338 540 2337
3 2336 538 537
3 538 2336 2337
3 546 545 2343
3 2345 548 547
3 2345 547 546
3 2349 552 551
3 552 2349 2350
3 2349 551 550
3 2349 550 2348
3 2369 2370 2601
3 2367 2368 2602
3 2602 2368 2601
3 2601 2368 2369
3 2362 2605 2361
3 2362 2604 2605
3 2604 2362 2363
3 2603 2604 2364
3 2603 2364 2365
3 2366 2367 2602
3 2366 2602 2603
3 2365 2366 2603
3 2203 2587 2202
3 2587 2588 2202
3 2586 2587 2204
3 2587 2203 2204
3 2199 2200 2589
3 2183 2597 2598
3 2189 2190 2594
3 2189 2594 2188
3 2595 2187 2188
3 2187 2595 2186
3 2221 2222 423
3 2220 2221 423
3 471 2652 472
3 475 474 2655
3 469 468 2649
3 470 2651 471
3 2651 2652 471
3 2648 468 467
3 468 2648 2649
3 2247 449 448
3 449 2247 450
3 2247 2248 450
3 2242 444 2241
3 2229 432 431
3 2238 440 2237
3 440 2238 441
3 2238 2239 441
3 440 439 2237
3 2236 438 437
3 2235 2236 437
3 438 2236 439
3 2236 2237 439
3 2616 564 563
3 2616 563 2615
3 556 2611 557
3 557 2611 2612
3 2611 556 555
3 2610 2611 555
3 2623 570 2622
3 570 2623 571
3 2623 2624 571
3 2570 387 2569
3 387 2570 388
3 388 2570 2571
3 2574 2575 391
3 2575 392 391
3 392 2575 2576
3 389 2572 2573
3 388 2572 389
3 2572 388 2571
3 2299 2683 2298
3 2682 2683 2300
3 2683 2299 2300
3 2252 454 2251
3 454 2252 2253
3 2254 2255 456
3 2255 457 456
3 2281 2693 2280
3 2690 2691 2284
3 2284 2691 2283
3 2643 460 459
3 2643 461 460
3 2677 494 493
3 2677 493 2676
3 494 2677 495
3 2325 528 527
3 2334 2335 537
3 537 2335 2336
3 2343 2344 546
3 546 2344 2345
3 2346 548 2345
3 2355 2356 2608
3 2608 2356 2607
3 2356 2357 2607
3 2589 2198 2199
3 2590 2198 2589
3 2198 2590 2197
3 2590 2196 2197
3 2196 2590 2591
3 2195 2196 2591
3 2597 2184 2185
3 2184 2597 2183
3 2598 2182 2183
3 2192 2593 2191
3 2194 2195 2591
3 2592 2593 2192
3 2193 2592 2192
3 2591 2592 2194
3 2592 2193 2194
3 474 2654 2655
3 2654 474 473
3 2658 477 476
3 2658 476 2657
3 2655 2656 475
3 2656 476 475
3 476 2656 2657
3 470 2650 2651
3 2650 470 469
3 2649 2650 469
3 466 2647 467
3 467 2647 2648
3 465 2647 466
3 448 2246 2247
3 447 2246 448
3 2246 447 2245
3 2243 446 445
3 446 2243 2244
3 444 2243 445
3 2243 444 2242
3 435 2234 436
3 2234 435 2233
3 436 2234 437
3 2234 2235 437
3 2232 435 434
3 435 2232 2233
3 2232 434 433
3 2232 433 2231
3 2227 2228 429
3 429 2228 430
3 430 2228 431
3 431 2228 2229
3 432 2230 2231
3 2230 432 2229
3 564 2617 565
3 2617 564 2616
3 565 2617 2618
3 2290 2291 2687
3 2291 2292 2687
3 2688 2290 2687
3 2293 2686 2292
3 2292 2686 2687
3 2686 2293 2294
3 2276 2277 2631
3 2693 2279 2280
3 2275 2276 2631
3 2275 2631 2632
3 2692 2693 2281
3 2285 2690 2284
3 2690 2285 2286
3 2269 2270 2635
3 2644 2645 462
3 461 2644 462
3 2644 461 2643
3 2678 495 2677
3 2678 2679 496
3 495 2678 496
3 528 2326 2327
3 2326 528 2325
3 526 2324 527
3 527 2324 2325
3 2324 526 525
3 2347 550 549
3 550 2347 2348
3 548 2347 549
3 2347 548 2346
3 2372 2373 2599
3 2599 2373 2598
3 2598 2373 2182
3 473 2653 2654
3 2652 2653 472
3 472 2653 473
3 477 2659 478
3 2659 477 2658
3 2289 2290 2688
3 2689 2690 2286
3 2287 2689 2286
3 2296 2685 2295
3 2295 2685 2294
3 2294 2685 2686
3 2632 2274 2275
3 2273 2274 2633
3 2274 2632 2633
3 2281 2282 2692
3 2282 2283 2691
3 2282 2691 2692
3 2630 2278 2279
3 2693 2630 2279
3 2278 2630 2277
3 2630 2631 2277
3 2639 2261 2262
3 2639 2260 2261
3 465 2646 2647
3 2646 465 464
3 2645 2646 464
3 524 2322 525
3 523 2322 524
3 2360 2606 2359
3 2605 2360 2361
3 2360 2605 2606
3 2357 2358 2607
3 2358 2606 2607
3 2606 2358 2359
3 478 2660 479
3 2660 478 2659
3 2688 2288 2289
3 2287 2288 2689
3 2288 2688 2689
3 2684 2296 2297
3 2296 2684 2685
3 2684 2297 2298
3 2684 2298 2683
3 2272 2273 2633
3 2634 2635 2270
3 2271 2634 2270
3 2634 2271 2272
3 2633 2634 2272
3 2256 2642 2255
3 2642 457 2255
3 457 2642 458
3 458 2642 459
3 459 2642 2643
3 2637 2265 2266
3 2265 2637 2264
3 2263 2638 2262
3 2262 2638 2639
3 2638 2263 2264
3 2638 2264 2637
3 525 2323 2324
3 2323 525 2322
3 2320 523 522
3 2661 480 479
3 2661 479 2660
3 2641 2256 2257
3 2256 2641 2642
3 2258 2641 2257
3 2636 2267 2268
3 2636 2268 2635
3 2267 2636 2266
3 2266 2636 2637
3 523 2321 2322
3 2321 523 2320
3 522 521 2320
3 2318 520 519
3 480 2663 481
3 2259 2640 2258
3 2258 2640 2641
3 2640 2259 2260
3 2640 2260 2639
3 2319 2320 521
3 520 2319 521
3 2319 520 2318
3 518 2316 519
3 2662 480 2661
3 480 2662 2663
3 2664 482 481
3 2664 481 2663
3 519 2317 2318
3 2317 519 2316
3 517 2315 518
3 518 2315 2316
3 2315 517 516
3 2665 483 482
3 2665 482 2664
3 2313 516 515
3 514 2313 515
3 516 2314 2315
3 2314 516 2313
3 2312 514 513
3 514 2312 2313
3 2666 483 2665
3 483 2666 484
3 484 2666 2667
3 484 2668 485
3 2668 484 2667
3 513 2311 2312
3 486 2670 487
3 2670 2671 487
3 511 2309 512
3 2309 510 2308
3 510 2309 511
3 486 2669 2670
3 2669 486 485
3 2669 485 2668
3 2310 512 2309
3 2310 513 512
3 513 2310 2311
3 2694 2695 2567
3 2694 2567 2566
3 2695 2696 2568
3 2695 2568 2567
3 2696 2697 2569
3 2696 2569 2568
3 2697 2698 2570
3 2697 2570 2569
3 2698 2699 2571
3 2698 2571 2570
3 2699 2700 2572
3 2699 2572 2571
3 2700 2701 2573
3 2700 2573 2572
3 2701 2702 2574
3 2701 2574 2573
3 2702 2703 2575
3 2702 2575 2574
3 2703 2704 2576
3 2703 2576 2575
3 2704 2705 2577
3 2704 2577 2576
3 2705 2706 2578
3 2705 2578 2577
3 2706 2707 2579
3 2706 2579 2578
3 2707 2708 2580
3 2707 2580 2579
3 2708 2709 2581
3 2708 2581 2580
3 2709 2710 2582
3 2709 2582 2581
3 2710 2711 2583
3 2710 2583 2582
3 2711 2712 2584
3 2711 2584 2583
3 2712 2713 2585
3 2712 2585 2584
3 2713 2714 2586
3 2713 2586 2585
3 2714 2715 2587
3 2714 2587 2586
3 2715 2716 2588
3 2715 2588 2587
3 2716 2717 2589
3 2716 2589 2588
3 2717 2718 2590
3 2717 2590 2589
3 2718 2719 2591
3 2718 2591 2590
3 2719 2720 2592
3 2719 2592 2591
3 2720 2721 2593
3 2720 2593 2592
3 2721 2722 2594
3 2721 2594 2593
3 2722 2723 2595
3 2722 2595 2594
3 2723 2724 2596
3 2723 2596 2595
3 2724 2725 2597
3 2724 2597 2596
3 2725 2726 2598
3 2725 2598 2597
3 2726 2727 2599
3 2726 2599 2598
3 2727 2728 2600
3 2727 2600 2599
3 2728 2729 2601
3 2728 2601 2600
3 2729 2730 2602
3 2729 2602 2601
3 2730 2731 2603
3 2730 2603 2602
3 2731 2732 2604
3 2731 2604 2603
3 2732 2733 2605
3 2732 2605 2604
3 2733 2734 2606
3 2733 2606 2605
3 2734 2735 2607
3 2734 2607 2606
3 2735 2736 2608
3 2735 2608 2607
3 2736 2737 2609
3 2736 2609 2608
3 2737 2738 2610
3 2737 2610 2609
3 2738 2739 2611
3 2738 2611 2610
3 2739 2740 2612
3 2739 2612 2611
3 2740 2741 2613
3 2740 2613 2612
3 2741 2742 2614
3 2741 2614 2613
3 2742 2743 2615
3 2742 2615 2614
3 2743 2744 2616
3 2743 2616 2615
3 2744 2745 2617
3 2744 2617 2616
3 2745 2746 2618
3 2745 2618 2617
3 2746 2747 2619
3 2746 2619 2618
3 2747 2748 2620
3 2747 2620 2619
3 2748 2749 2621
3 2748 2621 2620
3 2749 2750 2622
3 2749 2622 2621
3 2750 2751 2623
3 2750 2623 2622
3 2751 2752 2624
3 2751 2624 2623
3 2752 2753 2625
3 2752 2625 2624
3 2753 2754 2626
3 2753 2626 2625
3 2754 2755 2627
3 2754 2627 2626
3 2755 2756 2628
3 2755 2628 2627
3 2756 2757 2629
3 2756 2629 2628
3 2757 2694 2566
3 2757 2566 2629
3 2758 2695 2694
3 2758 2696 2695
3 2758 2697 2696
3 2758 2698 2697
3 2758 2699 2698
3 2758 2700 2699
3 2758 2701 2700
3 2758 2702 2701
3 2758 2703 2702
3 2758 2704 2703
3 2758 2705 2704
3 2758 2706 2705
3 2758 2707 2706
3 2758 2708 2707
3 2758 2709 2708
3 2758 2710 2709
3 2758 2711 2710
3 2758 2712 2711
3 2758 2713 2712
3 2758 2714 2713
3 2758 2715 2714
3 2758 2716 2715
3 2758 2717 2716
3 2758 2718 2717
3 2758 2719 2718
3 2758 2720 2719
3 2758 2721 2720
3 2758 2722 2721
3 2758 2723 2722
3 2758 2724 2723
3 2758 2725 2724
3 2758 2726 2725
3 2758 2727 2726
3 2758 2728 2727
3 2758 2729 2728
3 2758 2730 2729
3 2758 2731 2730
3 2758 2732 2731
3 2758 2733 2732
3 2758 2734 2733
3 2758 2735 2734
3 2758 2736 2735
3 2758 2737 2736
3 2758 2738 2737
3 2758 2739 2738
3 2758 2740 2739
3 2758 2741 2740
3 2758 2742 2741
3 2758 2743 2742
3 2758 2744 2743
3 2758 2745 2744
3 2758 2746 2745
3 2758 2747 2746
3 2758 2748 2747
3 2758 2749 2748
3 2758 2750 2749
3 2758 2751 2750
3 2758 2752 2751
3 2758 2753 2752
3 2758 2754 2753
3 2758 2755 2754
3 2758 2756 2755
3 2758 2757 2756
3 2758 2694 2757
3 2759 2760 2631
3 2759 2631 2630
3 2760 2761 2632
3 2760 2632 2631
3 2761 2762 2633
3 2761 2633 2632
3 2762 2763 2634
3 2762 2634 2633
3 2763 2764 2635
3 2763 2635 2634
3 2764 2765 2636
3 2764 2636 2635
3 2765 2766 2637
3 2765 2637 2636
3 2766 2767 2638
3 2766 2638 2637
3 2767 2768 2639
3 2767 2639 2638
3 2768 2769 2640
3 2768 2640 2639
3 2769 2770 2641
3 2769 2641 2640
3 2770 2771 2642
3 2770 2642 2641
3 2771 2772 2643
3 2771 2643 2642
3 2772 2773 2644
3 2772 2644 2643
3 2773 2774 2645
3 2773 2645 2644
3 2774 2775 2646
3 2774 2646 2645
3 2775 2776 2647
3 2775 2647 2646
3 2776 2777 2648
3 2776 2648 2647
3 2777 2778 2649
3 2777 2649 2648
3 2778 2779 2650
3 2778 2650 2649
3 2779 2780 2651
3 2779 2651 2650
3 2780 2781 2652
3 2780 2652 2651
3 2781 2782 2653
3 2781 2653 2652
3 2782 2783 2654
3 2782 2654 2653
3 2783 2784 2655
3 2783 2655 2654
3 2784 2785 2656
3 2784 2656 2655
3 2785 2786 2657
3 2785 2657 2656
3 2786 2787 2658
3 2786 2658 2657
3 2787 2788 2659
3 2787 2659 2658
3 2788 2789 2660
3 2788 2660 2659
3 2789 2790 2661
3 2789 2661 2660
3 2790 2791 2662
3 2790 2662 2661
3 2791 2792 2663
3 2791 2663 2662
3 2792 2793 2664
3 2792 2664 2663
3 2793 2794 2665
3 2793 2665 2664
3 2794 2795 2666
3 2794 2666 2665
3 2795 2796 2667
3 2795 2667 2666
3 2796 2797 2668
3 2796 2668 2667
3 2797 2798 2669
3 2797 2669 2668
3 2798 2799 2670
3 2798 2670 2669
3 2799 2800 2671
3 2799 2671 2670
3 2800 2801 2672
3 2800 2672 2671
3 2801 2802 2673
3 2801 2673 2672
3 2802 2803 2674
3 2802 2674 2673
3 2803 2804 2675
3 2803 2675 2674
3 2804 2805 2676
3 2804 2676 2675
3 2805 2806 2677
3 2805 2677 2676
3 2806 2807 2678
3 2806 2678 2677
3 2807 2808 2679
3 2807 2679 2678
3 2808 2809 2680
3 2808 2680 2679
3 2809 2810 2681
3 2809 2681 2680
3 2810 2811 2682
3 2810 2682 2681
3 2811 2812 2683
3 2811 2683 2682
3 2812 2813 2684
3 2812 2684 2683
3 2813 2814 2685
3 2813 2685 2684
3 2814 2815 2686
3 2814 2686 2685
3 2815 2816 2687
3 2815 2687 2686
3 2816 2817 2688
3 2816 2688 2687
3 2817 2818 2689
3 2817 2689 2688
3 2818 2819 2690
3 2818 2690 2689
3 2819 2820 2691
3 2819 2691 2690
3 2820 2821 2692
3 2820 2692 2691
3 2821 2822 2693
3 2821 2693 2692
3 2822 2759 2630
3 2822 2630 2693
3 2823 2760 2759
3 2823 2761 2760
3 2823 2762 2761
3 2823 2763 2762
3 2823 2764 2763
3 2823 2765 2764
3 2823 2766 2765
3 2823 2767 2766
3 2823 2768 2767
3 2823 2769 2768
3 2823 2770 2769
3 2823 2771 2770
3 2823 2772 2771
3 2823 2773 2772
3 2823 2774 2773
3 2823 2775 2774
3 2823 2776 2775
3 2823 2777 2776
3 2823 2778 2777
3 2823 2779 2778
3 2823 2780 2779
3 2823 2781 2780
3 2823 2782 2781
3 2823 2783 2782
3 2823 2784 2783
3 2823 2785 2784
3 2823 2786 2785
3 2823 2787 2786
3 2823 2788 2787
3 2823 2789 2788
3 2823 2790 2789
3 2823 2791 2790
3 2823 2792 2791
3 2823 2793 2792
3 2823 2794 2793
3 2823 2795 2794
3 2823 2796 2795
3 2823 2797 2796
3 2823 2798 2797
3 2823 2799 2798
3 2823 2800 2799
3 2823 2801 2800
3 2823 2802 2801
3 2823 2803 2802
3 2823 2804 2803
3 2823 2805 2804
3 2823 2806 2805
3 2823 2807 2806
3 2823 2808 2807
3 2823 2809 2808
3 2823 2810 2809
3 2823 2811 2810
3 2823 2812 2811
3 2823 2813 2812
3 2823 2814 2813
3 2823 2815 2814
3 2823 2816 2815
3 2823 2817 2816
3 2823 2818 2817
3 2823 2819 2818
3 2823 2820 2819
3 2823 2821 2820
3 2823 2822 2821
3 2823 2759 2822
CELL_DATA 5644
SCALARS region_id int 1
LOOKUP_TABLE default
9
9
9
9
9
9
9
9
9
9
9
9
9
9
9
9
9
9
9
9
9
9
9
9
9
9
9
9
9
9
9
9
9
9
9
9
9
9
9
9
9
9
9
9
9
9
9
9
9
9
9
9
9
9
9
9
9
9
9
9
9
9
9
9
9
9
9
9
9
9
9
9
9
9
9
9
9
9
9
9
9
9
9
9
9
9
9
9
9
9
9
9
9
9
9
9
9
9
9
9
9
9
9
9
9
9
9
9
9
9
9
9
9
9
9
9
9
9
9
9
9
9
9
9
9
9
9
9
9
9
9
9
9
9
9
9
9
9
9
9
9
9
9
9
9
9
9
9
9
9
9
9
9
9
9
9
9
9
9
9
9
9
9
9
9
9
9
9
9
9
9
9
9
9
9
9
9
9
9
9
9
9
9
9
9
9
9
9
9
9
9
9
9
9
9
9
9
9
9
9
9
9
9
9
9
9
9
9
9
9
9
9
9
9
9
9
9
9
9
9
9
9
9
9
9
9
9
9
9
9
9
9
9
9
9
9
9
9
9
9
9
9
9
9
9
9
9
9
9
9
9
9
9
9
9
9
9
9
9
9
9
9
9
9
9
9
9
9
9
9
9
9
9
9
9
9
9
9
9
9
9
9
9
9
9
9
9
9
9
9
9
9
9
9
9
9
9
9
9
9
9
9
9
9
9
9
9
9
9
9
9
9
9
9
9
9
9
9
9
9
9
9
9
9
9
9
9
9
9
9
9
9
9
9
9
9
9
9
9
9
9
9
9
9
9
9
9
9
9
9
9
9
9
9
9
9
9
9
9
9
9
9
9
9
9
9
9
9
9
9
9
9
9
9
9
9
9
9
9
9
9
9
9
9
9
9
9
9
9
9
9
9
9
9
9
9
9
9
9
9
9
9
9
9
9
9
9
9
9
9
9
9
9
9
9
9
9
9
9
9
9
9
9
9
9
9
9
9
9
9
9
9
9
9
9
9
9
9
9
9
9
9
9
9
9
9
9
9
9
9
9
9
9
9
9
9
9
9
9
9
9
9
9
9
9
9
9
9
9
9
9
9
9
9
9
9
9
9
9
9
9
9
9
9
9
9
9
9
9
9
9
9
9
9
9
9
9
9
9
9
9
9
9
9
9
9
9
9
9
9
9
9
9
9
9
9
9
9
9
9
9
9
9
9
9
9
9
9
9
9
9
9
9
9
9
9
9
9
9
9
9
9
9
9
9
9
9
9
9
9
9
9
9
9
9
9
9
9
9
9
9
9
9
9
9
9
9
9
9
9
9
9
9
9
9
9
9
9
9
9
9
9
9
9
9
9
9
9
9
9
9
9
9
9
9
9
9
9
9
9
9
9
9
9
9
9
9
9
9
9
9
9
9
9
9
9
9
9
9
9
9
9
9
9
9
9
9
9
9
9
9
9
9
9
9
9
9
9
9
9
9
9
9
9
9
9
9
9
9
9
9
9
9
9
9
9
9
9
9
9
9
9
9
9
9
9
9
9
9
9
9
9
9
9
9
9
9
9
9
9
9
9
9
9
9
9
9
9
9
9
9
9
9
9
9
9
9
9
9
9
9
9
9
9
9
9
9
9
9
9
9
9
9
9
9
9
9
9
9
9
9
9
9
9
9
9
9
9
9
9
9
9
9
9
9
9
9
9
9
9
9
9
9
9
9
9
9
9
9
9
9
9
9
9
9
9
9
9
9
9
9
9
9
9
9
9
9
9
9
9
9
9
9
9
9
9
9
9
9
9
9
9
9
9
9
9
9
9
9
9
9
9
9
9
9
9
9
9
9
9
9
9
9
9
9
9
9
9
9
9
9
9
9
9
9
9
9
9
9
9
9
9
9
9
9
9
9
9
9
9
9
9
9
9
9
9
9
9
9
9
9
9
9
9
9
9
9
9
9
9
9
9
9
9
9
9
9
9
9
9
9
9
9
9
9
9
9
9
9
9
9
9
9
9
9
9
9
9
9
9
9
9
9
9
9
9
9
9
9
9
9
9
9
9
9
9
9
9
9
9
9
9
9
9
9
9
9
9
9
9
9
9
9
9
9
9
9
9
9
9
9
9
9
9
9
9
9
9
9
9
9
9
9
9
9
9
9
9
9
9
9
9
9
9
9
9
9
9
9
9
9
9
9
9
9
9
9
9
9
9
9
9
9
9
9
9
9
9
9
9
9
9
9
9
9
9
9
9
9
9
9
9
9
9
9
9
9
9
9
9
9
9
9
9
9
9
9
9
9
9
9
9
9
9
9
9
9
9
9
9
9
9
9
9
9
9
9
9
9
9
9
9
9
9
9
9
9
9
9
9
9
9
9
9
9
9
9
9
9
9
9
9
9
9
9
9
9
9
9
9
9
9
9
9
9
9
9
9
9
9
9
9
9
9
9
9
9
9
9
9
9
9
9
9
9
9
9
9
9
9
9
9
9
9
9
9
9
9
9
9
9
9
9
9
9
9
9
9
9
9
9
9
9
9
9
9
9
9
9
9
9
9
9
9
9
9
9
9
9
9
9
9
9
9
9
9
9
9
9
9
9
9
9
9
9
9
9
9
9
9
9
9
9
9
9
9
9
9
9
9
9
9
9
9
9
9
9
9
9
9
9
9
9
9
9
9
9
9
9
9
9
9
9
9
9
9
9
9
9
9
9
9
9
9
9
9
9
9
9
9
9
9
9
9
9
9
9
9
9
9
9
9
9
9
9
9
9
9
9
9
9
9
9
9
9
9
9
9
9
9
9
9
9
9
9
9
9
9
9
9
9
9
9
9
9
9
9
9
9
9
9
9
9
9
9
9
9
9
9
9
9
9
9
9
9
9
9
9
9
9
9
9
9
9
9
9
9
9
9
9
9
9
9
9
9
9
9
9
9
9
9
9
9
9
9
9
9
9
9
9
9
9
9
9
9
9
9
9
9
9
9
9
9
9
9
9
9
9
9
9
9
9
9
9
9
9
9
9
9
9
9
9
9
9
9
9
9
9
9
9
9
9
9
9
9
9
9
9
9
9
9
9
9
9
9
9
9
9
9
9
9
9
9
9
9
9
9
9
9
9
9
9
9
9
9
9
9
9
9
9
9
9
9
9
9
9
9
9
9
9
9
9
9
9
9
9
9
9
9
9
9
9
9
9
9
9
9
9
9
9
9
9
9
9
9
9
9
9
9
9
9
9
9
9
9
9
0
0
0
0
0
0
0
0
0
0
0
0
0
0
0
0
0
0
0
0
0
0
0
0
0
0
0
0
0
0
0
0
0
0
0
0
0
0
0
0
0
0
0
0
0
0
0
0
0
0
0
0
0
0
0
0
0
0
0
0
0
0
0
0
9
9
9
9
9
9
9
9
9
9
9
9
9
9
9
9
9
9
9
9
9
9
9
9
9
9
9
9
9
9
9
9
9
9
9
9
9
9
9
9
9
9
9
9
9
9
9
9
9
9
9
9
9
9
9
9
9
9
9
9
9
9
9
9
9
9
9
9
9
9
9
9
9
9
9
9
9
9
9
9
9
9
9
9
9
9
9
9
9
9
9
9
9
9
9
9
9
9
9
9
9
9
9
9
9
9
9
9
9
9
9
9
9
9
9
9
9
9
9
9
9
9
9
9
9
9
9
9
1
1
1
1
1
1
1
1
1
1
1
1
1
1
1
1
1
1
1
1
1
1
1
1
1
1
1
1
1
1
1
1
1
1
1
1
1
1
1
1
1
1
1
1
1
1
1
1
1
1
1
1
1
1
1
1
1
1
1
1
1
1
1
1
9
9
9
9
9
9
9
9
9
9
9
9
9
9
9
9
9
9
9
9
9
9
9
9
9
9
9
9
9
9
9
9
9
9
9
9
9
9
9
9
9
9
9
9
9
9
9
9
9
9
9
9
9
9
9
9
9
9
9
9
9
9
9
9
9
9
9
9
9
9
9
9
9
9
9
9
9
9
9
9
9
9
9
9
9
9
9
9
9
9
9
9
9
9
9
9
9
9
9
9
9
9
9
9
9
9
9
9
9
9
9
9
9
9
9
9
9
9
9
9
9
9
9
9
9
9
9
9
2
2
2
2
2
2
2
2
2
2
2
2
2
2
2
2
2
2
2
2
2
2
2
2
2
2
2
2
2
2
2
2
2
2
2
2
2
2
2
2
2
2
2
2
2
2
2
2
2
2
2
2
2
2
2
2
2
2
2
2
2
2
2
2
9
9
9
9
9
9
9
9
9
9
9
9
9
9
9
9
9
9
9
9
9
9
9
9
9
9
9
9
9
9
9
9
9
9
9
9
9
9
9
9
9
9
9
9
9
9
9
9
9
9
9
9
9
9
9
9
9
9
9
9
9
9
9
9
9
9
9
9
9
9
9
9
9
9
9
9
9
9
9
9
9
9
9
9
9
9
9
9
9
9
9
9
9
9
9
9
9
9
9
9
9
9
9
9
9
9
9
9
9
9
9
9
9
9
9
9
9
9
9
9
9
9
9
9
9
9
9
9
3
3
3
3
3
3
3
3
3
3
3
3
3
3
3
3
3
3
3
3
3
3
3
3
3
3
3
3
3
3
3
3
3
3
3
3
3
3
3
3
3
3
3
3
3
3
3
3
3
3
3
3
3
3
3
3
3
3
3
3
3
3
3
3
9
9
9
9
9
9
9
9
9
9
9
9
9
9
9
9
9
9
9
9
9
9
9
9
9
9
9
9
9
9
9
9
9
9
9
9
9
9
9
9
9
9
9
9
9
9
9
9
9
9
9
9
9
9
9
9
9
9
9
9
9
9
9
9
9
9
9
9
9
9
9
9
9
9
9
9
9
9
9
9
9
9
9
9
9
9
9
9
9
9
9
9
9
9
9
9
9
9
9
9
9
9
9
9
9
9
9
9
9
9
9
9
9
9
9
9
9
9
9
9
9
9
9
9
9
9
9
9
4
4
4
4
4
4
4
4
4
4
4
4
4
4
4
4
4
4
4
4
4
4
4
4
4
4
4
4
4
4
4
4
4
4
4
4
4
4
4
4
4
4
4
4
4
4
4
4
4
4
4
4
4
4
4
4
4
4
4
4
4
4
4
4
8
8
8
8
8
8
8
8
8
8
8
8
8
8
8
8
8
8
8
8
8
8
8
8
8
8
8
8
8
8
8
8
8
8
8
8
8
8
8
8
8
8
8
8
8
8
8
8
8
8
8
8
8
8
8
8
8
8
8
8
8
8
8
8
8
8
8
8
8
8
8
8
8
8
8
8
8
8
8
8
8
8
8
8
8
8
8
8
8
8
8
8
8
8
8
8
8
8
8
8
8
8
8
8
8
8
8
8
8
8
8
8
8
8
8
8
8
8
8
8
8
8
8
8
8
8
8
8
8
8
8
8
8
8
8
8
8
8
8
8
8
8
8
8
8
8
8
8
8
8
8
8
8
8
8
8
8
8
8
8
8
8
8
8
8
8
8
8
8
8
8
8
8
8
8
8
8
8
8
8
8
8
8
8
8
8
8
8
8
8
8
8
7
7
7
7
7
7
7
7
7
7
7
7
7
7
7
7
7
7
7
7
7
7
7
7
7
7
7
7
7
7
7
7
7
7
7
7
7
7
7
7
7
7
7
7
7
7
7
7
7
7
7
7
7
7
7
7
7
7
7
7
7
7
7
7
7
7
7
7
7
7
7
7
7
7
7
7
7
7
7
7
7
7
7
7
7
7
7
7
7
7
7
7
7
7
7
7
7
7
7
7
7
7
7
7
7
7
7
7
7
7
7
7
7
7
7
7
7
7
7
7
7
7
7
7
7
7
7
7
7
7
7
7
7
7
7
7
7
7
7
7
7
7
7
7
7
7
7
7
7
7
7
7
7
7
7
7
7
7
7
7
7
7
7
7
7
7
7
7
7
7
7
7
7
7
7
7
7
7
7
7
7
7
7
7
7
7
7
7
7
7
7
7
7
7
7
7
7
7
7
7
7
7
7
7
7
7
7
7
7
7
7
7
7
7
7
7
7
7
7
7
7
7
7
7
7
7
7
7
7
7
7
7
7
7
7
7
7
7
7
7
7
7
7
7
7
7
7
7
7
7
7
7
7
7
7
7
7
7
7
7
7
7
7
7
7
7
7
7
7
7
7
7
7
7
7
7
7
7
7
7
7
7
7
7
7
7
7
7
7
7
7
7
7
7
7
7
7
7
7
7
7
7
7
7
7
7
7
7
7
7
7
7
7
7
7
7
7
7
7
7
7
7
7
7
7
7
7
7
7
7
7
7
7
7
7
7
7
7
7
7
7
7
7
7
7
7
7
7
7
7
7
7
7
7
7
7
7
7
7
7
7
7
7
7
7
7
7
7
7
7
7
7
7
7
7
7
7
7
7
7
7
7
7
7
7
7
7
7
7
7
7
7
7
7
7
7
7
7
7
7
7
7
7
7
7
7
7
7
7
7
7
7
7
7
7
7
7
7
7
7
7
7
7
7
7
7
7
7
7
7
7
7
7
7
7
7
7
7
7
7
7
7
7
7
7
7
7
7
7
7
7
7
7
7
7
7
7
7
7
7
7
7
7
7
7
7
7
7
7
7
7
7
7
7
7
7
7
7
7
7
7
7
7
7
7
7
7
7
7
7
7
7
7
7
7
7
7
7
7
7
7
7
7
7
7
7
7
7
7
7
7
7
7
7
7
7
7
7
7
7
7
7
7
7
7
7
7
7
7
7
7
7
7
7
7
7
7
7
7
7
7
7
7
7
7
7
7
7
7
7
7
7
7
7
7
7
7
7
7
7
7
7
7
7
7
7
7
7
7
7
7
7
7
7
7
7
7
7
7
7
7
7
7
7
7
7
7
7
7
7
7
7
7
7
7
7
7
7
7
7
7
7
7
7
7
7
7
7
7
7
7
7
7
7
7
7
7
7
7
7
7
7
7
7
7
7
7
7
7
7
7
7
7
7
7
7
7
7
7
7
7
7
7
7
7
7
7
7
7
7
7
7
7
7
7
7
7
7
7
7
7
7
7
7
7
7
7
7
7
7
7
7
7
7
7
7
7
7
7
7
7
7
7
7
7
7
7
7
7
7
7
7
7
7
7
7
7
7
7
7
7
7
7
7
7
7
7
7
7
7
7
7
7
7
7
7
7
7
7
7
7
7
7
7
7
7
7
7
7
7
7
7
7
7
7
7
7
7
7
7
7
7
7
7
7
7
7
7
7
7
7
7
7
7
7
7
7
7
7
7
7
7
7
7
7
7
7
7
7
7
7
7
7
7
7
7
7
7
7
7
7
7
7
7
7
7
7
7
7
7
7
7
7
7
7
7
7
7
7
7
7
7
7
7
7
7
7
7
7
7
7
7
7
7
7
7
7
7
7
7
7
7
7
7
7
7
7
7
7
7
7
7
7
7
7
7
7
7
7
7
7
7
7
7
7
7
7
7
7
7
7
7
7
7
7
7
7
7
7
7
7
7
7
7
7
7
7
7
7
7
7
7
7
7
7
7
7
7
7
7
7
7
7
7
7
7
7
7
7
7
7
7
7
7
7
7
7
7
7
7
7
7
7
7
7
7
7
7
7
7
7
7
7
7
7
7
7
7
7
7
7
7
7
7
7
7
7
7
7
7
7
7
7
7
7
7
7
7
7
7
7
7
7
7
7
7
7
7
7
7
7
7
7
7
7
7
7
7
7
7
7
7
7
7
7
7
7
7
7
7
7
7
7
7
7
7
7
7
7
7
7
7
7
7
7
7
7
7
7
7
7
7
7
7
7
7
7
7
7
7
7
7
7
7
7
7
7
7
7
7
7
7
7
7
7
7
7
7
7
7
7
7
7
7
7
7
7
7
7
7
7
7
7
7
7
7
7
7
7
7
7
7
7
7
7
7
7
7
7
7
7
7
7
7
7
7
7
7
7
7
7
7
7
7
7
7
7
7
7
7
7
7
7
7
7
7
7
7
7
7
7
7
7
7
7
7
7
7
7
7
7
7
7
7
7
7
7
7
7
7
7
7
7
7
7
7
7
7
7
7
7
7
7
7
7
7
7
7
7
7
7
7
7
7
7
7
7
7
7
7
7
7
7
7
7
7
7
7
7
7
7
7
7
7
7
7
7
7
7
7
7
7
7
7
7
7
7
7
7
7
7
7
7
7
7
7
7
7
7
7
7
7
7
7
7
7
7
7
7
7
7
7
7
7
7
7
7
7
7
7
7
7
7
7
7
7
7
7
7
7
7
7
7
7
7
7
7
7
7
7
7
7
7
7
7
7
7
7
7
7
7
7
7
7
7
7
7
7
7
7
7
7
7
7
7
7
7
7
7
7
7
7
7
7
7
7
7
7
7
7
7
7
7
7
7
7
7
7
7
7
7
7
7
7
7
7
7
7
7
7
7
7
7
7
7
7
7
7
7
7
7
7
7
7
7
7
7
7
7
7
7
7
7
7
7
7
7
7
7
7
7
7
7
7
7
7
7
7
7
7
7
7
7
7
7
7
7
7
7
7
7
7
7
7
7
7
7
7
7
7
7
7
7
7
7
7
7
7
7
7
7
7
7
7
7
7
7
7
7
7
7
7
7
7
7
7
7
7
7
7
7
7
7
7
7
7
7
7
7
7
7
7
7
7
7
7
7
7
7
7
7
7
7
7
7
7
7
7
7
7
7
7
7
7
7
7
7
7
7
7
7
7
7
7
7
7
7
7
7
7
7
7
7
7
7
7
7
7
7
7
7
7
7
7
7
7
7
7
7
7
7
7
7
7
7
7
7
7
7
7
7
7
7
7
7
7
7
7
7
7
7
7
7
7
7
7
7
7
7
7
7
7
7
7
7
7
7
7
7
7
7
7
7
7
7
7
7
7
7
7
7
7
7
7
7
7
7
7
7
7
7
7
7
7
7
7
7
7
7
7
7
7
7
7
7
7
7
7
7
7
7
7
7
7
7
7
7
7
7
7
7
7
7
7
7
7
7
7
7
7
7
7
7
7
7
7
7
7
7
7
7
7
7
7
7
7
7
7
7
7
7
7
7
7
7
7
7
7
7
7
7
7
7
7
7
7
7
7
7
7
7
7
7
7
7
7
7
7
7
7
7
7
7
7
7
7
7
7
7
7
7
7
7
7
7
7
7
7
7
7
7
7
7
7
7
7
7
7
7
7
7
7
7
7
7
7
7
7
7
7
7
7
7
7
7
7
7
7
7
7
7
7
7
7
7
7
7
7
7
7
7
7
7
7
7
7
7
7
7
7
7
7
7
7
7
7
7
7
7
7
7
7
7
7
7
7
7
7
7
7
7
7
7
7
7
7
7
7
7
7
7
7
7
7
7
7
7
7
7
7
7
7
7
7
7
7
7
7
7
7
7
7
7
7
7
7
7
7
7
7
7
7
7
7
7
7
7
7
7
7
7
7
7
7
7
7
7
7
7
7
7
7
7
7
7
7
7
7
7
7
7
7
7
7
7
7
7
7
7
7
7
7
7
7
7
7
7
7
7
7
7
7
7
7
7
7
7
7
7
7
7
7
7
7
7
7
7
7
7
7
7
7
7
7
7
7
7
7
7
7
7
7
7
7
7
7
7
7
7
7
7
7
7
7
7
7
7
7
7
7
7
7
7
7
7
7
7
7
7
7
7
7
7
7
7
7
7
7
7
7
7
7
7
7
7
7
7
7
7
7
7
7
7
7
7
7
7
7
7
7
7
7
7
7
7
7
7
7
7
7
7
7
7
7
7
7
7
7
7
7
7
7
7
7
7
7
7
7
7
7
7
7
7
7
7
7
7
7
7
7
7
7
7
7
7
7
7
7
7
7
7
7
7
7
7
7
7
7
7
7
7
7
7
7
7
7
7
7
7
7
7
7
7
7
7
7
7
7
7
7
7
7
7
7
7
7
7
7
7
7
7
7
7
7
7
7
7
7
7
7
7
7
7
7
7
7
7
7
7
7
7
7
7
7
7
7
7
7
7
7
7
7
7
7
7
7
7
7
7
7
7
7
7
7
7
7
7
7
7
7
7
7
7
7
7
7
7
7
7
7
7
7
7
7
7
7
7
7
7
7
7
7
7
7
7
7
7
7
7
7
7
7
7
7
7
7
7
7
7
7
7
7
7
7
7
7
7
7
7
7
7
7
7
7
7
7
7
7
7
7
7
7
7
7
7
7
7
7
7
7
7
7
7
7
7
7
7
7
7
7
7
7
7
7
7
7
7
7
7
7
7
7
7
7
7
7
7
7
7
7
7
7
7
7
7
7
7
7
7
7
7
7
7
7
7
7
7
7
7
7
7
7
7
7
7
7
7
7
7
7
7
7
7
7
7
7
7
7
7
7
7
7
7
7
7
7
7
7
7
7
7
7
7
7
7
7
7
7
7
7
7
7
7
7
7
7
7
7
7
7
7
7
7
7
7
7
7
7
7
7
7
7
7
7
7
7
7
7
7
7
7
7
7
7
7
7
7
7
7
7
7
7
7
7
7
7
7
7
7
7
7
7
7
7
7
7
7
7
7
7
7
7
7
7
7
7
7
7
7
7
7
7
7
7
7
7
7
7
7
7
7
7
7
7
7
7
7
7
7
7
7
7
7
7
7
7
7
7
7
7
7
7
7
7
7
7
7
7
7
7
7
7
7
7
7
7
7
7
7
7
7
7
7
7
7
7
7
7
7
7
7
7
7
7
7
7
7
7
7
7
7
7
7
7
7
7
7
7
7
7
7
7
7
7
9
9
9
9
9
9
9
9
9
9
9
9
9
9
9
9
9
9
9
9
9
9
9
9
9
9
9
9
9
9
9
9
9
9
9
9
9
9
9
9
9
9
9
9
9
9
9
9
9
9
9
9
9
9
9
9
9
9
9
9
9
9
9
9
9
9
9
9
9
9
9
9
9
9
9
9
9
9
9
9
9
9
9
9
9
9
9
9
9
9
9
9
9
9
9
9
9
9
9
9
9
9
9
9
9
9
9
9
9
9
9
9
9
9
9
9
9
9
9
9
9
9
9
9
9
9
9
9
9
9
9
9
9
9
9
9
9
9
9
9
9
9
9
9
9
9
9
9
9
9
9
9
9
9
9
9
9
9
9
9
9
9
9
9
9
9
9
9
9
9
9
9
9
9
9
9
9
9
9
9
9
9
9
9
9
9
9
9
9
9
9
9
9
9
9
9
9
9
9
9
9
9
9
9
9
9
9
9
9
9
9
9
9
9
9
9
9
9
9
9
9
9
9
9
9
9
9
9
9
9
9
9
9
9
9
9
9
9
9
9
9
9
9
9
9
9
9
9
9
9
9
9
9
9
9
9
9
9
9
9
9
9
9
9
9
9
9
9
9
9
9
9
9
9
9
9
9
9
9
9
9
9
9
9
9
9
9
9
9
9
9
9
9
9
9
9
9
9
9
9
9
9
9
9
9
9
9
9
9
9
9
9
9
9
9
9
9
9
9
9
9
9
9
9
9
9
9
9
9
9
9
9
9
9
9
9
9
9
9
9
9
9
9
9
9
9
9
9
9
9
9
9
9
9
9
9
9
9
9
9
9
9
9
9
9
9
9
9
9
9
9
9
9
9
9
9
9
9
9
9
9
9
9
9
9
9
9
9
9
9
9
9
9
9
9
9
9
9
9
9
9
9
9
9
9
9
9
9
9
9
9
9
9
9
9
9
9
9
9
9
9
9
9
9
9
9
9
9
9
9
9
9
9
9
9
9
9
9
9
9
9
9
9
9
9
9
9
9
9
9
9
9
9
9
9
9
9
9
9
9
9
9
9
9
9
9
9
9
9
9
9
9
9
9
9
9
9
9
9
9
9
9
9
9
9
9
9
9
9
9
9
9
9
9
9
9
9
9
9
9
9
9
9
9
9
9
9
9
9
9
9
9
9
9
9
9
9
9
9
9
9
9
9
9
9
9
9
9
9
9
9
9
9
9
9
9
9
9
9
9
9
9
9
9
9
9
9
9
9
9
9
9
9
9
9
9
9
9
9
9
9
9
9
9
9
9
9
9
9
9
9
9
9
9
9
9
9
9
9
9
9
9
9
9
9
9
9
9
9
9
9
9
9
9
9
9
9
9
9
9
9
9
9
9
9
9
9
9
9
9
9
9
9
9
9
9
9
9
9
9
9
9
9
9
9
9
9
9
9
9
9
9
9
9
9
9
9
9
9
9
9
9
9
9
5
5
5
5
5
5
5
5
5
5
5
5
5
5
5
5
5
5
5
5
5
5
5
5
5
5
5
5
5
5
5
5
5
5
5
5
5
5
5
5
5
5
5
5
5
5
5
5
5
5
5
5
5
5
5
5
5
5
5
5
5
5
5
5
9
9
9
9
9
9
9
9
9
9
9
9
9
9
9
9
9
9
9
9
9
9
9
9
9
9
9
9
9
9
9
9
9
9
9
9
9
9
9
9
9
9
9
9
9
9
9
9
9
9
9
9
9
9
9
9
9
9
9
9
9
9
9
9
9
9
9
9
9
9
9
9
9
9
9
9
9
9
9
9
9
9
9
9
9
9
9
9
9
9
9
9
9
9
9
9
9
9
9
9
9
9
9
9
9
9
9
9
9
9
9
9
9
9
9
9
9
9
9
9
9
9
9
9
9
9
9
9
6
6
6
6
6
6
6
6
6
6
6
6
6
6
6
6
6
6
6
6
6
6
6
6
6
6
6
6
6
6
6
6
6
6
6
6
6
6
6
6
6
6
6
6
6
6
6
6
6
6
6
6
6
6
6
6
6
6
6
6
6
6
6
6
