time_s,inventory_m3,volume_m3,min_T,max_T,advective_outward_m3_s,diffusive_outward_m3_s,outlet_label_flux_m3_s,outlet_carrier_flux_m3_s
0.05,3.372785529911485e-06,0.003132304186895011,-1.959963304307299e-12,0.9928625404897113,-6.661567955448619e-05,-8.400309943662871e-07,-2.181081062411698e-24,6.661567958373524e-05
0.1,6.70436709548464e-06,0.003132304186895011,-5.184508838356018e-13,0.9998800450620698,-6.661567955448619e-05,-1.595171603107165e-08,-3.629868298281562e-24,6.661567958373524e-05
0.15,1.003517778775593e-05,0.003132304186895011,-1.439107628454789e-14,0.9999964781789622,-6.661567955448619e-05,-5.343220445455005e-10,-1.679261347600475e-24,6.661567958373524e-05
0.2,1.336596293253775e-05,0.003132304186895011,-5.277320102406934e-15,0.9999998578754581,-6.661567955448619e-05,-2.339904066829965e-11,7.537345423154524e-25,6.661567958373524e-05
0.25,1.669674698246919e-05,0.003132304186895011,-2.145169488869331e-15,0.9999999917871152,-6.661567955448619e-05,-1.492725300842186e-12,2.250804694216815e-24,6.661567958373524e-05
0.3,2.002753097815913e-05,0.003132304186895011,-1.143707443855314e-15,0.9999999982007285,-6.661567955448619e-05,-3.984845936653607e-13,3.01622799068041e-24,6.661567958373524e-05
0.35,2.335831496919465e-05,0.003132304186895011,-5.327542262979305e-16,0.9999999986339801,-6.661567955448619e-05,-3.222369035842133e-13,5.17479393652373e-24,6.661567958373524e-05
0.4,2.668909895977416e-05,0.003132304186895011,-4.407008064011927e-16,0.999999998742205,-6.661567955448619e-05,-3.021006064603121e-13,6.529170853350624e-24,6.661567958373524e-05
0.45,3.001988295003115e-05,0.003132304186895011,-4.265462416092187e-16,0.9999999988197458,-6.661567955448619e-05,-2.86843764024782e-13,7.131583395867626e-24,6.661567958373524e-05
0.4999999999999999,3.335066693991092e-05,0.003132304186895011,-3.936464141492363e-16,0.9999999988860175,-6.661567955448619e-05,-2.732374119453929e-13,7.245257087741476e-24,6.661567958373524e-05
0.5499999999999999,3.668145092945564e-05,0.003132304186895011,-3.616911189972346e-16,0.999999998944304,-6.661567955448619e-05,-2.608323215059553e-13,6.99882348348673e-24,6.661567958373524e-05
0.6,4.001223491865726e-05,0.003132304186895011,-3.089676178721254e-16,0.9999999989963406,-6.661567955448619e-05,-2.494257266035517e-13,6.553325570008034e-24,6.661567958373524e-05
0.65,4.334301890751328e-05,0.003132304186895011,-2.691127163125108e-16,0.999999999043341,-6.661567955448619e-05,-2.38870990866438e-13,6.02140076075978e-24,6.661567958373524e-05
0.7000000000000001,4.667380289602627e-05,0.003132304186895011,-2.505833244421922e-16,0.9999999990861953,-6.661567955448619e-05,-2.290548896894938e-13,5.475147136489811e-24,6.661567958373524e-05
0.7500000000000001,5.000458688419961e-05,0.003132304186895011,-2.357329922105525e-16,0.9999999991255725,-6.661567955448619e-05,-2.198891747219663e-13,4.960308690659586e-24,6.661567958373524e-05
0.8000000000000002,5.33353708719516e-05,0.003132304186895011,-2.201410190415073e-16,0.9999999991619604,-6.661567955448619e-05,-2.113111100061839e-13,4.605796511249688e-24,6.661567958373524e-05
0.8500000000000002,5.666615485825241e-05,0.003132304186895011,-2.848203857763965e-16,0.9999999991941977,-6.661567955448619e-05,-2.034272638581565e-13,1.325687982822883e-23,6.661567958373524e-05
0.9000000000000002,5.999693884429012e-05,0.003132304186895011,-2.61201753862373e-16,0.9999999992258666,-6.661567955448619e-05,-1.958234280009142e-13,1.981458494230895e-23,6.661567958373524e-05
0.9500000000000003,6.332772283006581e-05,0.003132304186895011,-1.843895385675839e-16,0.9999999992555624,-6.661567955448619e-05,-1.886450187805049e-13,2.460992367311087e-23,6.661567958373524e-05
1,6.665850681558486e-05,0.003132304186895011,-8.98456989763658e-17,0.9999999992834613,-6.661567955448619e-05,-1.818592905699936e-13,2.806613314774504e-23,6.661567958373524e-05
1.05,6.998929080085368e-05,0.003132304186895011,-8.650565895203345e-17,0.9999999993097411,-6.661567955448619e-05,-1.754344379822052e-13,3.065465975083011e-23,6.661567958373524e-05
1.1,7.332007478588018e-05,0.003132304186895011,-8.342978392695767e-17,0.9999999993345514,-6.661567955448619e-05,-1.693424269355467e-13,3.273303750375338e-23,6.661567958373524e-05
1.15,7.665085877067021e-05,0.003132304186895011,-7.622679390499015e-17,0.9999999993580196,-6.661567955448619e-05,-1.635583765768431e-13,3.45292172032089e-23,6.661567958373524e-05
1.2,7.99816427552297e-05,0.003132304186895011,-6.313497554321935e-17,0.9999999993802569,-6.661567955448619e-05,-1.580600728238109e-13,3.617588568051736e-23,6.661567958373524e-05
1.25,8.331242673956997e-05,0.003132304186895011,-4.791799018501431e-17,0.9999999994013592,-6.661567955448619e-05,-1.528275566335078e-13,3.774499824041377e-23,6.661567958373524e-05
1.3,8.664321072346812e-05,0.003132304186895011,-2.459672617941924e-17,0.9999999994216374,-6.661567955448619e-05,-1.478137917926375e-13,3.945082733944526e-23,6.661567958373524e-05
1.350000000000001,8.997399470716387e-05,0.003132304186895011,-8.025358891350168e-18,0.9999999994407133,-6.661567955448619e-05,-1.430601750345232e-13,4.112041647079217e-23,6.661567958373524e-05
1.400000000000001,9.330477869067452e-05,0.003132304186895011,-1.545588452227941e-19,0.999999999458877,-6.661567955448619e-05,-1.385247547439164e-13,4.275496556422128e-23,6.661567958373524e-05
1.450000000000001,9.663556267400175e-05,0.003132304186895011,-1.482966264185487e-19,0.9999999994761959,-6.661567955448619e-05,-1.341923187404484e-13,4.433584701565064e-23,6.661567958373524e-05
1.500000000000001,9.996634665715575e-05,0.003132304186895011,-1.417724866761194e-19,0.9999999994927262,-6.661567955448619e-05,-1.300504322280854e-13,4.585102512657157e-23,6.661567958373524e-05
1.550000000000001,0.0001032971306401452,0.003132304186895011,-1.347568972639483e-19,0.9999999995085176,-6.661567955448619e-05,-1.260876992664699e-13,4.729264879575951e-23,6.661567958373524e-05
1.600000000000001,0.0001066279146229753,0.003132304186895011,-1.272713301064187e-19,0.9999999995236153,-6.661567955448619e-05,-1.222936400580282e-13,4.86534307866713e-23,6.661567958373524e-05
1.650000000000001,0.0001099586986056508,0.003132304186895011,-1.193320146319482e-19,0.9999999995380616,-6.661567955448619e-05,-1.186585817538042e-13,4.99253101979256e-23,6.661567958373524e-05
1.700000000000001,0.000113289482588179,0.003132304186895011,-1.112880888743948e-19,0.9999999995518946,-6.661567955448619e-05,-1.15173584842374e-13,5.109944179472409e-23,6.661567958373524e-05
1.750000000000001,0.0001166202665705672,0.003132304186895011,-1.058634953586895e-19,0.9999999995651501,-6.661567955448619e-05,-1.118303700235219e-13,5.216662619472315e-23,6.661567958373524e-05
1.800000000000001,0.0001199510505528158,0.003132304186895011,-1.000184532035709e-19,0.9999999995778597,-6.661567955448619e-05,-1.086212558212638e-13,5.31177681358429e-23,6.661567958373524e-05
1.850000000000001,0.0001232818345349423,0.003132304186895011,-9.354697549230673e-20,0.9999999995900544,-6.661567955448619e-05,-1.055391084876432e-13,5.394424794194984e-23,6.661567958373524e-05
1.900000000000001,0.0001266126185169333,0.003132304186895011,-8.645726008242564e-20,0.999999999601765,-6.661567955448619e-05,-1.025759929148412e-13,5.462888608488585e-23,6.661567958373524e-05
1.950000000000001,0.0001299434024988131,0.003132304186895011,-7.874964962060906e-20,0.9999999996130107,-6.661567955448619e-05,-9.972832963404895e-14,5.517370229951217e-23,6.661567958373524e-05
2.000000000000001,0.0001332741864805703,0.003132304186895011,-7.042740334482884e-20,0.9999999996238194,-6.661567955448619e-05,-9.698901835652731e-14,5.557261168055117e-23,6.661567958373524e-05
2.050000000000001,0.0001366049704622265,0.003132304186895011,-6.149491220594247e-20,0.9999999996342128,-6.661567955448619e-05,-9.435264575322803e-14,5.582066933428553e-23,6.661567958373524e-05
2.100000000000001,0.0001399357544437777,0.003132304186895011,-5.195780756769546e-20,0.9999999996442129,-6.661567955448619e-05,-9.181415161127345e-14,5.591395450262598e-23,6.661567958373524e-05
2.15,0.0001432665384252245,0.003132304186895011,-4.182288863735258e-20,0.9999999996538387,-6.661567955448619e-05,-8.936879898777207e-14,5.584959348190913e-23,6.661567958373524e-05
2.2,0.0001465973224065737,0.003132304186895011,-3.109809264141965e-20,0.9999999996631083,-6.661567955448619e-05,-8.701213606175423e-14,5.562569890580378e-23,6.661567958373524e-05
2.25,0.0001499281063878312,0.003132304186895011,-1.979212652773252e-20,0.9999999996720392,-6.661567955448619e-05,-8.473999330027754e-14,5.524153588052597e-23,6.661567958373524e-05
2.3,0.0001532588903690043,0.003132304186895011,-7.914588851200122e-21,0.9999999996806478,-6.661567955448619e-05,-8.254843962786583e-14,5.469725264124723e-23,6.661567958373524e-05
2.35,0.0001565896743500847,0.003132304186895011,4.524269171272162e-21,0.9999999996889485,-6.661567955448619e-05,-8.043378284763871e-14,5.399390371703331e-23,6.661567958373524e-05
2.399999999999999,0.0001599204583310908,0.003132304186895011,1.751370085068363e-20,0.9999999996969564,-6.661567955448619e-05,-7.839254034188612e-14,5.31333831661888e-23,6.661567958373524e-05
2.449999999999999,0.0001632512423120112,0.003132304186895011,3.104263675634178e-20,0.9999999997046845,-6.661567955448619e-05,-7.642143272079393e-14,5.211835289884142e-23,6.661567958373524e-05
2.499999999999999,0.0001665820262928592,0.003132304186895011,4.509989852138257e-20,0.9999999997121449,-6.661567955448619e-05,-7.451735901993946e-14,5.095217940126602e-23,6.661567958373524e-05
2.549999999999999,0.0001699128102736376,0.003132304186895011,5.967444968073808e-20,0.9999999997193503,-6.661567955448619e-05,-7.267740114791347e-14,4.963886303839596e-23,6.661567958373524e-05
2.599999999999999,0.0001732435942520877,0.003132304186895011,4.284098964923572e-20,0.9999999997269309,-6.661567955448619e-05,-7.083464152122847e-14,8.036465634139946e-23,6.661567958373524e-05
2.649999999999999,0.0001765743782305373,0.003132304186895011,3.104522450188637e-20,0.9999999997336633,-6.661567955448619e-05,-6.911356408471761e-14,9.931835598229462e-23,6.661567958373524e-05
2.699999999999998,0.000179905162209005,0.003132304186895011,2.395610651394002e-20,0.9999999997401562,-6.661567955448619e-05,-6.745079152747236e-14,1.101995694787734e-22,6.661567958373524e-05
2.749999999999998,0.0001832359461874834,0.003132304186895011,2.057392238993066e-20,0.9999999997464345,-6.661567955448619e-05,-6.584201670374439e-14,1.154137018496945e-22,6.661567958373524e-05
2.799999999999998,0.0001865667301659792,0.003132304186895011,1.832709209955998e-20,0.9999999997525112,-6.661567955448619e-05,-6.428523253221157e-14,1.165099667292029e-22,6.661567958373524e-05
2.849999999999998,0.0001898975141442492,0.003132304186895011,1.847969511345545e-20,0.9999999997579507,-6.661567955448619e-05,-6.281902948168327e-14,1.166693399717236e-22,6.661567958373524e-05
2.899999999999998,0.0001932282981225383,0.003132304186895011,2.001459770331553e-20,0.9999999997636437,-6.661567955448619e-05,-6.135906672031463e-14,1.144287810361418e-22,6.661567958373524e-05
2.949999999999998,0.0001965590821008613,0.003132304186895011,2.080337183312526e-20,0.9999999997691654,-6.661567955448619e-05,-5.994360989763595e-14,1.104034365549489e-22,6.661567958373524e-05
2.999999999999997,0.0001998898660792064,0.003132304186895011,2.177045006702995e-20,0.9999999997745141,-6.661567955448619e-05,-5.857200875262393e-14,1.050117166898853e-22,6.661567958373524e-05
3.049999999999997,0.000203220650057583,0.003132304186895011,2.353663780273712e-20,0.9999999997796958,-6.661567955448619e-05,-5.724258722271089e-14,9.855169741189813e-23,6.661567958373524e-05
3.099999999999997,0.0002065514340359834,0.003132304186895011,2.598083044937285e-20,0.9999999997847174,-6.661567955448619e-05,-5.595370813590963e-14,9.123678298934783e-23,6.661567958373524e-05
3.149999999999997,0.0002098822180144135,0.003132304186895011,2.898605047396178e-20,0.999999999789585,-6.661567955448619e-05,-5.47038137757164e-14,8.322279932582543e-23,6.661567958373524e-05
3.199999999999997,0.000213213001992868,0.003132304186895011,3.051722508416461e-20,0.9999999997943048,-6.661567955448619e-05,-5.34914129635828e-14,7.462785429992314e-23,6.661567958373524e-05
3.249999999999996,0.0002165437859713557,0.003132304186895011,2.535725505956613e-20,0.9999999997988821,-6.661567955448619e-05,-5.231509167796262e-14,6.554618395547455e-23,6.661567958373524e-05
3.299999999999996,0.0002198745699498751,0.003132304186895011,1.868884539653541e-20,0.9999999998033225,-6.661567955448619e-05,-5.117349789481646e-14,5.605788513633347e-23,6.661567958373524e-05
3.349999999999996,0.0002232053539284206,0.003132304186895011,1.195932887400551e-20,0.9999999998076313,-6.661567955448619e-05,-5.006534303854864e-14,4.623638091823311e-23,6.661567958373524e-05
3.399999999999996,0.0002265361379069969,0.003132304186895011,5.184108467505168e-21,0.9999999998118133,-6.661567955448619e-05,-4.898939356544448e-14,3.615508317283534e-23,6.661567958373524e-05
3.449999999999996,0.0002298669218855954,0.003132304186895011,-1.893894189450748e-21,0.9999999998158732,-6.661567955448619e-05,-4.794447697369124e-14,2.589455531609977e-23,6.661567958373524e-05
3.499999999999996,0.0002331977058642269,0.003132304186895011,-8.749959834968606e-21,0.9999999998198155,-6.661567955448619e-05,-4.692947203249557e-14,1.555143762456196e-23,6.661567958373524e-05
3.549999999999995,0.0002365284898428877,0.003132304186895011,-5.450986477764948e-20,0.9999999998236444,-6.661567955448619e-05,-4.594330197663156e-14,5.250593176404207e-24,6.661567958373524e-05
3.599999999999995,0.0002398592738215753,0.003132304186895011,-2.142978574690977e-19,0.9999999998273642,-6.661567955448619e-05,-4.498494195430971e-14,-4.837626867994216e-24,6.661567958373524e-05
3.649999999999995,0.0002431900578002874,0.003132304186895011,-3.996939068973042e-19,0.9999999998309784,-6.661567955448619e-05,-4.405341010563517e-14,-1.447246388186773e-23,6.661567958373524e-05
3.699999999999995,0.000246520841779034,0.003132304186895011,-5.752980488484591e-19,0.9999999998344912,-6.661567955448619e-05,-4.314777011834693e-14,-2.330659305583726e-23,6.661567958373524e-05
3.749999999999995,0.0002498516257578027,0.003132304186895011,-7.339973688363106e-19,0.9999999998379056,-6.661567955448619e-05,-4.226711948093462e-14,-3.08337161733116e-23,6.661567958373524e-05
3.799999999999994,0.0002531824097366022,0.003132304186895011,-8.65402376566846e-19,0.9999999998412257,-6.661567955448619e-05,-4.141059590335888e-14,-3.631300485635894e-23,6.661567958373524e-05
3.849999999999994,0.0002565131937154156,0.003132304186895011,-9.543229617063836e-19,0.9999999998444544,-6.661567955448619e-05,-4.057737667257373e-14,-3.866059646128617e-23,6.661567958373524e-05
3.899999999999994,0.0002598439776942703,0.003132304186895011,-9.785927661071659e-19,0.9999999998475948,-6.661567955448619e-05,-3.976666879869793e-14,-3.629484148569055e-23,6.661567958373524e-05
3.949999999999994,0.0002631747616731439,0.003132304186895011,-9.07891153539719e-19,0.9999999998506502,-6.661567955448619e-05,-3.897771122285483e-14,-2.691672842255815e-23,6.661567958373524e-05
3.999999999999994,0.0002665055456520417,0.003132304186895011,-6.997868544588545e-19,0.9999999998536231,-6.661567955448619e-05,-3.820978182352826e-14,-7.200348757524396e-24,6.661567958373524e-05
4.049999999999994,0.0002698363296309643,0.003132304186895011,-2.812269302215794e-19,0.9999999998565167,-6.661567955448619e-05,-3.746217733768649e-14,2.764096607248303e-23,6.661567958373524e-05
4.099999999999993,0.0002731671136099037,0.003132304186895011,4.439060783028671e-19,0.9999999998593332,-6.661567955448619e-05,-3.673423070364123e-14,8.445923364465257e-23,6.661567958373524e-05
4.149999999999993,0.0002764978975888766,0.003132304186895011,1.488452838944846e-18,0.9999999998620754,-6.661567955448619e-05,-3.602529573559019e-14,1.730094220612812e-22,6.661567958373524e-05
4.199999999999993,0.0002798286815678652,0.003132304186895011,2.371252812994942e-18,0.9999999998647457,-6.661567955448619e-05,-3.533475753618696e-14,3.071034324426737e-22,6.661567958373524e-05
4.249999999999993,0.0002831594655468864,0.003132304186895011,3.532116036614296e-18,0.9999999998673468,-6.661567955448619e-05,-3.466201964209071e-14,5.061911327977111e-22,6.661567958373524e-05
4.299999999999993,0.0002864902495259151,0.003132304186895011,5.211891748136217e-18,0.9999999998698801,-6.661567955448619e-05,-3.400651385141781e-14,7.975148736389041e-22,6.661567958373524e-05
4.349999999999993,0.0002898210335049746,0.003132304186895011,7.627687872724147e-18,0.9999999998723486,-6.661567955448619e-05,-3.336768886807116e-14,1.219029961313093e-21,6.661567958373524e-05
4.399999999999992,0.0002931518174840495,0.003132304186895011,1.108265045654504e-17,0.9999999998747537,-6.661567955448619e-05,-3.274501399621252e-14,1.823342935434882e-21,6.661567958373524e-05
4.449999999999992,0.0002964826014631414,0.003132304186895011,1.599595468407787e-17,0.9999999998770983,-6.661567955448619e-05,-3.21379890087526e-14,2.682995466065528e-21,6.661567958373524e-05
4.499999999999992,0.0002998133854422432,0.003132304186895011,2.294478726549579e-17,0.9999999998793834,-6.661567955448619e-05,-3.154612054673166e-14,3.897518417685038e-21,6.661567958373524e-05
4.549999999999992,0.0003031441694213708,0.003132304186895011,3.272177117682509e-17,0.9999999998816114,-6.661567955448619e-05,-3.09689396564059e-14,5.602803512370192e-21,6.661567958373524e-05
4.599999999999992,0.0003064749534005317,0.003132304186895011,4.640873910114263e-17,0.9999999998837839,-6.661567955448619e-05,-3.040599599718483e-14,7.983494666770327e-21,6.661567958373524e-05
4.649999999999991,0.0003098057373796808,0.003132304186895011,6.547517427716791e-17,0.9999999998859024,-6.661567955448619e-05,-2.985684962368736e-14,1.128929551559818e-20,6.661567958373524e-05
4.699999999999991,0.000313136521358879,0.003132304186895011,9.190818095934851e-17,0.9999999998879689,-6.661567955448617e-05,-2.932108395064091e-14,1.585633300057336e-20,6.661567958373524e-05
4.749999999999991,0.0003164673053380606,0.003132304186895011,1.283826094007715e-16,0.9999999998899852,-6.661567955448617e-05,-2.87982907672989e-14,2.213501920192406e-20,6.661567958373524e-05
4.799999999999991,0.0003197980893172714,0.003132304186895011,1.784830562605906e-16,0.9999999998919521,-6.661567955448617e-05,-2.828808023241247e-14,3.072622867576187e-20,6.661567958373524e-05
4.849999999999991,0.0003231288732965037,0.003132304186895011,2.469923111334938e-16,0.9999999998938717,-6.661567955448614e-05,-2.779008311364004e-14,4.242807115502848e-20,6.661567958373524e-05
4.899999999999991,0.0003264596572757361,0.003132304186895011,3.402645547551711e-16,0.9999999998957453,-6.661567955448614e-05,-2.730393136567214e-14,5.829610776775229e-20,6.661567958373524e-05
4.94999999999999,0.0003297904412549872,0.003132304186895011,4.667062126052554e-16,0.999999999897574,-6.661567955448611e-05,-2.682927325077806e-14,7.972055478473842e-20,6.661567958373524e-05
4.99999999999999,0.0003331212252342449,0.003132304186895011,6.373930045786848e-16,0.9999999998993593,-6.661567955448609e-05,-2.636577643624003e-14,1.085248659230376e-19,6.661567958373524e-05
5.04999999999999,0.0003364520092135064,0.003132304186895011,8.668586680648172e-16,0.9999999999011026,-6.661567955448606e-05,-2.591311360216756e-14,1.470911950350799e-19,6.661567958373524e-05
5.09999999999999,0.0003397827931927929,0.003132304186895011,1.174098875675782e-15,0.9999999999028052,-6.6615679554486e-05,-2.54709688667726e-14,1.985189732862646e-19,6.661567958373524e-05
5.14999999999999,0.0003431135771720769,0.003132304186895011,1.583844896023827e-15,0.9999999999044678,-6.661567955448592e-05,-2.503904200977259e-14,2.668256719006429e-19,6.661567958373524e-05
5.19999999999999,0.000346444361151373,0.003132304186895011,2.128172538099075e-15,0.9999999999060919,-6.661567955448584e-05,-2.461703843861921e-14,3.571987473723342e-19,6.661567958373524e-05
5.249999999999989,0.0003497751451306655,0.003132304186895011,2.84852768674819e-15,0.9999999999076788,-6.661567955448571e-05,-2.42046762421483e-14,4.763113880755665e-19,6.661567958373524e-05
5.299999999999989,0.0003531059291099878,0.003132304186895011,3.798266940511548e-15,0.9999999999092292,-6.661567955448557e-05,-2.380168078817419e-14,6.327166254699921e-19,6.661567958373524e-05
5.349999999999989,0.0003564367130893054,0.003132304186895011,5.045833045730599e-15,0.9999999999107444,-6.661567955448535e-05,-2.340778796051331e-14,8.373375178009791e-19,6.661567958373524e-05
5.399999999999989,0.0003597674970687165,0.003132304186895011,6.67870897349223e-15,0.9999999999122183,-6.661567955448508e-05,-2.302459354071239e-14,1.104073599455401e-18,6.661567958373524e-05
5.449999999999989,0.0003630982810481332,0.003132304186895011,8.808330341473269e-15,0.9999999999136655,-6.661567955448474e-05,-2.264813247200918e-14,1.450555078589675e-18,6.661567958373524e-05
5.499999999999988,0.0003664290650275545,0.003132304186895011,1.157615474925312e-14,0.9999999999150808,-6.66156795544843e-05,-2.228001485078115e-14,1.899062466858673e-18,6.661567958373524e-05
5.549999999999988,0.0003697598490069715,0.003132304186895011,1.516115175257966e-14,0.9999999999164642,-6.661567955448371e-05,-2.19200297377423e-14,2.477662002275043e-18,6.661567958373524e-05
5.599999999999988,0.0003730906329864211,0.003132304186895011,1.978900623417805e-14,0.9999999999178171,-6.661567955448297e-05,-2.1567958401042e-14,3.221592257395664e-18,6.661567958373524e-05
5.649999999999988,0.0003764214169658461,0.003132304186895011,2.574339391959398e-14,0.9999999999191401,-6.661567955448202e-05,-2.122358021754119e-14,4.174954756210331e-18,6.661567958373524e-05
5.699999999999988,0.0003797522009452838,0.003132304186895011,3.337975250036259e-14,0.9999999999204343,-6.66156795544808e-05,-2.08866894310472e-14,5.392768856508299e-18,6.661567958373524e-05
5.749999999999988,0.000383082984924726,0.003132304186895011,4.314204927303401e-14,0.9999999999217003,-6.661567955447924e-05,-2.055708267722699e-14,6.943461765738545e-18,6.661567958373524e-05
5.799999999999987,0.0003864137689041734,0.003132304186895011,5.558313600558139e-14,0.9999999999229386,-6.661567955447729e-05,-2.023456431885158e-14,8.911876795989073e-18,6.661567958373524e-05
5.849999999999987,0.0003897445528836234,0.003132304186895011,7.138938559822747e-14,0.9999999999241505,-6.66156795544748e-05,-1.991894262488841e-14,1.140289703173217e-17,6.661567958373524e-05
5.899999999999987,0.0003930753368630732,0.003132304186895011,9.141042486512933e-14,0.9999999999253362,-6.661567955447164e-05,-1.961004010753847e-14,1.454579770640113e-17,6.661567958373524e-05
5.949999999999987,0.0003964061208425037,0.003132304186895011,1.166949155464084e-13,0.9999999999264965,-6.66156795544677e-05,-1.930767417851718e-14,1.84994591281162e-17,6.661567958373524e-05
5.999999999999987,0.0003997369048219449,0.003132304186895011,1.485334930509061e-13,0.9999999999276324,-6.661567955446273e-05,-1.90116782797846e-14,2.345859220280958e-17,6.661567958373524e-05
6.049999999999986,0.000403067688801386,0.003132304186895011,1.885101543264461e-13,0.9999999999287441,-6.661567955445653e-05,-1.872188020695453e-14,2.966115452519085e-17,6.661567958373524e-05
6.099999999999986,0.0004063984727808158,0.003132304186895011,2.385635901840854e-13,0.9999999999298328,-6.661567955444879e-05,-1.843811804480701e-14,3.739715912393799e-17,6.661567958373524e-05
6.149999999999986,0.000409729256760253,0.003132304186895011,3.010601931525553e-13,0.9999999999308984,-6.661567955443918e-05,-1.81602390399326e-14,4.701911080281606e-17,6.661567958373524e-05
6.199999999999986,0.000413060040739695,0.003132304186895011,3.78880736803714e-13,0.999999999931942,-6.661567955442724e-05,-1.788809189588942e-14,5.895433847748249e-17,6.661567958373524e-05
6.249999999999986,0.0004163908247191303,0.003132304186895011,4.755230231024267e-13,0.9999999999329642,-6.661567955441247e-05,-1.762152524461933e-14,7.371953078843364e-17,6.661567958373524e-05
6.299999999999986,0.0004197216086985637,0.003132304186895011,5.952231334016735e-13,0.9999999999339649,-6.661567955439425e-05,-1.736040246250444e-14,9.193782567638319e-17,6.661567958373524e-05
6.349999999999985,0.0004230523926779848,0.003132304186895011,7.430983003665052e-13,0.9999999999349454,-6.661567955437184e-05,-1.710457970322071e-14,1.143588531573411e-16,6.661567958373524e-05
6.399999999999985,0.0004263831766574016,0.003132304186895011,9.253148466586213e-13,0.999999999935906,-6.661567955434431e-05,-1.685392666428493e-14,1.418821847037394e-16,6.661567958373524e-05
6.449999999999985,0.0004297139606368279,0.003132304186895011,1.149285116233226e-12,0.999999999936847,-6.661567955431061e-05,-1.660831171494423e-14,1.755847029275471e-16,6.661567958373524e-05
6.499999999999985,0.0004330447446162483,0.003132304186895011,1.423897860484199e-12,0.9999999999377693,-6.661567955426945e-05,-1.636760764459927e-14,2.167524722004562e-16,6.661567958373524e-05
6.549999999999985,0.0004363755285956444,0.003132304186895011,1.759787139421127e-12,0.9999999999386726,-6.661567955421928e-05,-1.613169253862101e-14,2.669177649841897e-16,6.661567958373524e-05
6.599999999999985,0.0004397063125802601,0.003132304186895011,2.169645557202327e-12,0.9999999999395496,-6.661567955415829e-05,-1.590100623400032e-14,3.279016746074824e-16,6.661567958373524e-05
6.649999999999984,0.0004430370965649421,0.003132304186895011,2.668587952697091e-12,0.9999999999406433,-6.661567955408432e-05,-1.565064722073919e-14,4.018647908063952e-16,6.661567958373524e-05
6.699999999999984,0.0004463678805496347,0.003132304186895011,3.274573122023974e-12,0.999999999941495,-6.661567955399482e-05,-1.542813266191197e-14,4.91363260198611e-16,6.661567958373524e-05
6.749999999999984,0.0004496986645343615,0.003132304186895011,4.008892129652745e-12,0.9999999999423244,-6.661567955388678e-05,-1.521077171554629e-14,5.994152880489826e-16,6.661567958373524e-05
6.799999999999984,0.0004530294485191186,0.003132304186895011,4.896731488983792e-12,0.9999999999431372,-6.661567955375662e-05,-1.4997659707185e-14,7.295769077624839e-16,6.661567958373524e-05
6.849999999999984,0.0004563602325038986,0.003132304186895011,5.967822119803823e-12,0.999999999943934,-6.661567955360017e-05,-1.478865936789788e-14,8.860288975579836e-16,6.661567958373524e-05
6.899999999999983,0.0004596910164886766,0.003132304186895011,7.257185392121852e-12,0.9999999999447154,-6.661567955341251e-05,-1.458366983210351e-14,1.073676249764417e-15,6.661567958373524e-05
6.949999999999983,0.0004630218004734799,0.003132304186895011,8.805989043371396e-12,0.9999999999454823,-6.661567955318793e-05,-1.438259850364665e-14,1.298261773606522e-15,6.661567958373524e-05
6.999999999999983,0.000466352584458297,0.003132304186895011,1.066252719449007e-11,0.9999999999462341,-6.66156795529197e-05,-1.418534244591292e-14,1.566495580629418e-15,6.661567958373524e-05
7.049999999999983,0.0004696833684431015,0.003132304186895011,1.288334025728166e-11,0.9999999999469716,-6.661567955259999e-05,-1.39918228743326e-14,1.886202384753526e-15,6.661567958373524e-05
7.099999999999983,0.0004730141524279162,0.003132304186895011,1.55344922314339e-11,0.9999999999476951,-6.661567955221971e-05,-1.380194275505538e-14,2.266488746159982e-15,6.661567958373524e-05
7.149999999999983,0.0004763449364127203,0.003132304186895011,1.869302474273582e-11,0.999999999948405,-6.661567955176826e-05,-1.361562023797778e-14,2.717932600577594e-15,6.661567958373524e-05
7.199999999999982,0.0004796757203976673,0.003132304186895011,2.244860919124223e-11,0.999999999949124,-6.66156795512334e-05,-1.342986637228482e-14,3.252797640538368e-15,6.661567958373524e-05
7.249999999999982,0.000483006504382572,0.003132304186895011,2.690542050155238e-11,0.9999999999498078,-6.661567955060092e-05,-1.325042599420104e-14,3.88527538962838e-15,6.661567958373524e-05
7.299999999999982,0.0004863372883674338,0.003132304186895011,3.218425844888758e-11,0.9999999999504783,-6.661567954985444e-05,-1.307433024312228e-14,4.6317579832085e-15,6.661567958373524e-05
7.349999999999982,0.0004896680723522676,0.003132304186895011,3.842494487377978e-11,0.9999999999511366,-6.661567954897505e-05,-1.290146969033841e-14,5.511145105201426e-15,6.661567958373524e-05
7.399999999999982,0.0004929988563370628,0.003132304186895011,4.578902797584733e-11,0.9999999999517826,-6.6615679547941e-05,-1.273177081391975e-14,6.545188685369743e-15,6.661567958373524e-05
7.449999999999982,0.0004963296403217773,0.003132304186895011,5.446282773165401e-11,0.999999999952417,-6.66156795467273e-05,-1.256515928738021e-14,7.758879356995945e-15,6.661567958373524e-05
7.499999999999981,0.0004996604243064266,0.003132304186895011,6.466085962739205e-11,0.9999999999530398,-6.661567954530532e-05,-1.240156505869504e-14,9.180879002174222e-15,6.661567958373524e-05
7.549999999999981,0.0005029912082909989,0.003132304186895011,7.662967724883235e-11,0.9999999999536511,-6.661567954364219e-05,-1.224091852922704e-14,1.084400407459489e-14,6.661567958373524e-05
7.599999999999981,0.0005063219922754752,0.003132304186895011,9.065217785035531e-11,0.9999999999542514,-6.661567954170043e-05,-1.208315577652152e-14,1.278576477489867e-14,6.661567958373524e-05
7.649999999999981,0.0005096527762598255,0.003132304186895011,1.070524188402683e-10,0.9999999999548413,-6.661567953943722e-05,-1.192820502517784e-14,1.504896556136675e-14,6.661567958373524e-05
7.699999999999981,0.0005129835602440415,0.003132304186895011,1.262009971795722e-10,0.9999999999554202,-6.661567953680383e-05,-1.17760106068857e-14,1.768237290945562e-14,6.661567958373524e-05
7.74999999999998,0.0005163143442280618,0.003132304186895011,1.485210480039735e-10,0.9999999999559893,-6.661567953374474e-05,-1.162648392568174e-14,2.07414566881761e-14,6.661567958373524e-05
7.79999999999998,0.0005196451282119239,0.003132304186895011,1.744949233508545e-10,0.9999999999565481,-6.661567953019698e-05,-1.147961243967194e-14,2.42892119972058e-14,6.661567958373524e-05
7.84999999999998,0.0005229759121955422,0.003132304186895011,2.04671616715349e-10,0.9999999999570968,-6.661567952608912e-05,-1.133531218049644e-14,2.839706881622577e-14,6.661567958373524e-05
7.89999999999998,0.000526306696178918,0.003132304186895011,2.396750042710661e-10,0.9999999999576362,-6.66156795213403e-05,-1.11935296365493e-14,3.314589733701556e-14,6.661567958373524e-05
7.94999999999998,0.0005296374801620235,0.003132304186895011,2.802129789888005e-10,0.9999999999581659,-6.661567951585908e-05,-1.105420720493722e-14,3.862711740601525e-14,6.661567958373524e-05
7.99999999999998,0.0005329682641447797,0.003132304186895011,3.270875595668508e-10,0.9999999999586867,-6.661567950954227e-05,-1.091729164628313e-14,4.494392107862882e-14,6.661567958373524e-05
8.049999999999979,0.0005362990481271692,0.003132304186895011,3.812060620596686e-10,0.9999999999591984,-6.661567950227358e-05,-1.078272900466822e-14,5.221261788782612e-14,6.661567958373524e-05
8.09999999999998,0.000539629832109131,0.003132304186895011,4.435934283600889e-10,0.9999999999597012,-6.661567949392208e-05,-1.065047277995853e-14,6.05641130551146e-14,6.661567958373524e-05
8.149999999999981,0.0005429606160905904,0.003132304186895011,5.154058122584365e-10,0.9999999999601954,-6.661567948434066e-05,-1.052046621326015e-14,7.014552952234911e-14,6.661567958373524e-05
8.199999999999982,0.0005462914000714595,0.003132304186895011,5.979455306707661e-10,0.9999999999606816,-6.661567947336421e-05,-1.039261031757368e-14,8.112198535719612e-14,6.661567958373524e-05
8.249999999999982,0.0005496221840516833,0.003132304186895011,6.926774948085235e-10,0.9999999999611591,-6.661567946080766e-05,-1.026696632768126e-14,9.367853878374841e-14,6.661567958373524e-05
8.299999999999983,0.0005529529680311859,0.003132304186895011,8.012472435257095e-10,0.9999999999616284,-6.661567944646388e-05,-1.01434337602566e-14,1.080223138119296e-13,6.661567958373524e-05
8.349999999999984,0.0005562837520098482,0.003132304186895011,9.25500708885988e-10,0.9999999999620901,-6.661567943010137e-05,-1.00219668538405e-14,1.243848201851179e-13,6.661567958373524e-05
8.399999999999984,0.0005596145359875517,0.003132304186895011,1.06750585206258e-09,0.9999999999625439,-6.661567941146171e-05,-9.902521629232381e-15,1.43024482132146e-13,6.661567958373524e-05
8.449999999999985,0.0005629453199641726,0.003132304186895011,1.229576316082274e-09,0.99999999996299,-6.661567939025681e-05,-9.785058075010056e-15,1.642293911995979e-13,6.661567958373524e-05
8.499999999999986,0.0005662761039395817,0.003132304186895011,1.41429725061307e-09,0.9999999999634293,-6.661567936616589e-05,-9.66952656972048e-15,1.883202992504491e-13,6.661567958373524e-05
8.549999999999986,0.0005696068879135865,0.003132304186895011,1.624553472978859e-09,0.999999999963861,-6.661567933883232e-05,-9.555894788380601e-15,2.156538685445197e-13,6.661567958373524e-05
8.599999999999987,0.0005729376718860336,0.003132304186895011,1.863560138857993e-09,0.9999999999642852,-6.661567930786e-05,-9.444123239359885e-15,2.466261966648522e-13,6.661567958373524e-05
8.649999999999988,0.0005762684558567045,0.003132304186895011,2.134896105678337e-09,0.999999999964703,-6.661567927280955e-05,-9.334164287238455e-15,2.816766349198387e-13,6.661567958373524e-05
8.699999999999989,0.0005795992398253432,0.003132304186895011,2.44254018154021e-09,0.9999999999651149,-6.661567923319428e-05,-9.225893998288757e-15,3.212919197309467e-13,6.661567958373524e-05
8.749999999999989,0.0005829300237917429,0.003132304186895011,2.790910462667437e-09,0.9999999999655189,-6.661567918847556e-05,-9.119460202427166e-15,3.660106374252096e-13,6.661567958373524e-05
8.79999999999999,0.0005862608077555881,0.003132304186895011,3.184906972541247e-09,0.9999999999659165,-6.661567913805815e-05,-9.014740201578292e-15,4.164280437257383e-13,6.661567958373524e-05
8.849999999999991,0.0005895915917165703,0.003132304186895011,3.629957826748499e-09,0.9999999999663076,-6.661567908128492e-05,-8.911691459226127e-15,4.732012602075812e-13,6.661567958373524e-05
8.899999999999991,0.0005929223756743343,0.003132304186895011,4.132069158165378e-09,0.9999999999666926,-6.661567901743132e-05,-8.810281758786171e-15,5.370548708724615e-13,6.661567958373524e-05
8.949999999999992,0.0005962531596284986,0.003132304186895011,4.697879048241459e-09,0.9999999999670718,-6.661567894569926e-05,-8.710476666226885e-15,6.087869429538445e-13,6.661567958373524e-05
8.999999999999993,0.000599583943578597,0.003132304186895011,5.334715721368247e-09,0.9999999999674444,-6.661567886521071e-05,-8.612243693470457e-15,6.892754970048163e-13,6.661567958373524e-05
9.049999999999994,0.0006029147275241648,0.003132304186895011,6.050660270737114e-09,0.9999999999678114,-6.661567877500074e-05,-8.515554876955215e-15,7.7948545226888e-13,6.661567958373524e-05
9.099999999999994,0.0006062455114647253,0.003132304186895011,6.854614198388603e-09,0.999999999968139,-6.661567867401012e-05,-8.424482096716667e-15,8.804760743747911e-13,6.661567958373524e-05
9.149999999999995,0.0006095762953996183,0.003132304186895011,7.756372046723015e-09,0.9999999999684942,-6.661567856107724e-05,-8.330893791887655e-15,9.934089526023438e-13,6.661567958373524e-05
9.199999999999996,0.0006129070793281652,0.003132304186895011,8.766699456243698e-09,0.9999999999688448,-6.661567843492965e-05,-8.238586022542243e-15,1.1195565373456e-12,6.661567958373524e-05
9.249999999999996,0.0006162378632496452,0.003132304186895011,9.897416930815935e-09,0.9999999999691899,-6.661567829417494e-05,-8.147695690081497e-15,1.260311265170245e-12,6.661567958373524e-05
9.299999999999997,0.0006195686471632534,0.003132304186895011,1.116148965734282e-08,0.9999999999695298,-6.661567813729089e-05,-8.058197412280512e-15,1.41719530372572e-12,6.661567958373524e-05
9.349999999999998,0.0006228994310681004,0.003132304186895011,1.257312371485862e-08,0.9999999999698643,-6.661567796261525e-05,-7.970068964984132e-15,1.591870947807117e-12,6.661567958373524e-05
9.399999999999999,0.0006262302149631894,0.003132304186895011,1.414786902492159e-08,0.9999999999701935,-6.66156777683345e-05,-7.883277853353994e-15,1.786151699060596e-12,6.661567958373524e-05
9.449999999999999,0.0006295609988474627,0.003132304186895011,1.590272940719521e-08,0.9999999999705181,-6.661567755247212e-05,-7.797799415746879e-15,2.002014062764174e-12,6.661567958373524e-05
9.5,0.0006328917827197186,0.003132304186895011,1.785628011621515e-08,0.9999999999708375,-6.66156773128761e-05,-7.713613045747906e-15,2.24161009599601e-12,6.661567958373524e-05
9.550000000000001,0.0006362225665786704,0.003132304186895011,2.002879324737435e-08,0.9999999999711522,-6.661567704720546e-05,-7.630688775136894e-15,2.507280742352126e-12,6.661567958373524e-05
9.600000000000001,0.0006395533504228644,0.003132304186895011,2.244237141211067e-08,0.9999999999714623,-6.661567675291621e-05,-7.549005429252713e-15,2.801569989200904e-12,6.661567958373524e-05
9.650000000000002,0.0006428841342507292,0.003132304186895011,2.512109009412257e-08,0.9999999999717676,-6.66156764272463e-05,-7.468530220921033e-15,3.127239884260647e-12,6.661567958373524e-05
9.700000000000003,0.0006462149180605816,0.003132304186895011,2.809114911013313e-08,0.9999999999720685,-6.661567606719974e-05,-7.389253200612944e-15,3.48728644905612e-12,6.661567958373524e-05
9.750000000000004,0.0006495457018505049,0.003132304186895011,3.138103361024225e-08,0.9999999999723648,-6.661567566952967e-05,-7.311140855215375e-15,3.884956527546792e-12,6.661567958373524e-05
9.800000000000004,0.0006528764856184585,0.003132304186895011,3.502168506421664e-08,0.9999999999726568,-6.661567523072059e-05,-7.23417732033413e-15,4.323765608920875e-12,6.661567958373524e-05
9.850000000000005,0.0006562072693621599,0.003132304186895011,3.904668269126607e-08,0.9999999999729436,-6.661567474696953e-05,-7.158414356225051e-15,4.807516664264617e-12,6.661567958373524e-05
9.900000000000006,0.0006595380530791707,0.003132304186895011,4.349243580080598e-08,0.9999999999732272,-6.661567421416616e-05,-7.083678265823117e-15,5.340320037094814e-12,6.661567958373524e-05
9.950000000000006,0.0006628688367668421,0.003132304186895011,4.839838752445293e-08,0.9999999999735066,-6.661567362787176e-05,-7.010024844835505e-15,5.926614429254312e-12,6.661567958373524e-05
10.00000000000001,0.0006661996204222454,0.003132304186895011,5.380723042635437e-08,0.999999999973782,-6.661567298329717e-05,-6.93743134431955e-15,6.571189022840075e-12,6.661567958373524e-05
10.05000000000001,0.000669530404042221,0.003132304186895011,5.976513449144107e-08,0.9999999999740532,-6.661567227527942e-05,-6.865880196994382e-15,7.279206780425733e-12,6.661567958373524e-05
10.10000000000001,0.0006728611876233026,0.003132304186895011,6.632198799931771e-08,0.9999999999743207,-6.661567149825724e-05,-6.795353380457757e-15,8.05622896579539e-12,6.661567958373524e-05
10.15000000000001,0.0006761919711617375,0.003132304186895011,7.353165180064507e-08,0.9999999999745843,-6.661567064624527e-05,-6.72582869269172e-15,8.90824092785396e-12,6.661567958373524e-05
10.20000000000001,0.0006795227546534649,0.003132304186895011,8.145222752130355e-08,0.9999999999748441,-6.661566971280701e-05,-6.6572889285934e-15,9.841679190699803e-12,6.661567958373524e-05
10.25000000000001,0.0006828535380940773,0.003132304186895011,9.014634022754118e-08,0.9999999999751003,-6.661566869102631e-05,-6.589717793299013e-15,1.086345989310385e-11,6.661567958373524e-05
10.30000000000001,0.0006861843214787796,0.003132304186895011,9.968143609268017e-08,0.9999999999753528,-6.661566757347757e-05,-6.523096428058687e-15,1.198100862083481e-11,6.661567958373524e-05
10.35000000000001,0.0006895151048023589,0.003132304186895011,1.101300956127462e-07,0.9999999999756017,-6.661566635219452e-05,-6.457403569476109e-15,1.320229167540075e-11,6.661567958373524e-05
10.40000000000001,0.000692845888059244,0.003132304186895011,1.21570362924566e-07,0.9999999999758473,-6.661566501863738e-05,-6.39262691718398e-15,1.453584882284222e-11,6.661567958373524e-05
10.45000000000001,0.0006961766712433328,0.003132304186895011,1.34086091785415e-07,0.9999999999760893,-6.661566356365864e-05,-6.328748510360262e-15,1.599082756620837e-11,6.661567958373524e-05
10.50000000000001,0.0006995074543480828,0.003132304186895011,1.477673087781616e-07,0.9999999999763282,-6.661566197746721e-05,-6.265754421673076e-15,1.757701898527326e-11,6.661567958373524e-05
10.55000000000001,0.0007028382373663807,0.003132304186895011,1.627105943100112e-07,0.9999999999765634,-6.661566024959101e-05,-6.203623356924275e-15,1.930489518690423e-11,6.661567958373524e-05
10.60000000000002,0.0007061690202906207,0.003132304186895011,1.79019481976382e-07,0.9999999999767958,-6.661565836883778e-05,-6.142343252998792e-15,2.118564840927418e-11,6.661567958373524e-05
10.65000000000002,0.0007094998031125293,0.003132304186895011,1.968048768641026e-07,0.9999999999770246,-6.661565632325437e-05,-6.081899348710648e-15,2.323123182281532e-11,6.661567958373524e-05
10.70000000000002,0.0007128305858232625,0.003132304186895011,2.16185493370001e-07,0.9999999999772505,-6.661565410008413e-05,-6.022275321710245e-15,2.545440207044054e-11,6.661567958373524e-05
10.75000000000002,0.0007161613684132268,0.003132304186895011,2.372883131120089e-07,0.9999999999774736,-6.661565168572261e-05,-5.963457315415634e-15,2.786876358911021e-11,6.661567958373524e-05
10.80000000000002,0.0007194921508721587,0.003132304186895011,2.602490635101252e-07,0.9999999999776933,-6.661564906567145e-05,-5.9054296298037e-15,3.048881475429376e-11,6.661567958373524e-05
10.85000000000002,0.000722822933188994,0.003132304186895011,2.852127176139367e-07,0.99999999997791,-6.661564622449031e-05,-5.848178941595401e-15,3.332999588826956e-11,6.661567958373524e-05
10.90000000000002,0.0007261537153518592,0.003132304186895011,3.123340157518622e-07,0.9999999999781238,-6.661564314574701e-05,-5.791693602836235e-15,3.640873917251739e-11,6.661567958373524e-05
10.95000000000002,0.0007294844973479877,0.003132304186895011,3.417780095748468e-07,0.999999999978335,-6.661563981196569e-05,-5.735956844059743e-15,3.974252050369078e-11,6.661567958373524e-05
11.00000000000002,0.0007328152791637177,0.003132304186895011,3.737206290638732e-07,0.9999999999785434,-6.661563620457285e-05,-5.680955520942114e-15,4.334991333180525e-11,6.661567958373524e-05
11.05000000000002,0.0007361460607843641,0.003132304186895011,4.083492730663428e-07,0.9999999999787487,-6.661563230384168e-05,-5.626683228951233e-15,4.725064451834803e-11,6.661567958373524e-05
11.10000000000002,0.0007394768421942281,0.003132304186895011,4.4586342392112e-07,0.9999999999789515,-6.661562808883394e-05,-5.573120795258443e-15,5.146565225100079e-11,6.661567958373524e-05
11.15000000000002,0.0007428076233764863,0.003132304186895011,4.864752867257882e-07,0.9999999999791517,-6.661562353734014e-05,-5.520255835176641e-15,5.601714605057224e-11,6.661567958373524e-05
11.20000000000002,0.0007461384043131227,0.003132304186895011,5.304104537924416e-07,0.9999999999793494,-6.661561862581729e-05,-5.468081271116813e-15,6.092866890456155e-11,6.661567958373524e-05
11.25000000000002,0.0007494691849849045,0.003132304186895011,5.779085948301196e-07,0.9999999999795441,-6.661561332932462e-05,-5.416580669364203e-15,6.622516156051607e-11,6.661567958373524e-05
11.30000000000003,0.0007527999653712584,0.003132304186895011,6.292241733827552e-07,0.9999999999797367,-6.661560762145719e-05,-5.3657437311997e-15,7.193302901100966e-11,6.661567958373524e-05
11.35000000000003,0.0007561307454502097,0.003132304186895011,6.846271900412819e-07,0.9999999999799265,-6.661560147427699e-05,-5.315559235578661e-15,7.808020920065079e-11,6.661567958373524e-05
11.40000000000003,0.0007594615251983149,0.003132304186895011,7.444039529372761e-07,0.999999999980114,-6.661559485824221e-05,-5.266019299121997e-15,8.469624398403428e-11,6.661567958373524e-05
11.45000000000003,0.0007627923045905459,0.003132304186895011,8.088578760138074e-07,0.9999999999802988,-6.661558774213384e-05,-5.217145598622606e-15,9.181235236222428e-11,6.661567958373524e-05
11.50000000000003,0.0007661230836002795,0.003132304186895011,8.783103055522881e-07,0.9999999999804815,-6.661558009298017e-05,-5.168856118345197e-15,9.946150602205861e-11,6.661567958373524e-05
11.55000000000003,0.0007694538621991146,0.003132304186895011,9.531013754294439e-07,0.9999999999806619,-6.6615571875979e-05,-5.121175109761543e-15,1.076785072054581e-10,6.661567958373524e-05
11.60000000000003,0.0007727846403568481,0.003132304186895011,1.033590891549186e-06,0.9999999999808401,-6.661556305441727e-05,-5.074091025784466e-15,1.165000689271838e-10,6.661567958373524e-05
11.65000000000003,0.0007761154180412993,0.003132304186895011,1.120159245889423e-06,0.9999999999810162,-6.661555358958862e-05,-5.027598511012631e-15,1.259648975635158e-10,6.661567958373524e-05
11.70000000000003,0.0007794461952182701,0.003132304186895011,1.213208360581313e-06,0.9999999999811897,-6.661554344070835e-05,-4.981686239484143e-15,1.361137778297329e-10,6.661567958373524e-05
11.75000000000003,0.0007827769718514031,0.003132304186895011,1.313162662421058e-06,0.9999999999813615,-6.661553256482603e-05,-4.93634352298757e-15,1.469896601627316e-10,6.661567958373524e-05
11.80000000000003,0.0007861077479021128,0.003132304186895011,1.420470088195061e-06,0.9999999999815306,-6.661552091673566e-05,-4.891560536393313e-15,1.586377505230668e-10,6.661567958373524e-05
11.85000000000003,0.0007894385233293811,0.003132304186895011,1.535603121178952e-06,0.9999999999816983,-6.661550844888357e-05,-4.847331557075251e-15,1.711056026285756e-10,6.661567958373524e-05
11.90000000000003,0.0007927692980897438,0.003132304186895011,1.659059859149735e-06,0.9999999999818634,-6.661549511127357e-05,-4.803644032027703e-15,1.844432126295407e-10,6.661567958373524e-05
11.95000000000003,0.0007961000721370745,0.003132304186895011,1.791365114228095e-06,0.9999999999820263,-6.661548085136995e-05,-4.760489095000362e-15,1.987031162331095e-10,6.661567958373524e-05
12.00000000000004,0.00079943084542249,0.003132304186895011,1.9330715448448e-06,0.9999999999821878,-6.66154656139979e-05,-4.717860582533126e-15,2.13940488282367e-10,6.661567958373524e-05
12.05000000000004,0.0008027616178942476,0.003132304186895011,2.084760820101108e-06,0.9999999999823469,-6.661544934124141e-05,-4.675748210548552e-15,2.30213244793109e-10,6.661567958373524e-05
12.10000000000004,0.0008060923894975251,0.003132304186895011,2.247044816768164e-06,0.9999999999825044,-6.661543197233876e-05,-4.634143494276434e-15,2.475821474489492e-10,6.661567958373524e-05
12.15000000000004,0.0008094231601743031,0.003132304186895011,2.420566849144661e-06,0.9999999999826596,-6.661541344357565e-05,-4.593039678814349e-15,2.661109105529402e-10,6.661567958373524e-05
12.20000000000004,0.000812753929863309,0.003132304186895011,2.606002931965408e-06,0.9999999999828133,-6.661539368817575e-05,-4.552426300507562e-15,2.858663104313918e-10,6.661567958373524e-05
12.25000000000004,0.000816084698499671,0.003132304186895011,2.804063076526079e-06,0.999999999982965,-6.661537263618891e-05,-4.512297830496479e-15,3.069182972830303e-10,6.661567958373524e-05
12.30000000000004,0.000819415466014918,0.003132304186895011,3.01549262016127e-06,0.9999999999831148,-6.661535021437673e-05,-4.472648202326563e-15,3.293401094640717e-10,6.661567958373524e-05
12.35000000000004,0.0008227462323367105,0.003132304186895011,3.241073589184049e-06,0.9999999999832629,-6.661532634609601e-05,-4.43346549217589e-15,3.532083901971657e-10,6.661567958373524e-05
12.40000000000004,0.0008260769973887135,0.003132304186895011,3.4816260953656e-06,0.9999999999834094,-6.66153009511795e-05,-4.394742534362188e-15,3.78603306689548e-10,6.661567958373524e-05
12.45000000000004,0.0008294077610904286,0.003132304186895011,3.738009766003271e-06,0.9999999999835539,-6.661527394581456e-05,-4.356475020889902e-15,4.056086716430503e-10,6.661567958373524e-05
12.50000000000004,0.0008327385233569376,0.003132304186895011,4.011125207594364e-06,0.9999999999836969,-6.661524524241906e-05,-4.318654948777991e-15,4.343120671359542e-10,6.661567958373524e-05
12.55000000000004,0.0008360692840987689,0.003132304186895011,4.301915503101503e-06,0.9999999999838384,-6.661521474951533e-05,-4.281274744329155e-15,4.64804970853961e-10,6.661567958373524e-05
12.60000000000004,0.0008394000432216577,0.003132304186895011,4.611367742763293e-06,0.9999999999839777,-6.661518237160154e-05,-4.244330874004954e-15,4.971828846448232e-10,6.661567958373524e-05
12.65000000000004,0.0008427308006263995,0.003132304186895011,4.940514588371339e-06,0.9999999999841159,-6.661514800902082e-05,-4.207808760597987e-15,5.315454653684669e-10,6.661567958373524e-05
12.70000000000005,0.0008460615562085466,0.003132304186895011,5.29043587090152e-06,0.9999999999842523,-6.661511155782819e-05,-4.171710128010048e-15,5.679966580116799e-10,6.661567958373524e-05
12.75000000000005,0.0008493923098582644,0.003132304186895011,5.662260221353953e-06,0.999999999984387,-6.661507290965516e-05,-4.136022680469022e-15,6.066448310337061e-10,6.661567958373524e-05
12.80000000000005,0.0008527230614600258,0.003132304186895011,6.057166734621903e-06,0.9999999999845203,-6.661503195157229e-05,-4.100742970968486e-15,6.476029139063409e-10,6.661567958373524e-05
12.85000000000005,0.0008560538108924891,0.003132304186895011,6.476386666175716e-06,0.9999999999846522,-6.661498856594939e-05,-4.065863887479665e-15,6.909885368093799e-10,6.661567958373524e-05
12.90000000000005,0.0008593845580281325,0.003132304186895011,6.921205161313036e-06,0.9999999999847826,-6.661494263031375e-05,-4.031380741208882e-15,7.3692417243954e-10,6.661567958373524e-05
12.95000000000005,0.0008627153027330852,0.003132304186895011,7.392963016691667e-06,0.9999999999849112,-6.661489401720632e-05,-3.997287041579412e-15,7.855372798882539e-10,6.661567958373524e-05
13.00000000000005,0.0008660460448668718,0.003132304186895011,7.893058473826235e-06,0.9999999999850384,-6.661484259403565e-05,-3.963575285750595e-15,8.369604505410242e-10,6.661567958373524e-05
13.05000000000005,0.0008693767842820458,0.003132304186895011,8.422949044194389e-06,0.9999999999851643,-6.661478822293025e-05,-3.930239078449213e-15,8.9133155594834e-10,6.661567958373524e-05
13.10000000000005,0.0008727075208240977,0.003132304186895011,8.984153365562694e-06,0.999999999985289,-6.661473076058858e-05,-3.897275767173059e-15,9.487938976154931e-10,6.661567958373524e-05
13.15000000000005,0.0008760382543309721,0.003132304186895011,9.578253089106922e-06,0.9999999999854121,-6.661467005812755e-05,-3.864680059446876e-15,1.009496358655972e-09,6.661567958373524e-05
13.20000000000005,0.0008793689846329743,0.003132304186895011,1.02068947968654e-05,0.9999999999855339,-6.661460596092895e-05,-3.832441720648348e-15,1.073593557250533e-09,6.661567958373524e-05
13.25000000000005,0.0008826997115523235,0.003132304186895011,1.087179194902877e-05,0.9999999999856543,-6.661453830848435e-05,-3.800561854175737e-15,1.141246001851423e-09,6.661567958373524e-05
13.30000000000005,0.0008860304349029153,0.003132304186895011,1.157472686053353e-05,0.9999999999857734,-6.661446693423812e-05,-3.769030125992552e-15,1.212620248068733e-09,6.661567958373524e-05
13.35000000000005,0.0008893611544900333,0.003132304186895011,1.231755270639125e-05,0.9999999999858912,-6.661439166542902e-05,-3.737842324386547e-15,1.287889057173317e-09,6.661567958373524e-05
13.40000000000006,0.0008926918701100127,0.003132304186895011,1.310219555514993e-05,0.9999999999860074,-6.661431232293005e-05,-3.706997448480264e-15,1.367231556148269e-09,6.661567958373524e-05
13.45000000000006,0.0008960225815498603,0.003132304186895011,1.393065642984871e-05,0.9999999999861229,-6.661422872108697e-05,-3.676482998347856e-15,1.450833399218538e-09,6.661567958373524e-05
13.50000000000006,0.0008993532885870164,0.003132304186895011,1.480501339579173e-05,0.9999999999862368,-6.661414066755541e-05,-3.646303026197561e-15,1.538886930785897e-09,6.661567958373524e-05
13.55000000000006,0.0009026839909889198,0.003132304186895011,1.572742367443282e-05,0.9999999999863494,-6.66140479631365e-05,-3.616444809705398e-15,1.631591349694135e-09,6.661567958373524e-05
13.60000000000006,0.0009060146885127129,0.003132304186895011,1.67001257826273e-05,0.9999999999864611,-6.661395040161145e-05,-3.586907865146285e-15,1.72915287474715e-09,6.661567958373524e-05
13.65000000000006,0.0009093453809048873,0.003132304186895011,1.772544169647399e-05,0.9999999999865713,-6.661384776957479e-05,-3.557685576938238e-15,1.83178491140035e-09,6.661567958373524e-05
13.70000000000006,0.0009126760679008466,0.003132304186895011,1.880577903893581e-05,0.9999999999866805,-6.661373984626666e-05,-3.528776730724102e-15,1.939708219543688e-09,6.661567958373524e-05
13.75000000000006,0.0009160067492246558,0.003132304186895011,1.994363329039491e-05,0.9999999999867885,-6.661362640340391e-05,-3.500173405350119e-15,2.053151082292548e-09,6.661567958373524e-05
13.80000000000006,0.0009193374245885064,0.003132304186895011,2.114159002126484e-05,0.9999999999868951,-6.661350720501049e-05,-3.471872170587513e-15,2.172349475700702e-09,6.661567958373524e-05
13.85000000000006,0.0009226680936924459,0.003132304186895011,2.240232714575022e-05,0.9999999999870008,-6.661338200724689e-05,-3.443869026338214e-15,2.297547239307647e-09,6.661567958373524e-05
13.90000000000006,0.0009259987562239048,0.003132304186895011,2.372861719581245e-05,0.9999999999871054,-6.661325055823876e-05,-3.416160461749883e-15,2.428996247430703e-09,6.661567958373524e-05
13.95000000000006,0.0009293294118573362,0.003132304186895011,2.512332961436933e-05,0.9999999999872089,-6.661311259790509e-05,-3.388741220319125e-15,2.566956581110524e-09,6.661567958373524e-05
14.00000000000006,0.0009326600602537132,0.003132304186895011,2.658943306672512e-05,0.9999999999873114,-6.661296785778557e-05,-3.361607624560907e-15,2.711696700616941e-09,6.661567958373524e-05
14.05000000000006,0.0009359907010602132,0.003132304186895011,2.812999776919863e-05,0.9999999999874125,-6.661281606086777e-05,-3.334757974805137e-15,2.863493618420382e-09,6.661567958373524e-05
14.10000000000007,0.0009393213339097279,0.003132304186895011,2.974819783388732e-05,0.9999999999875129,-6.661265692141366e-05,-3.308181453793564e-15,3.022633072532605e-09,6.661567958373524e-05
14.15000000000007,0.0009426519584203891,0.003132304186895011,3.144731362847711e-05,0.9999999999876122,-6.661249014478608e-05,-3.281881459241898e-15,3.189409700118971e-09,6.661567958373524e-05
14.20000000000007,0.0009459825741951521,0.003132304186895011,3.323073414998007e-05,0.9999999999877103,-6.661231542727491e-05,-3.255853464877082e-15,3.364127211283128e-09,6.661567958373524e-05
14.25000000000007,0.0009493131808213083,0.003132304186895011,3.510195941125568e-05,0.9999999999878076,-6.661213245592327e-05,-3.23008844783189e-15,3.547098562923612e-09,6.661567958373524e-05
14.30000000000007,0.0009526437778700769,0.003132304186895011,3.706460283914493e-05,0.9999999999879038,-6.661194090835363e-05,-3.204586805132803e-15,3.738646132560702e-09,6.661567958373524e-05
14.35000000000007,0.000955974364896012,0.003132304186895011,3.912239368302202e-05,0.9999999999879988,-6.661174045259417e-05,-3.179345213481693e-15,3.939101892030738e-09,6.661567958373524e-05
14.40000000000007,0.0009593049414366464,0.003132304186895011,4.127917943254412e-05,0.9999999999880932,-6.661153074690525e-05,-3.154358966522082e-15,4.148807580943995e-09,6.661567958373524e-05
14.45000000000007,0.0009626355070119124,0.003132304186895011,4.353892824335647e-05,0.9999999999881866,-6.661131143960639e-05,-3.129624484521966e-15,4.368114879801366e-09,6.661567958373524e-05
14.50000000000007,0.0009659660611235801,0.003132304186895011,4.590573136948821e-05,0.999999999988279,-6.661108216890353e-05,-3.105138848954982e-15,4.597385582664124e-09,6.661567958373524e-05
14.55000000000007,0.0009692966032549547,0.003132304186895011,4.83838056011525e-05,0.9999999999883702,-6.661084256271692e-05,-3.080898180673051e-15,4.836991769270382e-09,6.661567958373524e-05
14.60000000000007,0.0009726271328700479,0.003132304186895011,5.09774957066454e-05,0.9999999999884607,-6.66105922385097e-05,-3.056901623074295e-15,5.087315976491085e-09,6.661567958373524e-05
14.65000000000007,0.0009759576494133885,0.003132304186895011,5.369127687701779e-05,0.9999999999885505,-6.661033080311717e-05,-3.033142254703609e-15,5.348751369017861e-09,6.661567958373524e-05
14.70000000000007,0.0009792881523091664,0.003132304186895011,5.652975717217706e-05,0.9999999999886389,-6.661005785257702e-05,-3.009618114416238e-15,5.621701909174548e-09,6.661567958373524e-05
14.75000000000007,0.0009826186409608835,0.003132304186895011,5.949767996705866e-05,0.9999999999887271,-6.660977297196046e-05,-2.98632367811571e-15,5.906582525743766e-09,6.661567958373524e-05
14.80000000000008,0.0009859491147507372,0.003132304186895011,6.259992639649078e-05,0.9999999999888142,-6.66094757352045e-05,-2.963264917119775e-15,6.203819281699732e-09,6.661567958373524e-05
14.85000000000008,0.0009892795730390596,0.003132304186895011,6.584151779736214e-05,0.9999999999888998,-6.660916570494545e-05,-2.940428495627437e-15,6.51384954073812e-09,6.661567958373524e-05
14.90000000000008,0.0009926100151637337,0.003132304186895011,6.922761814668746e-05,0.9999999999889853,-6.66088424323537e-05,-2.917816738573482e-15,6.837122132493874e-09,6.661567958373524e-05
14.95000000000008,0.0009959404404396134,0.003132304186895011,7.27635364941545e-05,0.9999999999890697,-6.660850545696985e-05,-2.89542321880728e-15,7.174097516337609e-09,6.661567958373524e-05
15.00000000000008,0.000999270848157946,0.003132304186895011,7.645472938772385e-05,0.9999999999891532,-6.660815430654256e-05,-2.873249631566382e-15,7.525247943641607e-09,6.661567958373524e-05
15.05000000000008,0.00100260123758576,0.003132304186895011,8.030680329084394e-05,0.9999999999892361,-6.66077884968678e-05,-2.851292395316613e-15,7.891057618406303e-09,6.661567958373524e-05
15.10000000000008,0.001005931607965312,0.003132304186895011,8.432551698983269e-05,0.9999999999893182,-6.660740753163005e-05,-2.82954429565693e-15,8.272022856138623e-09,6.661567958373524e-05
15.15000000000008,0.001009261958513365,0.003132304186895011,8.851678398997235e-05,0.9999999999893991,-6.660701090224533e-05,-2.808006410559756e-15,8.668652240873742e-09,6.661567958373524e-05
15.20000000000008,0.001012592288420665,0.003132304186895011,9.288667489885469e-05,0.9999999999894796,-6.660659808770597e-05,-2.786674565646999e-15,9.081466780232389e-09,6.661567958373524e-05
15.25000000000008,0.001015922596851285,0.003132304186895011,9.744141979551061e-05,0.9999999999895594,-6.660616855442779e-05,-2.765545137536804e-15,9.511000058406364e-09,6.661567958373524e-05
15.30000000000008,0.001019252882941959,0.003132304186895011,0.0001021874105838519,0.9999999999896383,-6.660572175609923e-05,-2.744618969355734e-15,9.957798386965345e-09,6.661567958373524e-05
15.35000000000008,0.001022583145801492,0.003132304186895011,0.0001071312033289527,0.9999999999897162,-6.660525713353283e-05,-2.723890854641573e-15,1.042242095337916e-08,6.661567958373524e-05
15.40000000000008,0.001025913384510069,0.003132304186895011,0.0001122795205746936,0.9999999999897937,-6.660477411451904e-05,-2.703359422350193e-15,1.090543996715015e-08,6.661567958373524e-05
15.45000000000008,0.001029243598118535,0.003132304186895011,0.0001176392536412928,0.9999999999898705,-6.660427211368274e-05,-2.68302052761205e-15,1.140744080345131e-08,6.661567958373524e-05
15.50000000000009,0.001032573785648016,0.003132304186895011,0.0001232174649012225,0.9999999999899463,-6.660375053234204e-05,-2.662860374431137e-15,1.192902214415674e-08,6.661567958373524e-05
15.55000000000009,0.00103590394608876,0.003132304186895011,0.0001290213900321798,0.9999999999900215,-6.660320875836996e-05,-2.642902493219815e-15,1.247079611621975e-08,6.661567958373524e-05
15.60000000000009,0.001039234078399878,0.003132304186895011,0.0001350584402453254,0.9999999999900961,-6.660264616605904e-05,-2.623130929078489e-15,1.303338842716466e-08,6.661567958373524e-05
15.65000000000009,0.00104256418150847,0.003132304186895011,0.0001413362044876781,0.9999999999901701,-6.660206211598846e-05,-2.603543742183851e-15,1.361743849774674e-08,6.661567958373524e-05
15.70000000000009,0.001045894254308979,0.003132304186895011,0.0001478624516170026,0.9999999999902429,-6.660145595489459e-05,-2.584138621220815e-15,1.422359959159172e-08,6.661567958373524e-05
15.75000000000009,0.001049224295662513,0.003132304186895011,0.0001546451325477811,0.9999999999903155,-6.660082701554446e-05,-2.564913386023901e-15,1.485253894173724e-08,6.661567958373524e-05
15.80000000000009,0.001052554304396064,0.003132304186895011,0.0001616923823668254,0.999999999990387,-6.66001746166122e-05,-2.545865221832515e-15,1.550493787398187e-08,6.661567958373524e-05
15.85000000000009,0.001055884279301893,0.003132304186895011,0.0001690125224170907,0.9999999999904584,-6.659949806255924e-05,-2.526993135221392e-15,1.618149192694734e-08,6.661567958373524e-05
15.90000000000009,0.001059214219136757,0.003132304186895011,0.0001766140623482641,0.9999999999905287,-6.659879664351743e-05,-2.508295020643335e-15,1.688291096876112e-08,6.661567958373524e-05
15.95000000000009,0.001062544122621177,0.003132304186895011,0.0001845057021327094,0.9999999999905985,-6.659806963517592e-05,-2.489764981807597e-15,1.760991931026867e-08,6.661567958373524e-05
16.00000000000009,0.001065873988438781,0.003132304186895011,0.0001926963340453679,0.9999999999906679,-6.65973162986715e-05,-2.4714082784517e-15,1.836325581468553e-08,6.661567958373524e-05
16.05000000000009,0.001069203815235431,0.003132304186895011,0.0002011950446062205,0.9999999999907363,-6.659653588048259e-05,-2.453214375162959e-15,1.91436740036024e-08,6.661567958373524e-05
16.10000000000009,0.001072533601618654,0.003132304186895011,0.0002100111164839382,0.9999999999908042,-6.659572761232694e-05,-2.435187684823524e-15,1.995194215925701e-08,6.661567958373524e-05
16.15000000000009,0.001075863346156804,0.003132304186895011,0.0002191540303593589,0.9999999999908715,-6.659489071106321e-05,-2.417320780864378e-15,2.078884342298978e-08,6.661567958373524e-05
16.2000000000001,0.001079193047378309,0.003132304186895011,0.0002286334667474462,0.9999999999909384,-6.65940243785964e-05,-2.399618618631445e-15,2.165517588980089e-08,6.661567958373524e-05
16.2500000000001,0.001082522703770948,0.003132304186895011,0.0002384593077764064,0.9999999999910043,-6.659312780178726e-05,-2.382075009733972e-15,2.255175269892995e-08,6.661567958373524e-05
16.3000000000001,0.001085852313781104,0.003132304186895011,0.0002486416389226517,0.9999999999910697,-6.659220015236581e-05,-2.364684118357066e-15,2.347940212038015e-08,6.661567958373524e-05
16.3500000000001,0.001089181875812951,0.003132304186895011,0.0002591907507003257,0.9999999999911348,-6.659124058684888e-05,-2.347455074169429e-15,2.443896763731195e-08,6.661567958373524e-05
16.4000000000001,0.001092511388227788,0.003132304186895011,0.0002701171403041204,0.9999999999911992,-6.659024824646197e-05,-2.330374710577456e-15,2.543130802423299e-08,6.661567958373524e-05
16.4500000000001,0.001095840849343123,0.003132304186895011,0.0002814315132041411,0.9999999999912628,-6.658922225706527e-05,-2.3134489509147e-15,2.645729742091343e-08,6.661567958373524e-05
16.5000000000001,0.001099170257432056,0.003132304186895011,0.0002931447846915924,0.999999999991326,-6.658816172908423e-05,-2.296671699141466e-15,2.75178254019583e-08,6.661567958373524e-05
16.5500000000001,0.001102499610722377,0.003132304186895011,0.0003052680813740882,0.9999999999913886,-6.658706575744423e-05,-2.280042791823845e-15,2.861379704197039e-08,6.661567958373524e-05
16.6000000000001,0.001105828907395876,0.003132304186895011,0.0003178127426194065,0.9999999999914507,-6.658593342150995e-05,-2.26356001176325e-15,2.974613297624016e-08,6.661567958373524e-05
16.6500000000001,0.001109158145587527,0.003132304186895011,0.0003307903219465379,0.9999999999915125,-6.658476378502929e-05,-2.247223436829466e-15,3.091576945690105e-08,6.661567958373524e-05
16.7000000000001,0.001112487323384734,0.003132304186895011,0.0003442125883629057,0.9999999999915731,-6.658355589608171e-05,-2.231029290092788e-15,3.212365840449145e-08,6.661567958373524e-05
16.7500000000001,0.001115816438826465,0.003132304186895011,0.0003580915276466511,0.9999999999916337,-6.658230878703133e-05,-2.214975868924714e-15,3.337076745486685e-08,6.661567958373524e-05
16.8000000000001,0.001119145489902543,0.003132304186895011,0.00037243934357292,0.9999999999916935,-6.658102147448478e-05,-2.199062533194143e-15,3.465808000140833e-08,6.661567958373524e-05
16.8500000000001,0.001122474474552838,0.003132304186895011,0.0003872684590831007,0.9999999999917529,-6.657969295925371e-05,-2.183286332395581e-15,3.598659523247595e-08,6.661567958373524e-05
16.90000000000011,0.001125803390666494,0.003132304186895011,0.0004025915173960019,0.9999999999918119,-6.657832222632213e-05,-2.167648030687105e-15,3.73573281640586e-08,6.661567958373524e-05
16.95000000000011,0.001129132236081046,0.003132304186895011,0.0004184213830599825,0.9999999999918704,-6.657690824481862e-05,-2.152145722608168e-15,3.87713096675738e-08,6.661567958373524e-05
17.00000000000011,0.001132461008581739,0.003132304186895011,0.0004347711429450784,0.9999999999919281,-6.657544996799341e-05,-2.136775129713533e-15,4.022958649277433e-08,6.661567958373524e-05
17.05000000000011,0.001135789705900671,0.003132304186895011,0.0004516541071742014,0.9999999999919854,-6.657394633320048e-05,-2.121536733973349e-15,4.173322128572067e-08,6.661567958373524e-05
17.10000000000011,0.001139118325716022,0.003132304186895011,0.000469083809992515,0.9999999999920424,-6.657239626188442e-05,-2.106430685303635e-15,4.328329260178123e-08,6.661567958373524e-05
17.15000000000011,0.001142446865651244,0.003132304186895011,0.0004870740105741274,0.9999999999920988,-6.657079865957257e-05,-2.091451024593229e-15,4.488089491362464e-08,6.661567958373524e-05
17.20000000000011,0.001145775323274295,0.003132304186895011,0.0005056386937652679,0.9999999999921548,-6.656915241587202e-05,-2.076600374572311e-15,4.652713861417187e-08,6.661567958373524e-05
17.25000000000011,0.001149103696096724,0.003132304186895011,0.0005247920707631529,0.99999999999221,-6.656745640447171e-05,-2.061879283818359e-15,4.82231500144775e-08,6.661567958373524e-05
17.30000000000011,0.001152431981573073,0.003132304186895011,0.0005445485797297765,0.999999999992265,-6.656570948314969e-05,-2.047277415556177e-15,4.997007133651318e-08,6.661567958373524e-05
17.35000000000011,0.001155760177099945,0.003132304186895011,0.0005649228863398934,0.9999999999923194,-6.656391049378537e-05,-2.03280200331221e-15,5.176906070082886e-08,6.661567958373524e-05
17.40000000000011,0.00115908828001524,0.003132304186895011,0.0005859298842625012,0.9999999999923735,-6.656205826237712e-05,-2.018447237154793e-15,5.362129210906926e-08,6.661567958373524e-05
17.45000000000011,0.001162416287597332,0.003132304186895011,0.0006075846955751572,0.9999999999924273,-6.656015159906487e-05,-2.004213198413215e-15,5.552795542132724e-08,6.661567958373524e-05
17.50000000000011,0.001165744197064379,0.003132304186895011,0.0006299026711105032,0.9999999999924803,-6.655818929815787e-05,-1.990103335499989e-15,5.749025632831702e-08,6.661567958373524e-05
17.55000000000011,0.001169072005573416,0.003132304186895011,0.0006528993907344081,0.9999999999925331,-6.655617013816784e-05,-1.97610711344177e-15,5.950941631835382e-08,6.661567958373524e-05
17.60000000000012,0.001172399710219622,0.003132304186895011,0.0006765906635551685,0.9999999999925852,-6.655409288184706e-05,-1.962228975453007e-15,6.158667263912906e-08,6.661567958373524e-05
17.65000000000012,0.001175727308035505,0.003132304186895011,0.0007009925280632484,0.9999999999926371,-6.655195627623193e-05,-1.948465551431594e-15,6.372327825427267e-08,6.661567958373524e-05
17.70000000000012,0.001179054795990215,0.003132304186895011,0.0007261212522010702,0.9999999999926882,-6.65497590526915e-05,-1.934818342405793e-15,6.59205017946971e-08,6.661567958373524e-05
17.75000000000012,0.00118238217098863,0.003132304186895011,0.00075199333336241,0.9999999999927394,-6.654749992698148e-05,-1.921282205272472e-15,6.817962750472008e-08,6.661567958373524e-05
17.80000000000012,0.001185709429870635,0.003132304186895011,0.0007786254983209825,0.9999999999927897,-6.654517759930323e-05,-1.907858520166623e-15,7.050195518296592e-08,6.661567958373524e-05
17.85000000000012,0.0011890365694104,0.003132304186895011,0.0008060347030878379,0.9999999999928399,-6.654279075436814e-05,-1.894546046457038e-15,7.288880011804814e-08,6.661567958373524e-05
17.90000000000012,0.001192363586315502,0.003132304186895011,0.0008342381326972315,0.9999999999928895,-6.654033806146715e-05,-1.881344543319327e-15,7.534149301903834e-08,6.661567958373524e-05
17.95000000000012,0.001195690477226239,0.003132304186895011,0.0008632532009206606,0.9999999999929388,-6.653781817454546e-05,-1.868250059325422e-15,7.786137994072891e-08,6.661567958373524e-05
18.00000000000012,0.001199017238714843,0.003132304186895011,0.0008930975499087991,0.9999999999929877,-6.65352297322825e-05,-1.855263964107463e-15,8.044982220370033e-08,6.661567958373524e-05
18.05000000000012,0.001202343867284739,0.003132304186895011,0.0009237890497611045,0.9999999999930362,-6.653257135817699e-05,-1.842383715729898e-15,8.31081963092062e-08,6.661567958373524e-05
18.10000000000012,0.001205670359369734,0.003132304186895011,0.0009553457980228942,0.9999999999930843,-6.65298416606373e-05,-1.829607531378275e-15,8.583789384889054e-08,6.661567958373524e-05
18.15000000000012,0.001208996711333324,0.003132304186895011,0.000987786119109738,0.9999999999931318,-6.652703923307684e-05,-1.81693452865399e-15,8.864032140935663e-08,6.661567958373524e-05
18.20000000000012,0.001212322919467975,0.003132304186895011,0.001021128563659045,0.9999999999931792,-6.652416265401458e-05,-1.804365477857354e-15,9.151690047160778e-08,6.661567958373524e-05
18.25000000000012,0.00121564897999426,0.003132304186895011,0.001055391907808756,0.9999999999932263,-6.652121048718082e-05,-1.791897844300061e-15,9.446906730538193e-08,6.661567958373524e-05
18.30000000000013,0.001218974889060263,0.003132304186895011,0.001090595152403093,0.9999999999932727,-6.651818128162779e-05,-1.779532521878067e-15,9.749827285840759e-08,6.661567958373524e-05
18.35000000000013,0.001222300642740733,0.003132304186895011,0.001126757522125351,0.9999999999933188,-6.651507357184559e-05,-1.767264454761994e-15,1.006059826406068e-07,6.661567958373524e-05
18.40000000000013,0.001225626237036544,0.003132304186895011,0.001163898464557759,0.9999999999933645,-6.651188587788292e-05,-1.755097669070955e-15,1.037936766032782e-07,6.661567958373524e-05
18.45000000000013,0.001228951667873668,0.003132304186895011,0.001202037649168462,0.9999999999934103,-6.65086167054729e-05,-1.743026447015498e-15,1.070628490132894e-07,6.661567958373524e-05
18.50000000000013,0.001232276931102847,0.003132304186895011,0.001241194966225725,0.9999999999934551,-6.650526454616387e-05,-1.731052247786127e-15,1.104150083223178e-07,6.661567958373524e-05
18.55000000000013,0.00123560202249857,0.003132304186895011,0.001281390525639467,0.9999999999934999,-6.650182787745502e-05,-1.719175802790798e-15,1.138516770311732e-07,6.661567958373524e-05
18.60000000000013,0.001238926937758562,0.003132304186895011,0.001322644655730327,0.9999999999935441,-6.649830516293695e-05,-1.707393314715631e-15,1.173743915492443e-07,6.661567958373524e-05
18.65000000000013,0.001242251672503013,0.003132304186895011,0.001364977901926416,0.999999999993588,-6.649469485243708e-05,-1.695703012598867e-15,1.209847020491107e-07,6.661567958373524e-05
18.70000000000013,0.001245576222273923,0.003132304186895011,0.001408411025388023,0.9999999999936318,-6.649099538216983e-05,-1.684107063330707e-15,1.24684172316362e-07,6.661567958373524e-05
18.75000000000013,0.001248900582534463,0.003132304186895011,0.00145296500156051,0.9999999999936749,-6.648720517489152e-05,-1.672600589361696e-15,1.284743795946737e-07,6.661567958373524e-05
18.80000000000013,0.001252224748668267,0.003132304186895011,0.001498661018655733,0.9999999999937178,-6.648332264006001e-05,-1.661189067802834e-15,1.32356914426185e-07,6.661567958373524e-05
18.85000000000013,0.00125554871597872,0.003132304186895011,0.001545520476062281,0.9999999999937604,-6.647934617399897e-05,-1.649865699303487e-15,1.363333804872299e-07,6.661567958373524e-05
18.90000000000013,0.001258872479688512,0.003132304186895011,0.001593564982684936,0.9999999999938027,-6.647527416006672e-05,-1.638631272591777e-15,1.404053944194732e-07,6.661567958373524e-05
18.95000000000013,0.001262196034938697,0.003132304186895011,0.001642816355213725,0.9999999999938447,-6.64711049688297e-05,-1.627484446108007e-15,1.44574585656507e-07,6.661567958373524e-05
19.00000000000014,0.001265519376788337,0.003132304186895011,0.001693296616323016,0.9999999999938864,-6.646683695824023e-05,-1.616425995789929e-15,1.488425962459616e-07,6.661567958373524e-05
19.05000000000014,0.001268842500213758,0.003132304186895011,0.001745027992801098,0.9999999999939275,-6.6462468473819e-05,-1.605454421632527e-15,1.532110806671904e-07,6.661567958373524e-05
19.10000000000014,0.001272165400107925,0.003132304186895011,0.001798032913610766,0.9999999999939684,-6.64579978488416e-05,-1.594568382034685e-15,1.576817056445868e-07,6.661567958373524e-05
19.15000000000014,0.001275488071279859,0.003132304186895011,0.001852334007881407,0.9999999999940089,-6.645342340452959e-05,-1.583766164830822e-15,1.622561499565973e-07,6.661567958373524e-05
19.20000000000014,0.001278810508454051,0.003132304186895011,0.00190795410283316,0.9999999999940495,-6.64487434502457e-05,-1.573048878023933e-15,1.669361042404895e-07,6.661567958373524e-05
19.25000000000014,0.001282132706269923,0.003132304186895011,0.001964916221633733,0.9999999999940894,-6.644395628369325e-05,-1.562414321864461e-15,1.71723270792946e-07,6.661567958373524e-05
19.30000000000014,0.001285454659281153,0.003132304186895011,0.002023243581188474,0.9999999999941293,-6.643906019111966e-05,-1.551863227181148e-15,1.766193633665434e-07,6.661567958373524e-05
19.35000000000014,0.00128877636195518,0.003132304186895011,0.00208295958986436,0.9999999999941686,-6.6434053447524e-05,-1.541394051077407e-15,1.816261069621915e-07,6.661567958373524e-05
19.40000000000014,0.001292097808672662,0.003132304186895011,0.002144087845148562,0.9999999999942076,-6.642893431686859e-05,-1.53100597970702e-15,1.867452376175966e-07,6.661567958373524e-05
19.45000000000014,0.001295418993726927,0.003132304186895011,0.002206652131242278,0.9999999999942466,-6.642370105229437e-05,-1.520696137112769e-15,1.919785021918232e-07,6.661567958373524e-05
19.50000000000014,0.001298739911323046,0.003132304186895011,0.002270676416978013,0.99999999999431,-6.64183518963631e-05,-1.508081121725483e-15,1.973276581231057e-07,6.661567958373524e-05
19.55000000000014,0.001302060555578439,0.003132304186895011,0.002336184852013912,0.9999999999943486,-6.641288508118376e-05,-1.497907803086783e-15,2.027944733024319e-07,6.661567958373524e-05
19.60000000000014,0.00130538092052116,0.003132304186895011,0.002403201765589507,0.9999999999943865,-6.640729882878124e-05,-1.487852578117445e-15,2.083807257049556e-07,6.661567958373524e-05
19.65000000000014,0.001308701000090018,0.003132304186895011,0.002471751663490908,0.9999999999944238,-6.640159135125234e-05,-1.477875865811915e-15,2.140882032338483e-07,6.661567958373524e-05
19.70000000000014,0.001312020788133849,0.003132304186895011,0.002541859225222173,0.9999999999944609,-6.639576085099742e-05,-1.467973205477329e-15,2.199187034887787e-07,6.661567958373524e-05
19.75000000000015,0.001315340278411146,0.003132304186895011,0.002613549301229676,0.9999999999944976,-6.638980552096238e-05,-1.458145134276127e-15,2.258740335238213e-07,6.661567958373524e-05
19.80000000000015,0.001318659464589642,0.003132304186895011,0.002686846910072832,0.9999999999945343,-6.638372354488211e-05,-1.448395286615095e-15,2.319560096040919e-07,6.661567958373524e-05
19.85000000000015,0.001321978340245774,0.003132304186895011,0.002761777235532977,0.9999999999945706,-6.63775130975253e-05,-1.43871751875025e-15,2.381664569608978e-07,6.661567958373524e-05
19.90000000000015,0.001325296898864265,0.003132304186895011,0.002838365623662671,0.9999999999946063,-6.637117234494178e-05,-1.429112250747297e-15,2.445072095444242e-07,6.661567958373524e-05
19.95000000000015,0.001328615133837719,0.003132304186895011,0.002916637579777484,0.9999999999946423,-6.636469944471268e-05,-1.419581723022621e-15,2.509801097735107e-07,6.661567958373524e-05
20.00000000000015,0.001331933038466278,0.003132304186895011,0.002996618765391806,0.9999999999946777,-6.635809254620378e-05,-1.410121755033859e-15,2.575870082824173e-07,6.661567958373524e-05
20.05000000000015,0.001335250605957019,0.003132304186895011,0.003078334995099919,0.9999999999947129,-6.635134979082157e-05,-1.400735281314113e-15,2.643297636646177e-07,6.661567958373524e-05
20.10000000000015,0.001338567829423855,0.003132304186895011,0.003161812233403514,0.9999999999947479,-6.63444693122725e-05,-1.39141512059245e-15,2.712102422137023e-07,6.661567958373524e-05
20.15000000000015,0.001341884701886894,0.003132304186895011,0.003247076591486686,0.9999999999947826,-6.633744923682471e-05,-1.38216768948421e-15,2.782303176614833e-07,6.661567958373524e-05
20.20000000000015,0.001345201216272259,0.003132304186895011,0.003334154323939518,0.9999999999948168,-6.63302876835728e-05,-1.372989462288146e-15,2.85391870913392e-07,6.661567958373524e-05
20.25000000000015,0.00134851736541177,0.003132304186895011,0.00342307182543211,0.999999999994851,-6.632298276470537e-05,-1.363880805567317e-15,2.926967897808301e-07,6.661567958373524e-05
20.30000000000015,0.001351833142042298,0.003132304186895011,0.003513855627335797,0.9999999999948851,-6.631553258577327e-05,-1.354838449747571e-15,3.001469687129308e-07,6.661567958373524e-05
20.35000000000015,0.001355148538805851,0.003132304186895011,0.003606532394302384,0.9999999999949185,-6.630793524596357e-05,-1.345865095139017e-15,3.077443085226192e-07,6.661567958373524e-05
20.40000000000015,0.001358463548249018,0.003132304186895011,0.003701128920791217,0.999999999994952,-6.630018883837342e-05,-1.336958996642533e-15,3.154907161127654e-07,6.661567958373524e-05
20.45000000000016,0.001361778162822542,0.003132304186895011,0.003797672128708868,0.9999999999949826,-6.62922914502431e-05,-1.328238888644864e-15,3.233881042430908e-07,6.661567958373524e-05
20.50000000000016,0.001365092374881722,0.003132304186895011,0.003896189059836827,0.9999999999950157,-6.628424116338943e-05,-1.319433241015472e-15,3.314383910967575e-07,6.661567958373524e-05
20.55000000000016,0.001368406176685448,0.003132304186895011,0.003996706877082552,0.9999999999950483,-6.627603605430764e-05,-1.310720906860535e-15,3.396435001785519e-07,6.661567958373524e-05
20.60000000000016,0.001371719560396152,0.003132304186895011,0.004099252858641396,0.9999999999950806,-6.62676741945118e-05,-1.302076194387245e-15,3.480053599743838e-07,6.661567958373524e-05
20.65000000000016,0.001375032518079686,0.003132304186895011,0.00420385439442475,0.9999999999951128,-6.625915365083484e-05,-1.293493227327172e-15,3.565259036513497e-07,6.661567958373524e-05
20.70000000000016,0.001378345041704967,0.003132304186895011,0.004310538982373165,0.9999999999951447,-6.625047248571543e-05,-1.284976661502287e-15,3.652070687707697e-07,6.661567958373524e-05
20.75000000000016,0.001381657123143813,0.003132304186895011,0.004419334224702451,0.9999999999951766,-6.624162875748434e-05,-1.276520512925661e-15,3.740507970018491e-07,6.661567958373524e-05
20.80000000000016,0.001384968754170814,0.003132304186895011,0.004530267824102967,0.9999999999952079,-6.623262052065312e-05,-1.268128179485036e-15,3.83059033833071e-07,6.661567958373524e-05
20.85000000000016,0.001388279926463088,0.003132304186895011,0.00464336757989912,0.9999999999952391,-6.622344582620486e-05,-1.259795160649e-15,3.922337282813288e-07,6.661567958373524e-05
20.90000000000016,0.001391590631600134,0.003132304186895011,0.004758661384172167,0.9999999999952703,-6.621410272188699e-05,-1.251525237363763e-15,4.015768325992189e-07,6.661567958373524e-05
20.95000000000016,0.001394900861063703,0.003132304186895011,0.00487617721784835,0.9999999999953009,-6.62045892525054e-05,-1.24331421354024e-15,4.110903019808047e-07,6.661567958373524e-05
21.00000000000016,0.001398210606237652,0.003132304186895011,0.004995943146753802,0.9999999999953315,-6.619490346022014e-05,-1.235167537078433e-15,4.207760942660634e-07,6.661567958373524e-05
21.05000000000016,0.001401519858407837,0.003132304186895011,0.005117987317637686,0.9999999999953618,-6.618504338484204e-05,-1.22707590141412e-15,4.306361696441472e-07,6.661567958373524e-05
21.10000000000016,0.00140482860876199,0.003132304186895011,0.005242337954164816,0.9999999999953919,-6.617500706413062e-05,-1.219044307245639e-15,4.406724903555728e-07,6.661567958373524e-05
21.15000000000017,0.001408136848389605,0.003132304186895011,0.005369023352879072,0.9999999999954219,-6.616479253409277e-05,-1.21107292362863e-15,4.508870203934283e-07,6.661567958373524e-05
21.20000000000017,0.001411444568281992,0.003132304186895011,0.005498071879138879,0.9999999999954515,-6.61543978292825e-05,-1.203157229557528e-15,4.612817252037e-07,6.661567958373524e-05
21.25000000000017,0.001414751759332056,0.003132304186895011,0.005629511963026035,0.9999999999954807,-6.614382098310139e-05,-1.19530193656857e-15,4.718585713848012e-07,6.661567958373524e-05
21.30000000000017,0.00141805841233436,0.003132304186895011,0.005763372095229105,0.99999999999551,-6.61330600280998e-05,-1.187501995141901e-15,4.826195263863939e-07,6.661567958373524e-05
21.35000000000017,0.001421364517985062,0.003132304186895011,0.00589968082290273,0.9999999999955392,-6.61221129962786e-05,-1.179756819271297e-15,4.935665582075996e-07,6.661567958373524e-05
21.40000000000017,0.001424670066881919,0.003132304186895011,0.006038466745504042,0.999999999995568,-6.611097791939152e-05,-1.172070555630732e-15,5.047016350946779e-07,6.661567958373524e-05
21.45000000000017,0.00142797504952428,0.003132304186895011,0.006179758510607516,0.9999999999955964,-6.609965282924793e-05,-1.164439125010831e-15,5.1602672523827e-07,6.661567958373524e-05
21.50000000000017,0.00143127945631308,0.003132304186895011,0.006323584809699481,0.9999999999956249,-6.608813575801589e-05,-1.156862156769779e-15,5.275437964702925e-07,6.661567958373524e-05
21.55000000000017,0.001434583277550887,0.003132304186895011,0.006469974373953601,0.999999999995653,-6.607642473852562e-05,-1.149340725523869e-15,5.392548159605695e-07,6.661567958373524e-05
21.60000000000017,0.001437886503441977,0.003132304186895011,0.006618955969988576,0.9999999999956811,-6.606451780457291e-05,-1.141873734009186e-15,5.511617499132893e-07,6.661567958373524e-05
21.65000000000017,0.001441189124092422,0.003132304186895011,0.006770558395609326,0.999999999995709,-6.605241299122281e-05,-1.134460792219131e-15,5.632665632633772e-07,6.661567958373524e-05
21.70000000000017,0.001444491129510025,0.003132304186895011,0.006924810475532943,0.9999999999957365,-6.604010833511333e-05,-1.127096912552996e-15,5.755712193728649e-07,6.661567958373524e-05
21.75000000000017,0.001447792509604627,0.003132304186895011,0.007081741057100668,0.9999999999957638,-6.602760187475885e-05,-1.119791088428371e-15,5.880776797273463e-07,6.661567958373524e-05
21.80000000000017,0.001451093254188025,0.003132304186895011,0.007241379005977146,0.9999999999957913,-6.601489165085358e-05,-1.112534351593846e-15,6.007879036326056e-07,6.661567958373524e-05
21.85000000000018,0.001454393352974212,0.003132304186895011,0.007403753201838248,0.9999999999958182,-6.600197570657471e-05,-1.105330255185918e-15,6.137038479114981e-07,6.661567958373524e-05
21.90000000000018,0.00145769279557945,0.003132304186895011,0.007568892534048666,0.999999999995845,-6.598885208788501e-05,-1.098177708921616e-15,6.268274666011707e-07,6.661567958373524e-05
21.95000000000018,0.001460991571522466,0.003132304186895011,0.007736825897330601,0.9999999999958715,-6.597551884383549e-05,-1.091076984653119e-15,6.401607106507058e-07,6.661567958373524e-05
22.00000000000018,0.001464289670224636,0.003132304186895011,0.007907582187424734,0.9999999999958979,-6.596197402686692e-05,-1.084025003071208e-15,6.537055276192675e-07,6.661567958373524e-05
22.05000000000018,0.001467587081010126,0.003132304186895011,0.008081190296744735,0.999999999995924,-6.594821569311136e-05,-1.077026663621263e-15,6.674638613748364e-07,6.661567958373524e-05
22.10000000000018,0.001470883793106074,0.003132304186895011,0.008257679110026575,0.9999999999959505,-6.593424190269259e-05,-1.07007620608311e-15,6.814376517936077e-07,6.661567958373524e-05
22.15000000000018,0.001474179795642879,0.003132304186895011,0.008437077499973841,0.9999999999959763,-6.592005072002604e-05,-1.063173831257131e-15,6.956288344601402e-07,6.661567958373524e-05
22.20000000000018,0.001477475077654416,0.003132304186895011,0.008619414322900287,0.9999999999960019,-6.590564021411787e-05,-1.056321088704173e-15,7.100393403683275e-07,6.661567958373524e-05
22.25000000000018,0.001480769628078154,0.003132304186895011,0.008804718414370843,0.9999999999960273,-6.589100845886292e-05,-1.049518346237658e-15,7.246710956232729e-07,6.661567958373524e-05
22.30000000000018,0.001484063435755609,0.003132304186895011,0.008993018584842288,0.9999999999960526,-6.587615353334205e-05,-1.042762899813749e-15,7.395260211441488e-07,6.661567958373524e-05
22.35000000000018,0.001487356489432509,0.003132304186895011,0.009184343615304786,0.9999999999960776,-6.586107352211808e-05,-1.036053171991059e-15,7.546060323681118e-07,6.661567958373524e-05
22.40000000000018,0.001490648777759086,0.003132304186895011,0.00937872225292548,0.9999999999961027,-6.584576651553085e-05,-1.029394843442347e-15,7.699130389553466e-07,6.661567958373524e-05
22.45000000000018,0.001493940289290353,0.003132304186895011,0.00957618320669534,0.9999999999961275,-6.583023060999087e-05,-1.022782974547304e-15,7.854489444953235e-07,6.661567958373524e-05
22.50000000000018,0.001497231012486573,0.003132304186895011,0.009776755143080412,0.9999999999961522,-6.581446390827185e-05,-1.016213980118786e-15,8.012156462143322e-07,6.661567958373524e-05
22.55000000000019,0.001500520935713325,0.003132304186895011,0.009980466681678674,0.9999999999961764,-6.579846451980182e-05,-1.009695260491788e-15,8.172150346843684e-07,6.661567958373524e-05
22.60000000000019,0.001503810047242125,0.003132304186895011,0.01018734639088359,0.9999999999962007,-6.578223056095275e-05,-1.003220403635029e-15,8.334489935334469e-07,6.661567958373524e-05
22.65000000000019,0.001507098335250668,0.003132304186895011,0.01039742278355561,0.999999999996225,-6.57657601553288e-05,-9.96790930838581e-16,8.499193991574065e-07,6.661567958373524e-05
22.70000000000019,0.001510385787823125,0.003132304186895011,0.01061072431270265,0.9999999999962494,-6.574905143405291e-05,-9.904068845116393e-16,8.666281204332798e-07,6.661567958373524e-05
22.75000000000019,0.00151367239295068,0.003132304186895011,0.01082727936717069,0.9999999999962779,-6.57321025360519e-05,-9.840675235300489e-16,8.835770184342952e-07,6.661567958373524e-05
22.80000000000019,0.001516958138531846,0.003132304186895011,0.01104711626734572,0.9999999999963057,-6.571491160833961e-05,-9.777732308372141e-16,9.007679461465749e-07,6.661567958373524e-05
22.85000000000019,0.001520243012372915,0.003132304186895011,0.0112702632608679,0.9999999999963337,-6.569747680629859e-05,-9.715204014422326e-16,9.182027481876012e-07,6.661567958373524e-05
22.90000000000019,0.001523527002188354,0.003132304186895011,0.01149674851835933,0.9999999999963616,-6.567979629395969e-05,-9.653149624031078e-16,9.358832605265102e-07,6.661567958373524e-05
22.95000000000019,0.001526810095601281,0.003132304186895011,0.0117266001291662,0.9999999999963892,-6.566186824427991e-05,-9.591491200190423e-16,9.538113102062797e-07,6.661567958373524e-05
23.00000000000019,0.001530092280144002,0.003132304186895011,0.01195984609711658,0.9999999999964161,-6.564369083941831e-05,-9.530297930267966e-16,9.719887150678689e-07,6.661567958373524e-05
23.05000000000019,0.001533373543258255,0.003132304186895011,0.01219651433629487,0.9999999999964434,-6.562526227100981e-05,-9.469522254720379e-16,9.904172834763806e-07,6.661567958373524e-05
23.10000000000019,0.00153665387229601,0.003132304186895011,0.01243663266683383,0.9999999999964703,-6.56065807404369e-05,-9.409155078415984e-16,1.0090988140493e-06,6.661567958373524e-05
23.15000000000019,0.001539933254519677,0.003132304186895011,0.01268022881072544,0.999999999996497,-6.558764445909933e-05,-9.349218094293505e-16,1.028035095386862e-06,6.661567958373524e-05
23.20000000000019,0.001543211677102816,0.003132304186895011,0.0129273303876513,0.9999999999965237,-6.556845164868157e-05,-9.289696087338387e-16,1.047227905804623e-06,6.661567958373524e-05
23.2500000000002,0.001546489127130602,0.003132304186895011,0.01317796491083387,0.9999999999965501,-6.554900054141792e-05,-9.23058700928051e-16,1.066679013068275e-06,6.661567958373524e-05
23.3000000000002,0.001549765591600323,0.003132304186895011,0.01343215978290929,0.9999999999965764,-6.552928938035541e-05,-9.171879084343535e-16,1.086390174130772e-06,6.661567958373524e-05
23.3500000000002,0.00155304105742201,0.003132304186895011,0.01368994229182289,0.9999999999966024,-6.550931641961439e-05,-9.113590095613855e-16,1.106363134871812e-06,6.661567958373524e-05
23.4000000000002,0.001556315511418919,0.003132304186895011,0.0139513396067483,0.9999999999966281,-6.548907992464646e-05,-9.055694764681502e-16,1.126599629839732e-06,6.661567958373524e-05
23.4500000000002,0.001559588940328248,0.003132304186895011,0.01421637877403108,0.9999999999966539,-6.546857817249033e-05,-8.99821709875836e-16,1.147101381995873e-06,6.661567958373524e-05
23.5000000000002,0.001562861330801535,0.003132304186895011,0.01448508671315777,0.9999999999966793,-6.544780945202473e-05,-8.941134913368268e-16,1.167870102461457e-06,6.661567958373524e-05
23.5500000000002,0.001566132669405428,0.003132304186895011,0.01475749021275138,0.9999999999967046,-6.542677206421916e-05,-8.884397677162671e-16,1.188907490267025e-06,6.661567958373524e-05
23.6000000000002,0.001569402942622213,0.003132304186895011,0.01503361592659404,0.9999999999967297,-6.540546432238169e-05,-8.828106686620494e-16,1.210215232104495e-06,6.661567958373524e-05
23.6500000000002,0.001572672136863147,0.003132304186895011,0.01531349039975776,0.999999999996755,-6.538388455244738e-05,-8.76580107973121e-16,1.231795002038806e-06,6.661567958373524e-05
23.7000000000002,0.001575940238431012,0.003132304186895011,0.0155971399650589,0.9999999999967799,-6.53620310929877e-05,-8.710349877452004e-16,1.253648461498498e-06,6.661567958373524e-05
23.7500000000002,0.001579207233558957,0.003132304186895011,0.0158845908501435,0.9999999999968043,-6.53399022958431e-05,-8.655251673296128e-16,1.275777258643094e-06,6.661567958373524e-05
23.8000000000002,0.001582473108398304,0.003132304186895011,0.01617586913312712,0.999999999996829,-6.531749652615859e-05,-8.600517001756808e-16,1.298183028327601e-06,6.661567958373524e-05
23.8500000000002,0.001585737849019389,0.003132304186895011,0.01647100073677567,0.9999999999968533,-6.529481216257922e-05,-8.546181572173572e-16,1.320867391906972e-06,6.661567958373524e-05
23.9000000000002,0.001589001441412157,0.003132304186895011,0.01677001142498187,0.9999999999968774,-6.527184759749918e-05,-8.492217363935639e-16,1.343831956987004e-06,6.661567958373524e-05
23.95000000000021,0.001592263871486818,0.003132304186895011,0.01707292679934455,0.9999999999969013,-6.524860123730419e-05,-8.438597850646451e-16,1.367078317182e-06,6.661567958373524e-05
24.00000000000021,0.001595525125074681,0.003132304186895011,0.01737977229564169,0.9999999999969251,-6.522507150260264e-05,-8.385372435705884e-16,1.390608051883559e-06,6.661567958373524e-05
24.05000000000021,0.001598785187928741,0.003132304186895011,0.01769057318024356,0.9999999999969487,-6.520125682844959e-05,-8.332489373131774e-16,1.414422726036596e-06,6.661567958373524e-05
24.10000000000021,0.001602044045724541,0.003132304186895011,0.01800535454651105,0.9999999999969722,-6.517715566456628e-05,-8.279955418921531e-16,1.43852388991991e-06,6.661567958373524e-05
24.15000000000021,0.001605301684060792,0.003132304186895011,0.01832414131120391,0.9999999999969953,-6.515276647555604e-05,-8.22781485617324e-16,1.462913078930144e-06,6.661567958373524e-05
24.20000000000021,0.001608558088460265,0.003132304186895011,0.01864695821091196,0.9999999999970184,-6.512808774111734e-05,-8.176027175687141e-16,1.487591813368847e-06,6.661567958373524e-05
24.25000000000021,0.001611813244370388,0.003132304186895011,0.01897382979851641,0.9999999999970416,-6.510311795625364e-05,-8.124571659447249e-16,1.512561598232554e-06,6.661567958373524e-05
24.30000000000021,0.001615067137164224,0.003132304186895011,0.01930478043968487,0.9999999999970643,-6.507785563148025e-05,-8.073470287947581e-16,1.537823923005943e-06,6.661567958373524e-05
24.35000000000021,0.00161831975214107,0.003132304186895011,0.01963983430940273,0.9999999999970871,-6.505229929302808e-05,-8.022722177636736e-16,1.563380261458113e-06,6.661567958373524e-05
24.40000000000021,0.001621571074527283,0.003132304186895011,0.0199790153885424,0.9999999999971095,-6.502644748304415e-05,-7.972314754321133e-16,1.589232071442048e-06,6.661567958373524e-05
24.45000000000021,0.001624821089477303,0.003132304186895011,0.02032234746047147,0.9999999999971318,-6.50002987597889e-05,-7.922247309420174e-16,1.615380794697285e-06,6.661567958373524e-05
24.50000000000021,0.001628069782074129,0.003132304186895011,0.02066985410770092,0.9999999999971541,-6.497385169783036e-05,-7.872528987087259e-16,1.641827856655839e-06,6.661567958373524e-05
24.55000000000021,0.001631317137330415,0.003132304186895011,0.02102155870857391,0.999999999997176,-6.494710488823479e-05,-7.823156026394016e-16,1.668574666251411e-06,6.661567958373524e-05
24.60000000000021,0.001634563140189103,0.003132304186895011,0.02137748443399603,0.9999999999971981,-6.49200569387543e-05,-7.77410353242775e-16,1.695622615731905e-06,6.661567958373524e-05
24.65000000000022,0.001637807775524564,0.003132304186895011,0.02173765424420757,0.9999999999972196,-6.489270647401093e-05,-7.725405314630378e-16,1.722973080475274e-06,6.661567958373524e-05
24.70000000000022,0.001641051028142995,0.003132304186895011,0.02210209088559825,0.9999999999972413,-6.486505213567747e-05,-7.677011090595894e-16,1.750627418808728e-06,6.661567958373524e-05
24.75000000000022,0.001644292882783687,0.003132304186895011,0.02247081688756517,0.9999999999972627,-6.483709258265488e-05,-7.62894289661986e-16,1.778586971831313e-06,6.661567958373524e-05
24.80000000000022,0.001647533324119767,0.003132304186895011,0.02284385455941431,0.9999999999972841,-6.48088264912463e-05,-7.581210799893005e-16,1.806853063239894e-06,6.661567958373524e-05
24.85000000000022,0.001650772336758953,0.003132304186895011,0.02322122598730621,0.9999999999973055,-6.478025255532764e-05,-7.533784893514622e-16,1.835426999158545e-06,6.661567958373524e-05
24.90000000000022,0.00165400990524462,0.003132304186895011,0.02360295303124608,0.9999999999973264,-6.475136948651482e-05,-7.486707110451418e-16,1.864310067971372e-06,6.661567958373524e-05
24.95000000000022,0.001657246014056646,0.003132304186895011,0.02398905732211913,0.9999999999973472,-6.47221760143274e-05,-7.439944280612403e-16,1.893503540158783e-06,6.661567958373524e-05
25.00000000000022,0.001660480647612181,0.003132304186895011,0.02437956025877117,0.999999999997368,-6.469267088634898e-05,-7.393466319249205e-16,1.92300866813722e-06,6.661567958373524e-05
25.05000000000022,0.001663713790266767,0.003132304186895011,0.02477448300513512,0.9999999999973886,-6.466285286838382e-05,-7.347337418915438e-16,1.952826686102369e-06,6.661567958373524e-05
25.10000000000022,0.001666945426315076,0.003132304186895011,0.02517384648740384,0.9999999999974092,-6.463272074461034e-05,-7.301496887515591e-16,1.982958809875848e-06,6.661567958373524e-05
25.15000000000022,0.001670175539991966,0.003132304186895011,0.02557767139124941,0.9999999999974295,-6.46022733177308e-05,-7.255986348692122e-16,2.0134062367554e-06,6.661567958373524e-05
25.20000000000022,0.001673404115473359,0.003132304186895011,0.02598597815908955,0.9999999999974496,-6.457150940911759e-05,-7.210750772279363e-16,2.044170145368588e-06,6.661567958373524e-05
25.25000000000022,0.001676631136877186,0.003132304186895011,0.02639878698740122,0.9999999999974697,-6.454042785895618e-05,-7.165833667333263e-16,2.075251695530021e-06,6.661567958373524e-05
25.30000000000022,0.001679856588264295,0.003132304186895011,0.02681611782408198,0.9999999999974897,-6.450902752638411e-05,-7.121224208821267e-16,2.10665202810208e-06,6.661567958373524e-05
25.35000000000023,0.001683080453639525,0.003132304186895011,0.02723799036585911,0.9999999999975095,-6.4477307289627e-05,-7.076912592262794e-16,2.138372264859203e-06,6.661567958373524e-05
25.40000000000023,0.001686302716952495,0.003132304186895011,0.02766442405574717,0.9999999999975292,-6.444526604613052e-05,-7.032902640759082e-16,2.170413508355677e-06,6.661567958373524e-05
25.45000000000023,0.001689523362098752,0.003132304186895011,0.02809543808055388,0.9999999999975487,-6.441290271268919e-05,-6.98916536225966e-16,2.202776841797013e-06,6.661567958373524e-05
25.50000000000023,0.001692742372920547,0.003132304186895011,0.02853105136843488,0.9999999999975681,-6.438021622557137e-05,-6.945732810211493e-16,2.235463328914816e-06,6.661567958373524e-05
25.55000000000023,0.001695959733208153,0.003132304186895011,0.02897128258651471,0.9999999999975884,-6.434720554064857e-05,-6.901616359100776e-16,2.268474013837623e-06,6.661567958373524e-05
25.60000000000023,0.001699175426700386,0.003132304186895011,0.02941615013847728,0.9999999999976075,-6.431386963349012e-05,-6.858743799632722e-16,2.301809920996071e-06,6.661567958373524e-05
25.65000000000023,0.001702389437085807,0.003132304186895011,0.02986567216234894,0.9999999999976262,-6.428020749949935e-05,-6.816182088977124e-16,2.335472054986844e-06,6.661567958373524e-05
25.70000000000023,0.00170560174800392,0.003132304186895011,0.03031986652820896,0.9999999999976452,-6.424621815402037e-05,-6.773902301158538e-16,2.369461400465828e-06,6.661567958373524e-05
25.75000000000023,0.001708812343045867,0.003132304186895011,0.03077875083599621,0.9999999999976639,-6.4211900632444e-05,-6.731913887188667e-16,2.403778922042202e-06,6.661567958373524e-05
25.80000000000023,0.001712021205755657,0.003132304186895011,0.03124234241336178,0.9999999999976825,-6.417725399031094e-05,-6.690227882115026e-16,2.438425564175253e-06,6.661567958373524e-05
25.85000000000023,0.00171522831963102,0.003132304186895011,0.03171065831357101,0.9999999999977011,-6.414227730341195e-05,-6.648784496245198e-16,2.473402251074246e-06,6.661567958373524e-05
25.90000000000023,0.001718433668124548,0.003132304186895011,0.03218371531345573,0.9999999999977195,-6.410696966788453e-05,-6.607633858391944e-16,2.508709886601661e-06,6.661567958373524e-05
25.95000000000023,0.001721637234644627,0.003132304186895011,0.0326615299114168,0.9999999999977378,-6.407133020030624e-05,-6.566740511033768e-16,2.544349354179953e-06,6.661567958373524e-05
26.00000000000023,0.001724839002556539,0.003132304186895011,0.0331441183254771,0.999999999997756,-6.403535803778435e-05,-6.526140469612606e-16,2.58032151670185e-06,6.661567958373524e-05
26.05000000000024,0.001728038955183394,0.003132304186895011,0.03363149649138508,0.9999999999977739,-6.399905233804199e-05,-6.485796433803778e-16,2.616627216444207e-06,6.661567958373524e-05
26.10000000000024,0.001731237075807246,0.003132304186895011,0.034123680060769,0.9999999999977918,-6.396241227950083e-05,-6.4457336559195e-16,2.65326727498537e-06,6.661567958373524e-05
26.15000000000024,0.001734433347670149,0.003132304186895011,0.03462068439934181,0.9999999999978094,-6.392543706136012e-05,-6.405938104461066e-16,2.690242493126068e-06,6.661567958373524e-05
26.20000000000024,0.001737627753975089,0.003132304186895011,0.03512252458515675,0.9999999999978272,-6.388812590367237e-05,-6.366402158138763e-16,2.727553650813824e-06,6.661567958373524e-05
26.25000000000024,0.001740820277887146,0.003132304186895011,0.03562921540691387,0.9999999999978448,-6.385047804741538e-05,-6.327120212578429e-16,2.765201507070806e-06,6.661567958373524e-05
26.30000000000024,0.001744010902534506,0.003132304186895011,0.0361407713623172,0.9999999999978622,-6.381249275456097e-05,-6.28811336798986e-16,2.803186799925229e-06,6.661567958373524e-05
26.35000000000024,0.001747199611009507,0.003132304186895011,0.03665720665648278,0.9999999999978795,-6.377416930814003e-05,-6.249337176070247e-16,2.84151024634616e-06,6.661567958373524e-05
26.40000000000024,0.001750386386369622,0.003132304186895011,0.03717853520039748,0.9999999999978966,-6.373550701230437e-05,-6.21085114217269e-16,2.880172542181823e-06,6.661567958373524e-05
26.45000000000024,0.001753571211638709,0.003132304186895011,0.03770477060942869,0.9999999999979139,-6.369650519238487e-05,-6.172588113014024e-16,2.919174362101323e-06,6.661567958373524e-05
26.50000000000024,0.001756754069807858,0.003132304186895011,0.03823592620188463,0.9999999999979308,-6.365716319494637e-05,-6.134625173151253e-16,2.958516359539818e-06,6.661567958373524e-05
26.55000000000024,0.001759934943836599,0.003132304186895011,0.0387720149976253,0.9999999999979475,-6.36174803878391e-05,-6.096877701294608e-16,2.998199166647085e-06,6.661567958373524e-05
26.60000000000024,0.001763113816653888,0.003132304186895011,0.03931304971672436,0.9999999999979643,-6.357745616024669e-05,-6.059404257871393e-16,3.038223394239502e-06,6.661567958373524e-05
26.65000000000024,0.001766290671159244,0.003132304186895011,0.03985904277818129,0.9999999999979808,-6.353708992273079e-05,-6.022158421704243e-16,3.07858963175541e-06,6.661567958373524e-05
26.70000000000024,0.001769465490223773,0.003132304186895011,0.04041000629868412,0.9999999999979976,-6.349638110727236e-05,-5.985162403694059e-16,3.119298447213839e-06,6.661567958373524e-05
26.75000000000025,0.001772638256691238,0.003132304186895011,0.04096595209142267,0.9999999999980139,-6.34553291673096e-05,-5.948412539482046e-16,3.160350387176589e-06,6.661567958373524e-05
26.80000000000025,0.001775808953379179,0.003132304186895011,0.04152689166495185,0.9999999999980301,-6.341393357777255e-05,-5.91189537226591e-16,3.201745976713641e-06,6.661567958373524e-05
26.85000000000025,0.001778977563079917,0.003132304186895011,0.04209283622210527,0.9999999999980462,-6.337219383511432e-05,-5.875633943430428e-16,3.243485719371883e-06,6.661567958373524e-05
26.90000000000025,0.001782144068561737,0.003132304186895011,0.04266379665895903,0.9999999999980624,-6.333010945733906e-05,-5.839604494038093e-16,3.285570097147139e-06,6.661567958373524e-05
26.95000000000025,0.001785308452569802,0.003132304186895011,0.04323978356384496,0.9999999999980784,-6.328767998402673e-05,-5.803816308405758e-16,3.327999570459456e-06,6.661567958373524e-05
27.00000000000025,0.001788470697827448,0.003132304186895011,0.04382080721641406,0.9999999999980943,-6.324490497635452e-05,-5.768266415479705e-16,3.370774578131672e-06,6.661567958373524e-05
27.05000000000025,0.001791630787037085,0.003132304186895011,0.04440687758674931,0.9999999999981101,-6.320178401711499e-05,-5.732942851510164e-16,3.413895537371198e-06,6.661567958373524e-05
27.10000000000025,0.00179478870288134,0.003132304186895011,0.0449980043345278,0.9999999999981256,-6.315831671073118e-05,-5.697854586251071e-16,3.457362843755016e-06,6.661567958373524e-05
27.15000000000025,0.001797944428024158,0.003132304186895011,0.0455941968082323,0.999999999998141,-6.311450268326831e-05,-5.663013924017466e-16,3.501176871217893e-06,6.661567958373524e-05
27.20000000000025,0.001801097945111864,0.003132304186895011,0.0461954640444116,0.9999999999981567,-6.307034158244246e-05,-5.628393535980681e-16,3.545337972043733e-06,6.661567958373524e-05
27.25000000000025,0.001804249236774319,0.003132304186895011,0.04680181476698991,0.9999999999981721,-6.302583307762612e-05,-5.593985967092666e-16,3.589846476860084e-06,6.661567958373524e-05
27.30000000000025,0.001807398285625801,0.003132304186895011,0.0474132573866247,0.9999999999981873,-6.29809768598504e-05,-5.559795395888576e-16,3.634702694635789e-06,6.661567958373524e-05
27.35000000000025,0.001810545074266337,0.003132304186895011,0.04802980000011289,0.9999999999982028,-6.293577264180449e-05,-5.525877216838113e-16,3.679906912681711e-06,6.661567958373524e-05
27.40000000000025,0.001813689585282625,0.003132304186895011,0.04865145038984537,0.9999999999982176,-6.289022015783164e-05,-5.492143978771215e-16,3.725459396654547e-06,6.661567958373524e-05
27.45000000000026,0.001816831801249155,0.003132304186895011,0.04927821602330928,0.9999999999982323,-6.284431916392251e-05,-5.458629913521157e-16,3.771360390563682e-06,6.661567958373524e-05
27.50000000000026,0.001819971704729322,0.003132304186895011,0.04991010405263788,0.9999999999982475,-6.27980694377051e-05,-5.425361046192037e-16,3.817610116781088e-06,6.661567958373524e-05
27.55000000000026,0.001823109278276472,0.003132304186895011,0.05054712131420795,0.9999999999982623,-6.275147077843199e-05,-5.39228931227411e-16,3.864208776054196e-06,6.661567958373524e-05
27.60000000000026,0.001826244504435012,0.003132304186895011,0.05118927432828423,0.9999999999982769,-6.270452300696444e-05,-5.35945647589707e-16,3.911156547521759e-06,6.661567958373524e-05
27.65000000000026,0.001829377365741424,0.003132304186895011,0.05183656929871074,0.9999999999982914,-6.265722596575353e-05,-5.326810516432495e-16,3.958453588732655e-06,6.661567958373524e-05
27.70000000000026,0.00183250784472545,0.003132304186895011,0.05248901211264852,0.9999999999983059,-6.260957951881858e-05,-5.294407331692109e-16,4.006100035667617e-06,6.661567958373524e-05
27.75000000000026,0.00183563592391108,0.003132304186895011,0.05314660834035982,0.9999999999983203,-6.256158355172235e-05,-5.262184347931352e-16,4.054096002763845e-06,6.661567958373524e-05
27.80000000000026,0.001838761585817625,0.003132304186895011,0.05380936323503806,0.9999999999983347,-6.251323797154372e-05,-5.230200756209529e-16,4.102441582942484e-06,6.661567958373524e-05
27.85000000000026,0.001841884812960923,0.003132304186895011,0.0544772817326836,0.999999999998349,-6.246454270684724e-05,-5.198427814769687e-16,4.151136847638953e-06,6.661567958373524e-05
27.90000000000026,0.001845005587854187,0.003132304186895011,0.05515036845202469,0.9999999999983626,-6.241549770765014e-05,-5.166842263273232e-16,4.200181846836058e-06,6.661567958373524e-05
27.95000000000026,0.00184812389300926,0.003132304186895011,0.0558286276944834,0.9999999999983767,-6.236610294538628e-05,-5.135464598581908e-16,4.249576609099912e-06,6.661567958373524e-05
28.00000000000026,0.001851239710937707,0.003132304186895011,0.05651206344418649,0.9999999999983908,-6.231635841286761e-05,-5.104321710480385e-16,4.29932114161858e-06,6.661567958373524e-05
28.05000000000026,0.001854353024151637,0.003132304186895011,0.05720067687778245,0.9999999999984046,-6.226626412424273e-05,-5.073364495321764e-16,4.349415430243462e-06,6.661567958373524e-05
28.10000000000026,0.00185746381516506,0.003132304186895011,0.05789446208664636,0.9999999999984186,-6.221582011495284e-05,-5.042589217956031e-16,4.39985943953336e-06,6.661567958373524e-05
28.15000000000027,0.001860572066494774,0.003132304186895011,0.05859343368943926,0.9999999999984321,-6.216502644168497e-05,-5.012023258114126e-16,4.450653112801223e-06,6.661567958373524e-05
28.20000000000027,0.001863677760661497,0.003132304186895011,0.05929759440288422,0.9999999999984455,-6.211388318232272e-05,-4.981667316335351e-16,4.501796372163481e-06,6.661567958373524e-05
28.25000000000027,0.001866780880190807,0.003132304186895011,0.06000694662714259,0.9999999999984592,-6.206239043589415e-05,-4.951503778110927e-16,4.553289118592038e-06,6.661567958373524e-05
28.30000000000027,0.001869881407614439,0.003132304186895011,0.06072149244608498,0.9999999999984723,-6.201054832251741e-05,-4.921526030774889e-16,4.605131231968791e-06,6.661567958373524e-05
28.35000000000027,0.001872979325471049,0.003132304186895011,0.06144123362760454,0.9999999999984857,-6.19583569833435e-05,-4.8917805227266e-16,4.657322571142707e-06,6.661567958373524e-05
28.40000000000027,0.001876074616307483,0.003132304186895011,0.06216617162397175,0.9999999999984989,-6.190581658049678e-05,-4.862193952913051e-16,4.709862973989409e-06,6.661567958373524e-05
28.45000000000027,0.001879167262679669,0.003132304186895011,0.06289630757223096,0.9999999999985119,-6.185292729701297e-05,-4.832830356282636e-16,4.762752257473227e-06,6.661567958373524e-05
28.50000000000027,0.00188225724715384,0.003132304186895011,0.06363164229463759,0.9999999999985251,-6.179968933677448e-05,-4.803649770441967e-16,4.815990217711715e-06,6.661567958373524e-05
28.55000000000027,0.001885344552307315,0.003132304186895011,0.06437217629913608,0.9999999999985379,-6.174610292444363e-05,-4.774637885464094e-16,4.86957663004257e-06,6.661567958373524e-05
28.60000000000027,0.001888429160729823,0.003132304186895011,0.06511790977987796,0.9999999999985508,-6.169216830539327e-05,-4.745836119510642e-16,4.923511249092918e-06,6.661567958373524e-05
28.65000000000027,0.001891511055024289,0.003132304186895011,0.06586884261777973,0.9999999999985636,-6.163788574563521e-05,-4.717200956885733e-16,4.977793808850985e-06,6.661567958373524e-05
28.70000000000027,0.001894590217808012,0.003132304186895011,0.06662497438112014,0.9999999999985764,-6.158325553174614e-05,-4.688781677725549e-16,5.032424022740054e-06,6.661567958373524e-05
28.75000000000027,0.001897666631713619,0.003132304186895011,0.06738630432617633,0.9999999999985891,-6.152827797079147e-05,-4.660532643834973e-16,5.08740158369473e-06,6.661567958373524e-05
28.80000000000027,0.001900740279390213,0.003132304186895011,0.06815283139789859,0.9999999999986016,-6.147295339024675e-05,-4.632466957790424e-16,5.142726164239443e-06,6.661567958373524e-05
28.85000000000027,0.001903811143504117,0.003132304186895011,0.06892455423062308,0.999999999998614,-6.1417282137917e-05,-4.604584329356617e-16,5.198397416569182e-06,6.661567958373524e-05
28.90000000000028,0.001906879206740177,0.003132304186895011,0.06970147114882237,0.9999999999986262,-6.136126458185379e-05,-4.576873602523583e-16,5.254414972632397e-06,6.661567958373524e-05
28.95000000000028,0.001909944451802611,0.003132304186895011,0.07048358016789324,0.9999999999986389,-6.130490111027008e-05,-4.549339567864156e-16,5.310778444216104e-06,6.661567958373524e-05
29.00000000000028,0.001913006861416064,0.003132304186895011,0.07127087899498108,0.9999999999986509,-6.124819213145316e-05,-4.521991523142638e-16,5.367487423033047e-06,6.661567958373524e-05
29.05000000000028,0.001916066418326568,0.003132304186895011,0.0720633650298409,0.999999999998663,-6.119113807367518e-05,-4.494828198195727e-16,5.424541480811015e-06,6.661567958373524e-05
29.10000000000028,0.001919123105302632,0.003132304186895011,0.07286103536573402,0.9999999999986752,-6.113373938510207e-05,-4.467851382701477e-16,5.481940169384138e-06,6.661567958373524e-05
29.15000000000028,0.001922176905136055,0.003132304186895011,0.07366388679036055,0.9999999999986869,-6.107599653369989e-05,-4.441031641144856e-16,5.539683020786309e-06,6.661567958373524e-05
29.20000000000028,0.001925227800643148,0.003132304186895011,0.07447191578682667,0.999999999998699,-6.10179100071397e-05,-4.414379984899124e-16,5.59776954734649e-06,6.661567958373524e-05
29.25000000000028,0.001928275774665433,0.003132304186895011,0.07528511853464635,0.9999999999987109,-6.095948031270014e-05,-4.387915899657625e-16,5.656199241786062e-06,6.661567958373524e-05
29.30000000000028,0.001931320810070887,0.003132304186895011,0.07610349091077766,0.9999999999987226,-6.090070797716816e-05,-4.361613100045302e-16,5.714971577318039e-06,6.661567958373524e-05
29.35000000000028,0.001934362889754813,0.003132304186895011,0.07692702849069234,0.999999999998734,-6.084159354673801e-05,-4.335502799905024e-16,5.774086007748193e-06,6.661567958373524e-05
29.40000000000028,0.001937401996640705,0.003132304186895011,0.07775572654947877,0.9999999999987459,-6.078213758690812e-05,-4.309548304026794e-16,5.833541967578067e-06,6.661567958373524e-05
29.45000000000028,0.001940438113681323,0.003132304186895011,0.07858958006297767,0.9999999999987573,-6.072234068237643e-05,-4.283742176724965e-16,5.893338872109759e-06,6.661567958373524e-05
29.50000000000028,0.001943471223859639,0.003132304186895011,0.07942858370894995,0.9999999999987687,-6.066220343693366e-05,-4.258138236253324e-16,5.953476117552534e-06,6.661567958373524e-05
29.55000000000028,0.001946501310189733,0.003132304186895011,0.08027273186827673,0.9999999999987801,-6.0601726473355e-05,-4.23268308322784e-16,6.013953081131199e-06,6.661567958373524e-05
29.60000000000029,0.001949528355717762,0.003132304186895011,0.08112201862619027,0.9999999999987912,-6.054091043329006e-05,-4.207372909039194e-16,6.074769121196142e-06,6.661567958373524e-05
29.65000000000029,0.001952552343522974,0.003132304186895011,0.08197643777353628,0.9999999999988026,-6.047975597715102e-05,-4.182252708821348e-16,6.135923577335169e-06,6.661567958373524e-05
29.70000000000029,0.001955573256718456,0.003132304186895011,0.08283598280806624,0.9999999999988137,-6.041826378399929e-05,-4.15728900846487e-16,6.1974157704869e-06,6.661567958373524e-05
29.75000000000029,0.001958591078452272,0.003132304186895011,0.08370064693575988,0.9999999999988247,-6.035643455143036e-05,-4.132482669878905e-16,6.25924500305584e-06,6.661567958373524e-05
29.80000000000029,0.001961605791908271,0.003132304186895011,0.08457042307217723,0.9999999999988358,-6.029426899545714e-05,-4.107851764692688e-16,6.321410559029042e-06,6.661567958373524e-05
29.85000000000029,0.001964617380306987,0.003132304186895011,0.08544530384383957,0.9999999999988469,-6.023176785039188e-05,-4.083350784945535e-16,6.383911704094321e-06,6.661567958373524e-05
29.90000000000029,0.001967625826906603,0.003132304186895011,0.08632528158963886,0.9999999999988576,-6.016893186872622e-05,-4.059026932990153e-16,6.446747685759981e-06,6.661567958373524e-05
29.95000000000029,0.001970631115003717,0.003132304186895011,0.08721034836227542,0.9999999999988685,-6.010576182101013e-05,-4.034872615742658e-16,6.509917733476077e-06,6.661567958373524e-05
30.00000000000029,0.001973633227934582,0.003132304186895011,0.08810049592972317,0.999999999998879,-6.004225849572911e-05,-4.010837901245626e-16,6.573421058757081e-06,6.661567958373524e-05
30.05000000000029,0.001976632149075586,0.003132304186895011,0.0889957157767219,0.99999999999889,-5.997842269918014e-05,-3.987009024952139e-16,6.637256855306055e-06,6.661567958373524e-05
30.10000000000029,0.001979627861844331,0.003132304186895011,0.08989599910629624,0.9999999999989005,-5.991425525534608e-05,-3.96329533632628e-16,6.701424299140115e-06,6.661567958373524e-05
30.15000000000029,0.001982620349700572,0.003132304186895011,0.09080133684130108,0.9999999999989109,-5.984975700576881e-05,-3.939747563728231e-16,6.765922548717383e-06,6.661567958373524e-05
30.20000000000029,0.001985609596146945,0.003132304186895011,0.09171171962599214,0.9999999999989212,-5.978492880942104e-05,-3.916352766152159e-16,6.830750745065157e-06,6.661567958373524e-05
30.25000000000029,0.001988595584729976,0.003132304186895011,0.09262713782762232,0.9999999999989315,-5.971977154257674e-05,-3.893106328769692e-16,6.895908011909457e-06,6.661567958373524e-05
30.3000000000003,0.001991578299040757,0.003132304186895011,0.09354758153806256,0.9999999999989421,-5.965428609868039e-05,-3.870012443067261e-16,6.961393455805805e-06,6.661567958373524e-05
30.3500000000003,0.001994557722715966,0.003132304186895011,0.09447304057544699,0.9999999999989522,-5.958847338821493e-05,-3.8470550762246e-16,7.027206166271262e-06,6.661567958373524e-05
30.4000000000003,0.001997533839438658,0.003132304186895011,0.09540350448584207,0.9999999999989626,-5.952233433856858e-05,-3.824257541024832e-16,7.093345215917618e-06,6.661567958373524e-05
30.4500000000003,0.002000506632939094,0.003132304186895011,0.09633896254493882,0.9999999999989727,-5.945586989390035e-05,-3.801602781123709e-16,7.159809660585834e-06,6.661567958373524e-05
30.5000000000003,0.002003476086995543,0.003132304186895011,0.0972794037597681,0.9999999999989827,-5.938908101500462e-05,-3.779109417304799e-16,7.22659853948158e-06,6.661567958373524e-05
30.5500000000003,0.002006442185435177,0.003132304186895011,0.09822481687043839,0.9999999999989927,-5.932196867917435e-05,-3.756742053418897e-16,7.293710875311837e-06,6.661567958373524e-05
30.6000000000003,0.002009404912134814,0.003132304186895011,0.09917519035189531,0.9999999999990025,-5.92545338800635e-05,-3.734521292854591e-16,7.361145674422697e-06,6.661567958373524e-05
30.6500000000003,0.00201236425102177,0.003132304186895011,0.1001305124157026,0.9999999999990122,-5.918677762754812e-05,-3.712438429762794e-16,7.428901926938079e-06,6.661567958373524e-05
30.7000000000003,0.002015320186074704,0.003132304186895011,0.1010907710118442,0.9999999999990222,-5.911870094758664e-05,-3.69051196711533e-16,7.496978606899554e-06,6.661567958373524e-05
30.7500000000003,0.002018272701324327,0.003132304186895011,0.1020559538305471,0.999999999999032,-5.905030488207907e-05,-3.668723904483138e-16,7.565374672407115e-06,6.661567958373524e-05
30.8000000000003,0.002021221780854272,0.003132304186895011,0.1030260483041239,0.9999999999990415,-5.898159048872528e-05,-3.647077242958423e-16,7.634089065760909e-06,6.661567958373524e-05
30.8500000000003,0.002024167408801768,0.003132304186895011,0.104001041608835,0.999999999999051,-5.89125588408823e-05,-3.62557060059504e-16,7.703120713603891e-06,6.661567958373524e-05
30.9000000000003,0.002027109569358574,0.003132304186895011,0.10498092066677,0.9999999999990605,-5.884321102742078e-05,-3.604200834882845e-16,7.772468527065406e-06,6.661567958373524e-05
30.9500000000003,0.002030048246771596,0.003132304186895011,0.1059656721477482,0.9999999999990702,-5.877354815258065e-05,-3.582960505738993e-16,7.842131401905548e-06,6.661567958373524e-05
31.00000000000031,0.002032983425343723,0.003132304186895011,0.1069552824712367,0.9999999999990796,-5.870357133582571e-05,-3.561851844739058e-16,7.912108218660488e-06,6.661567958373524e-05
31.05000000000031,0.002035915089434649,0.003132304186895011,0.1079497378082864,0.999999999999089,-5.863328171169772e-05,-3.540887969271555e-16,7.982397842788477e-06,6.661567958373524e-05
31.10000000000031,0.002038843223461385,0.003132304186895011,0.1089490240834858,0.9999999999990984,-5.85626804296695e-05,-3.520091402197202e-16,8.052999124816694e-06,6.661567958373524e-05
31.15000000000031,0.002041767811899346,0.003132304186895011,0.1099531269769311,0.9999999999991074,-5.849176865399735e-05,-3.499386087131746e-16,8.12391090048884e-06,6.661567958373524e-05
31.20000000000031,0.002044688839282765,0.003132304186895011,0.1109620319262131,0.9999999999991166,-5.842054756357276e-05,-3.478821253694308e-16,8.19513199091344e-06,6.661567958373524e-05
31.25000000000031,0.002047606290205548,0.003132304186895011,0.1119757241284199,0.9999999999991258,-5.834901835177339e-05,-3.458370711971376e-16,8.266661202712801e-06,6.661567958373524e-05
31.30000000000031,0.002050520149321994,0.003132304186895011,0.1129941885421548,0.9999999999991349,-5.827718222631348e-05,-3.438084402212296e-16,8.338497328172714e-06,6.661567958373524e-05
31.35000000000031,0.002053430401347588,0.003132304186895011,0.11401740988957,0.9999999999991439,-5.820504040909351e-05,-3.417909292114633e-16,8.410639145392689e-06,6.661567958373524e-05
31.40000000000031,0.002056337031059477,0.003132304186895011,0.1150453726584147,0.9999999999991528,-5.813259413604932e-05,-3.397883579134858e-16,8.483085418436864e-06,6.661567958373524e-05
31.45000000000031,0.002059240023297393,0.003132304186895011,0.1160780611040964,0.9999999999991616,-5.805984465700072e-05,-3.377988347360958e-16,8.555834897485465e-06,6.661567958373524e-05
31.50000000000031,0.002062139362964206,0.003132304186895011,0.1171154592517577,0.9999999999991704,-5.798679323549934e-05,-3.35820444062446e-16,8.628886318986844e-06,6.661567958373524e-05
31.55000000000031,0.002065035035026618,0.003132304186895011,0.1181575508983649,0.9999999999991793,-5.791344114867624e-05,-3.338533668991642e-16,8.702238405809955e-06,6.661567958373524e-05
31.60000000000031,0.00206792702451595,0.003132304186895011,0.1192043196148107,0.9999999999991881,-5.783978968708875e-05,-3.318999518467481e-16,8.77588986739744e-06,6.661567958373524e-05
31.65000000000031,0.002070815316528633,0.003132304186895011,0.120255748748028,0.9999999999991968,-5.776584015456709e-05,-3.299607528604439e-16,8.849839399919106e-06,6.661567958373524e-05
31.70000000000032,0.002073699896226929,0.003132304186895011,0.1213118214231172,0.9999999999992054,-5.769159386806035e-05,-3.280311817341059e-16,8.924085686425843e-06,6.661567958373524e-05
31.75000000000032,0.002076580748839673,0.003132304186895011,0.1223725205454837,0.9999999999992141,-5.761705215748219e-05,-3.261190100225282e-16,8.998627397004011e-06,6.661567958373524e-05
31.80000000000032,0.002079457859662808,0.003132304186895011,0.1234378288029881,0.9999999999992224,-5.754221636555603e-05,-3.242138436292021e-16,9.073463188930166e-06,6.661567958373524e-05
31.85000000000032,0.002082331214060001,0.003132304186895011,0.1245077286681055,0.9999999999992308,-5.746708784766005e-05,-3.223235397177036e-16,9.148591706826146e-06,6.661567958373524e-05
31.90000000000032,0.002085200797463362,0.003132304186895011,0.1255822024000968,0.9999999999992391,-5.739166797167165e-05,-3.204437244472537e-16,9.22401158281454e-06,6.661567958373524e-05
31.95000000000032,0.002088066595374016,0.003132304186895011,0.1266612320471885,0.9999999999992477,-5.731595811781179e-05,-3.185771386389696e-16,9.299721436674411e-06,6.661567958373524e-05
32.00000000000032,0.002090928593362676,0.003132304186895011,0.127744799448763,0.9999999999992558,-5.723995967848884e-05,-3.167211052964962e-16,9.375719875997358e-06,6.661567958373524e-05
32.05000000000032,0.002093786777070273,0.003132304186895011,0.1288328862375577,0.9999999999992641,-5.716367405814239e-05,-3.148781637891006e-16,9.452005496343805e-06,6.661567958373524e-05
32.10000000000031,0.002096641132208601,0.003132304186895011,0.1299254738418727,0.9999999999992724,-5.708710267308668e-05,-3.130500318727492e-16,9.528576881399513e-06,6.661567958373524e-05
32.15000000000031,0.002099491644560804,0.003132304186895011,0.1310225434877868,0.9999999999992802,-5.701024695135383e-05,-3.112305624414955e-16,9.60543260313237e-06,6.661567958373524e-05
32.20000000000031,0.002102338299982039,0.003132304186895011,0.1321240762013822,0.9999999999992883,-5.69331083325369e-05,-3.094223309988799e-16,9.682571221949295e-06,6.661567958373524e-05
32.25000000000031,0.002105181084399976,0.003132304186895011,0.133230052810975,0.9999999999992967,-5.685568826763285e-05,-3.076242938478019e-16,9.759991286853349e-06,6.661567958373524e-05
32.3000000000003,0.002108019983815499,0.003132304186895011,0.1343404539493552,0.9999999999993043,-5.677798821888524e-05,-3.058407143110978e-16,9.837691335600963e-06,6.661567958373524e-05
32.3500000000003,0.002110854984302993,0.003132304186895011,0.1354552600560313,0.9999999999993124,-5.670000965962687e-05,-3.04067940000014e-16,9.915669894859312e-06,6.661567958373524e-05
32.4000000000003,0.0021136860720112,0.003132304186895011,0.136574451379482,0.9999999999993202,-5.662175407412245e-05,-3.023041450485013e-16,9.993925480363746e-06,6.661567958373524e-05
32.45000000000029,0.002116513233163547,0.003132304186895011,0.1376980079794151,0.9999999999993279,-5.654322295741085e-05,-3.005568448027016e-16,1.007245659707534e-05,6.661567958373524e-05
32.50000000000029,0.002119336454058728,0.003132304186895011,0.1388259097290298,0.9999999999993356,-5.646441781514776e-05,-2.988164063058601e-16,1.015126173933843e-05,6.661567958373524e-05
32.55000000000029,0.002122155721071311,0.003132304186895011,0.1399581363172859,0.9999999999993435,-5.638534016344798e-05,-2.970872196182383e-16,1.023033939103822e-05,6.661567958373524e-05
32.60000000000029,0.002124971020652166,0.003132304186895011,0.1410946672511774,0.999999999999351,-5.630599152872778e-05,-2.953709997584814e-16,1.030968802575842e-05,6.661567958373524e-05
32.65000000000028,0.002127782339328905,0.003132304186895011,0.1422354818580106,0.999999999999359,-5.622637344754743e-05,-2.936631053848167e-16,1.038930610693877e-05,6.661567958373524e-05
32.70000000000028,0.002130589663706564,0.003132304186895011,0.1433805592876859,0.9999999999993663,-5.614648746645357e-05,-2.919687693894508e-16,1.046919208803264e-05,6.661567958373524e-05
32.75000000000028,0.002133392980467985,0.003132304186895011,0.1445298785149839,0.9999999999993737,-5.606633514182173e-05,-2.902854459553844e-16,1.054934441266446e-05,6.661567958373524e-05
32.80000000000027,0.002136192276374225,0.003132304186895011,0.1456834183418553,0.9999999999993813,-5.5985918039699e-05,-2.886104296670595e-16,1.062976151478719e-05,6.661567958373524e-05
32.85000000000027,0.002138987538265313,0.003132304186895011,0.1468411573997127,0.9999999999993888,-5.590523773564664e-05,-2.869471114007917e-16,1.071044181883955e-05,6.661567958373524e-05
32.90000000000027,0.002141778753060253,0.003132304186895011,0.148003074151726,0.9999999999993961,-5.582429581458293e-05,-2.852942535182066e-16,1.079138373990327e-05,6.661567958373524e-05
32.95000000000027,0.002144565907757981,0.003132304186895011,0.1491691468951201,0.9999999999994035,-5.574309387062613e-05,-2.836518063560958e-16,1.087258568386006e-05,6.661567958373524e-05
33.00000000000026,0.002147348989437517,0.003132304186895011,0.1503393537634747,0.9999999999994108,-5.566163350693766e-05,-2.820224606895286e-16,1.095404604754854e-05,6.661567958373524e-05
33.05000000000026,0.002150127985258442,0.003132304186895011,0.1515136727290248,0.999999999999418,-5.557991633556529e-05,-2.803999181845885e-16,1.103576321892091e-05,6.661567958373524e-05
33.10000000000026,0.002152902882461469,0.003132304186895011,0.1526920816049643,0.9999999999994253,-5.549794397728675e-05,-2.787897750063497e-16,1.111773557719945e-05,6.661567958373524e-05
33.15000000000025,0.002155673668368652,0.003132304186895011,0.1538745580477491,0.9999999999994322,-5.541571806145341e-05,-2.771895476256737e-16,1.119996149303278e-05,6.661567958373524e-05
33.20000000000025,0.002158440330384016,0.003132304186895011,0.1550610795594019,0.9999999999994394,-5.533324022583426e-05,-2.755991137452936e-16,1.128243932865193e-05,6.661567958373524e-05
33.25000000000025,0.002161202855993891,0.003132304186895011,0.1562516234898167,0.9999999999994466,-5.525051211646014e-05,-2.740190731398443e-16,1.136516743802605e-05,6.661567958373524e-05
33.30000000000025,0.002163961232767333,0.003132304186895011,0.157446167039064,0.9999999999994535,-5.51675353874682e-05,-2.724495006169101e-16,1.144814416701799e-05,6.661567958373524e-05
33.35000000000024,0.00216671544835635,0.003132304186895011,0.158644687259695,0.9999999999994605,-5.508431170094674e-05,-2.708879265606138e-16,1.153136785353946e-05,6.661567958373524e-05
33.40000000000024,0.002169465490496688,0.003132304186895011,0.1598471610590461,0.9999999999994674,-5.500084272678025e-05,-2.693414658068634e-16,1.161483682770594e-05,6.661567958373524e-05
33.45000000000024,0.002172211347007776,0.003132304186895011,0.1610535652015423,0.9999999999994744,-5.491713014249497e-05,-2.678021617339474e-16,1.169854941199123e-05,6.661567958373524e-05
33.50000000000023,0.00217495300579334,0.003132304186895011,0.1622638763109984,0.9999999999994812,-5.483317563310448e-05,-2.662699724920219e-16,1.178250392138172e-05,6.661567958373524e-05
33.55000000000023,0.002177690454841802,0.003132304186895011,0.1634780708729204,0.999999999999488,-5.474898089095598e-05,-2.647494108843909e-16,1.186669866353022e-05,6.661567958373524e-05
33.60000000000023,0.002180423682226486,0.003132304186895011,0.1646961252368045,0.9999999999994947,-5.466454761557678e-05,-2.632392359233854e-16,1.195113193890942e-05,6.661567958373524e-05
33.65000000000023,0.002183152676106021,0.003132304186895011,0.1659180156184329,0.9999999999995013,-5.457987751352116e-05,-2.617394011314719e-16,1.203580204096503e-05,6.661567958373524e-05
33.70000000000022,0.002185877424724754,0.003132304186895011,0.1671437181021694,0.9999999999995081,-5.44949722982178e-05,-2.602489276251291e-16,1.21207072562684e-05,6.661567958373524e-05
33.75000000000022,0.002188597916413084,0.003132304186895011,0.1683732086432502,0.9999999999995147,-5.440983368981739e-05,-2.587644644645972e-16,1.22058458646688e-05,6.661567958373524e-05
33.80000000000022,0.002191314139587588,0.003132304186895011,0.1696064630700739,0.9999999999995215,-5.432446341504096e-05,-2.572902611456973e-16,1.229121613944523e-05,6.661567958373524e-05
33.85000000000021,0.002194026082751713,0.003132304186895011,0.1708434570864865,0.9999999999995276,-5.423886320702845e-05,-2.558293391294918e-16,1.237681634745775e-05,6.661567958373524e-05
33.90000000000021,0.002196733734495705,0.003132304186895011,0.1720841662740641,0.9999999999995343,-5.415303480518786e-05,-2.543755925543394e-16,1.246264474929833e-05,6.661567958373524e-05
33.95000000000021,0.002199437083497193,0.003132304186895011,0.1733285660943912,0.9999999999995405,-5.406697995504488e-05,-2.529312255701108e-16,1.254869959944131e-05,6.661567958373524e-05
34.00000000000021,0.002202136118521285,0.003132304186895011,0.1745766318913356,0.9999999999995473,-5.398070040809299e-05,-2.5149562582997e-16,1.263497914639321e-05,6.661567958373524e-05
34.0500000000002,0.002204830828421029,0.003132304186895011,0.1758283388933189,0.9999999999995535,-5.389419792164408e-05,-2.50069479209457e-16,1.272148163284212e-05,6.661567958373524e-05
34.1000000000002,0.002207521202137627,0.003132304186895011,0.1770836622155821,0.9999999999995598,-5.380747425867963e-05,-2.486528403334759e-16,1.280820529580656e-05,6.661567958373524e-05
34.1500000000002,0.002210207228700651,0.003132304186895011,0.1783425768624469,0.9999999999995662,-5.372053118770245e-05,-2.472458335952353e-16,1.289514836678375e-05,6.661567958373524e-05
34.20000000000019,0.002212888897228376,0.003132304186895011,0.1796050577295718,0.9999999999995725,-5.363337048258885e-05,-2.458462900844955e-16,1.298230907189734e-05,6.661567958373524e-05
34.25000000000019,0.002215566196928073,0.003132304186895011,0.1808710796062033,0.9999999999995787,-5.35459939224416e-05,-2.444550610258978e-16,1.306968563204459e-05,6.661567958373524e-05
34.30000000000019,0.002218239117096224,0.003132304186895011,0.1821406171774207,0.9999999999995849,-5.345840329144324e-05,-2.430731301587267e-16,1.315727626304296e-05,6.661567958373524e-05
34.35000000000019,0.002220907647118686,0.003132304186895011,0.1834136450263765,0.9999999999995909,-5.337060037871015e-05,-2.417013099168212e-16,1.324507917577605e-05,6.661567958373524e-05
34.40000000000018,0.002223571776471096,0.003132304186895011,0.1846901376365297,0.9999999999995969,-5.328258697814717e-05,-2.403387248425228e-16,1.333309257633903e-05,6.661567958373524e-05
34.45000000000018,0.002226231494719023,0.003132304186895011,0.1859700693938738,0.9999999999996029,-5.319436488830283e-05,-2.389840705785666e-16,1.342131466618336e-05,6.661567958373524e-05
34.50000000000018,0.002228886791518131,0.003132304186895011,0.1872534145891575,0.9999999999996089,-5.310593591222526e-05,-2.376391794730875e-16,1.350974364226093e-05,6.661567958373524e-05
34.55000000000017,0.00223153765661442,0.003132304186895011,0.1885401474200993,0.999999999999615,-5.301730185731865e-05,-2.363006629593811e-16,1.359837769716754e-05,6.661567958373524e-05
34.60000000000017,0.002234184079844596,0.003132304186895011,0.1898302419935959,0.9999999999996212,-5.292846453520051e-05,-2.349721977630605e-16,1.368721501928568e-05,6.661567958373524e-05
34.65000000000017,0.002236826051136087,0.003132304186895011,0.1911236723279217,0.9999999999996267,-5.283942576155944e-05,-2.336506218971302e-16,1.377625379292675e-05,6.661567958373524e-05
34.70000000000017,0.002239463560507293,0.003132304186895011,0.1924204123549231,0.9999999999996328,-5.275018735601369e-05,-2.323371528838416e-16,1.38654921984725e-05,6.661567958373524e-05
34.75000000000016,0.002242096598067758,0.003132304186895011,0.1937204359222038,0.9999999999996386,-5.26607511419704e-05,-2.310318758387831e-16,1.395492841251579e-05,6.661567958373524e-05
34.80000000000016,0.002244725154018412,0.003132304186895011,0.1950237167953034,0.9999999999996443,-5.257111894648541e-05,-2.297376546104245e-16,1.404456060800078e-05,6.661567958373524e-05
34.85000000000016,0.002247349218651772,0.003132304186895011,0.1963302286598673,0.9999999999996502,-5.248129260012403e-05,-2.284487457752215e-16,1.413438695436217e-05,6.661567958373524e-05
34.90000000000015,0.002249968782351925,0.003132304186895011,0.1976399451238093,0.9999999999996557,-5.239127393682224e-05,-2.271722912870437e-16,1.422440561766396e-05,6.661567958373524e-05
34.95000000000015,0.002252583835594879,0.003132304186895011,0.1989528397194651,0.9999999999996614,-5.230106479374882e-05,-2.25898757362034e-16,1.431461476073738e-05,6.661567958373524e-05
35.00000000000015,0.002255194368948701,0.003132304186895011,0.2002688859057387,0.9999999999996673,-5.221066701116818e-05,-2.246363967727627e-16,1.440501254331801e-05,6.661567958373524e-05
35.05000000000015,0.00225780037307357,0.003132304186895011,0.2015880570702379,0.9999999999996729,-5.212008243230388e-05,-2.233810596194767e-16,1.449559712218231e-05,6.661567958373524e-05
35.10000000000014,0.002260401838721982,0.003132304186895011,0.2029103265314036,0.9999999999996781,-5.202931290320295e-05,-2.221333881179175e-16,1.458636665128325e-05,6.661567958373524e-05
35.15000000000014,0.002262998756738804,0.003132304186895011,0.204235667540628,0.9999999999996836,-5.193836027260093e-05,-2.208961457666862e-16,1.467731928188527e-05,6.661567958373524e-05
35.20000000000014,0.002265591118061578,0.003132304186895011,0.205564053284365,0.9999999999996892,-5.184722639178782e-05,-2.196635140593742e-16,1.476845316269838e-05,6.661567958373524e-05
35.25000000000014,0.002268178913720461,0.003132304186895011,0.2068954568862302,0.9999999999996949,-5.17559131144746e-05,-2.184412523001466e-16,1.48597664400116e-05,6.661567958373524e-05
35.30000000000013,0.002270762134838436,0.003132304186895011,0.2082298514090921,0.9999999999997001,-5.166442229666075e-05,-2.172258517849514e-16,1.495125725782545e-05,6.661567958373524e-05
35.35000000000013,0.002273340772631397,0.003132304186895011,0.2095672098571537,0.9999999999997056,-5.157275579650239e-05,-2.160175206281734e-16,1.504292375798381e-05,6.661567958373524e-05
35.40000000000013,0.002275914818408195,0.003132304186895011,0.2109075051780235,0.9999999999997109,-5.148091547418137e-05,-2.148178127470727e-16,1.513476408030482e-05,6.661567958373524e-05
35.45000000000012,0.002278484263570887,0.003132304186895011,0.2122507102647773,0.9999999999997163,-5.138890319177513e-05,-2.136238224819321e-16,1.522677636271107e-05,6.661567958373524e-05
35.50000000000012,0.002281049099614604,0.003132304186895011,0.2135967979580093,0.9999999999997214,-5.129672081312725e-05,-2.124394478026096e-16,1.531895874135894e-05,6.661567958373524e-05
35.55000000000012,0.002283609318127845,0.003132304186895011,0.2149457410478731,0.9999999999997267,-5.120437020371908e-05,-2.112614584514066e-16,1.541130935076711e-05,6.661567958373524e-05
35.60000000000012,0.002286164910792409,0.003132304186895011,0.2162975122761127,0.9999999999997321,-5.1111853230542e-05,-2.100936835508088e-16,1.550382632394419e-05,6.661567958373524e-05
35.65000000000011,0.002288715869383522,0.003132304186895011,0.217652084338082,0.999999999999737,-5.101917176197057e-05,-2.089313074086635e-16,1.559650779251562e-05,6.661567958373524e-05
35.70000000000011,0.002291262185769908,0.003132304186895011,0.2190094298847545,0.9999999999997424,-5.092632766763662e-05,-2.077753338005407e-16,1.568935188684957e-05,6.661567958373524e-05
35.75000000000011,0.002293803851913836,0.003132304186895011,0.2203695215247465,0.9999999999997481,-5.083332281830986e-05,-2.065917967378916e-16,1.578235673617633e-05,6.661567958373524e-05
35.8000000000001,0.002296340859871135,0.003132304186895011,0.2217323318262074,0.9999999999997532,-5.074015908575803e-05,-2.054500098594263e-16,1.587552046872816e-05,6.661567958373524e-05
35.8500000000001,0.002298873201791272,0.003132304186895011,0.2230978333189354,0.9999999999997583,-5.064683834263413e-05,-2.043157567422253e-16,1.596884121185207e-05,6.661567958373524e-05
35.9000000000001,0.002301400869917337,0.003132304186895011,0.2244659984962565,0.9999999999997632,-5.055336246235547e-05,-2.031912666821926e-16,1.606231709213072e-05,6.661567958373524e-05
35.9500000000001,0.002303923856586238,0.003132304186895011,0.2258367998169957,0.9999999999997683,-5.045973331898071e-05,-2.020730289906837e-16,1.615594623550549e-05,6.661567958373524e-05
36.00000000000009,0.00230644215422855,0.003132304186895011,0.2272102097074203,0.9999999999997732,-5.036595278708809e-05,-2.009605230968082e-16,1.624972676739811e-05,6.661567958373524e-05
36.05000000000009,0.002308955755368532,0.003132304186895011,0.2285862005631707,0.9999999999997781,-5.027202274165544e-05,-1.998574461436232e-16,1.634365681283076e-05,6.661567958373524e-05
36.10000000000009,0.002311464652624352,0.003132304186895011,0.2299647447511794,0.9999999999997831,-5.017794505794093e-05,-1.98758860020638e-16,1.643773449654526e-05,6.661567958373524e-05
36.15000000000008,0.002313968838707795,0.003132304186895011,0.2313458146115777,0.9999999999997878,-5.008372161136517e-05,-1.976685262942517e-16,1.653195794312102e-05,6.661567958373524e-05
36.20000000000008,0.002316468306424534,0.003132304186895011,0.2327293824595908,0.9999999999997927,-4.998935427739397e-05,-1.965849787060559e-16,1.662632527709223e-05,6.661567958373524e-05
36.25000000000008,0.002318963048673954,0.003132304186895011,0.2341154205874213,0.9999999999997974,-4.989484493142208e-05,-1.955088874446926e-16,1.672083462306411e-05,6.661567958373524e-05
36.30000000000008,0.002321453058449204,0.003132304186895011,0.2355039012661198,0.9999999999998023,-4.980019544865791e-05,-1.944378322696712e-16,1.681548410582829e-05,6.661567958373524e-05
36.35000000000007,0.002323938328837219,0.003132304186895011,0.2368947967474434,0.9999999999998072,-4.970540770400897e-05,-1.933770704063828e-16,1.691027185047722e-05,6.661567958373524e-05
36.40000000000007,0.002326418853018607,0.003132304186895011,0.2382880792657025,0.9999999999998117,-4.961048357196839e-05,-1.92318147953193e-16,1.700519598251781e-05,6.661567958373524e-05
36.45000000000007,0.00232889462426772,0.003132304186895011,0.2396837210395942,0.9999999999998166,-4.951542492650228e-05,-1.9126908753863e-16,1.710025462798392e-05,6.661567958373524e-05
36.50000000000006,0.002331365635952544,0.003132304186895011,0.2410816942740242,0.9999999999998209,-4.942023364093802e-05,-1.902274309639846e-16,1.719544591354818e-05,6.661567958373524e-05
36.55000000000006,0.002333831881534641,0.003132304186895011,0.2424819711619152,0.9999999999998258,-4.932491158785345e-05,-1.891904768129878e-16,1.729076796663275e-05,6.661567958373524e-05
36.60000000000006,0.002336293354569323,0.003132304186895011,0.2438845238860032,0.9999999999998304,-4.922946063896709e-05,-1.881608115275779e-16,1.73862189155191e-05,6.661567958373524e-05
36.65000000000006,0.002338750048705314,0.003132304186895011,0.245289324620621,0.999999999999835,-4.913388266502921e-05,-1.871373018647521e-16,1.748179688945699e-05,6.661567958373524e-05
36.70000000000005,0.002341201957684787,0.003132304186895011,0.2466963455334682,0.9999999999998396,-4.903817953571376e-05,-1.86120784442889e-16,1.757750001877243e-05,6.661567958373524e-05
36.75000000000005,0.002343649075343443,0.003132304186895011,0.2481055587873695,0.999999999999844,-4.894235311951146e-05,-1.851100083019623e-16,1.767332643497474e-05,6.661567958373524e-05
36.80000000000005,0.002346091395610303,0.003132304186895011,0.2495169365420186,0.9999999999998483,-4.884640528362359e-05,-1.841072071882302e-16,1.776927427086261e-05,6.661567958373524e-05
36.85000000000004,0.002348528912507619,0.003132304186895011,0.2509304509557105,0.9999999999998529,-4.875033789385692e-05,-1.831081533509872e-16,1.786534166062929e-05,6.661567958373524e-05
36.90000000000004,0.00235096162015096,0.003132304186895011,0.2523460741870593,0.9999999999998574,-4.865415281451938e-05,-1.821180953024591e-16,1.796152673996682e-05,6.661567958373524e-05
36.95000000000004,0.002353389512748983,0.003132304186895011,0.2537637783967038,0.9999999999998618,-4.855785190831694e-05,-1.811314768518748e-16,1.805782764616925e-05,6.661567958373524e-05
37.00000000000004,0.002355812584603412,0.003132304186895011,0.2551835357489991,0.9999999999998662,-4.846143703625119e-05,-1.801545248933871e-16,1.8154242518235e-05,6.661567958373524e-05
37.05000000000003,0.002358230830108843,0.003132304186895011,0.256605318413696,0.9999999999998704,-4.836491005751796e-05,-1.791812396659366e-16,1.825076949696824e-05,6.661567958373524e-05
37.10000000000003,0.002360644243752914,0.003132304186895011,0.2580290985676058,0.9999999999998748,-4.826827282940693e-05,-1.782152620201012e-16,1.834740672507927e-05,6.661567958373524e-05
37.15000000000003,0.002363052820115833,0.003132304186895011,0.259454848396252,0.9999999999998789,-4.817152720720222e-05,-1.772551539932287e-16,1.844415234728397e-05,6.661567958373524e-05
37.20000000000002,0.002365456553870542,0.003132304186895011,0.2608825400955097,0.9999999999998832,-4.807467504408377e-05,-1.763022563901404e-16,1.854100451040243e-05,6.661567958373524e-05
37.25000000000002,0.002367855439782586,0.003132304186895011,0.2623121458732295,0.9999999999998875,-4.797771819102982e-05,-1.753527110795557e-16,1.863796136345638e-05,6.661567958373524e-05
37.30000000000002,0.002370249472709974,0.003132304186895011,0.2637436379508499,0.9999999999998916,-4.788065849672038e-05,-1.744123166409159e-16,1.873502105776581e-05,6.661567958373524e-05
37.35000000000002,0.002372638647602833,0.003132304186895011,0.2651769885649939,0.9999999999998958,-4.778349780744147e-05,-1.734753595071008e-16,1.883218174704472e-05,6.661567958373524e-05
37.40000000000001,0.002375022959503654,0.003132304186895011,0.2666121699690545,0.9999999999999001,-4.76862379669905e-05,-1.725454713431134e-16,1.89294415874957e-05,6.661567958373524e-05
37.45000000000001,0.002377402403546957,0.003132304186895011,0.2680491544347638,0.9999999999999043,-4.758888081658249e-05,-1.716207737436712e-16,1.90267987379037e-05,6.661567958373524e-05
37.50000000000001,0.002379776974959179,0.003132304186895011,0.2694879142537512,0.9999999999999082,-4.749142819475732e-05,-1.707025735355921e-16,1.912425135972888e-05,6.661567958373524e-05
37.55,0.002382146669058467,0.003132304186895011,0.2709284217390855,0.9999999999999123,-4.739388193728791e-05,-1.697902015809008e-16,1.922179761719828e-05,6.661567958373524e-05
37.6,0.002384511481254765,0.003132304186895011,0.272370649226804,0.9999999999999165,-4.729624387708938e-05,-1.688829905331673e-16,1.931943567739682e-05,6.661567958373524e-05
37.65,0.00238687140704933,0.003132304186895011,0.2738145690774288,0.9999999999999206,-4.719851584412906e-05,-1.679796306567893e-16,1.941716371035714e-05,6.661567958373524e-05
37.7,0.002389226442035037,0.003132304186895011,0.2752601536774677,0.9999999999999244,-4.710069966533762e-05,-1.670873238668606e-16,1.951497988914857e-05,6.661567958373524e-05
37.74999999999999,0.002391576581895614,0.003132304186895011,0.2767073754409022,0.9999999999999283,-4.700279716452109e-05,-1.661967920804553e-16,1.961288238996511e-05,6.661567958373524e-05
37.79999999999999,0.00239392182240611,0.003132304186895011,0.2781562068106613,0.9999999999999323,-4.690481016227373e-05,-1.653130569956748e-16,1.971086939221246e-05,6.661567958373524e-05
37.84999999999999,0.002396262159432254,0.003132304186895011,0.2796066202600817,0.9999999999999363,-4.680674047589202e-05,-1.644345768344945e-16,1.980893907859417e-05,6.661567958373524e-05
37.89999999999998,0.002398597588930546,0.003132304186895011,0.2810585882943535,0.9999999999999402,-4.670858991928951e-05,-1.63562656884683e-16,1.990708963519668e-05,6.661567958373524e-05
37.94999999999998,0.002400928106948013,0.003132304186895011,0.2825120834519529,0.9999999999999439,-4.661036030291271e-05,-1.626954518296999e-16,2.000531925157348e-05,6.661567958373524e-05
37.99999999999998,0.002403253709621996,0.003132304186895011,0.2839670783060597,0.9999999999999479,-4.651205343365773e-05,-1.618337277884828e-16,2.010362612082846e-05,6.661567958373524e-05
38.04999999999998,0.002405574393180049,0.003132304186895011,0.2854235454659617,0.9999999999999517,-4.641367111478815e-05,-1.609769442573642e-16,2.020200843969804e-05,6.661567958373524e-05
38.09999999999997,0.002407890153939588,0.003132304186895011,0.2868814575784459,0.9999999999999554,-4.631521514585361e-05,-1.601241866270346e-16,2.030046440863259e-05,6.661567958373524e-05
38.14999999999997,0.002410200988308035,0.003132304186895011,0.2883407873291732,0.9999999999999594,-4.621668732260949e-05,-1.592790639288216e-16,2.03989922318767e-05,6.661567958373524e-05
38.19999999999997,0.002412506892782105,0.003132304186895011,0.2898015074440425,0.9999999999999629,-4.611808943693754e-05,-1.58440424047929e-16,2.049759011754866e-05,6.661567958373524e-05
38.24999999999996,0.002414807863948219,0.003132304186895011,0.2912635906905372,0.9999999999999667,-4.601942327676719e-05,-1.576050721686615e-16,2.059625627771901e-05,6.661567958373524e-05
38.29999999999996,0.002417103898481715,0.003132304186895011,0.2927270098790609,0.9999999999999702,-4.592069062599832e-05,-1.56775491812086e-16,2.069498892848788e-05,6.661567958373524e-05
38.34999999999996,0.002419394993147147,0.003132304186895011,0.2941917378642577,0.9999999999999742,-4.58218932644244e-05,-1.559529456513065e-16,2.079378629006179e-05,6.661567958373524e-05
38.39999999999996,0.002421681144797715,0.003132304186895011,0.2956577475463174,0.9999999999999776,-4.572303296765706e-05,-1.551329182989693e-16,2.089264658682915e-05,6.661567958373524e-05
38.44999999999995,0.002423962350375259,0.003132304186895011,0.2971250118722698,0.9999999999999813,-4.562411150705117e-05,-1.543203067388474e-16,2.099156804743502e-05,6.661567958373524e-05
38.49999999999995,0.002426238606909918,0.003132304186895011,0.2985935038372618,0.9999999999999849,-4.552513064963131e-05,-1.535111320744391e-16,2.109054890485489e-05,6.661567958373524e-05
38.54999999999995,0.002428509911519981,0.003132304186895011,0.3000631964858217,0.9999999999999886,-4.542609215801869e-05,-1.527069204845609e-16,2.11895873964675e-05,6.661567958373524e-05
38.59999999999994,0.002430776261411655,0.003132304186895011,0.3015340629131111,0.9999999999999921,-4.532699779035944e-05,-1.519079368792743e-16,2.128868176412676e-05,6.661567958373524e-05
38.64999999999994,0.002433037653878786,0.003132304186895011,0.3030060762661605,0.9999999999999959,-4.522784930025349e-05,-1.511153131285381e-16,2.13878302542327e-05,6.661567958373524e-05
38.69999999999994,0.002435294086302741,0.003132304186895011,0.304479209745092,0.9999999999999991,-4.512864843668462e-05,-1.503278164447873e-16,2.148703111780157e-05,6.661567958373524e-05
38.74999999999994,0.002437545556152059,0.003132304186895011,0.3059534366043286,1.000000000000003,-4.502939694395133e-05,-1.49542614571262e-16,2.158628261053486e-05,6.661567958373524e-05
38.79999999999993,0.002439792060982222,0.003132304186895011,0.3074287301537884,1.000000000000006,-4.493009656159857e-05,-1.487660334278432e-16,2.168558299288763e-05,6.661567958373524e-05
38.84999999999993,0.002442033598435529,0.003132304186895011,0.308905063760066,1.000000000000009,-4.483074902435052e-05,-1.479923723897134e-16,2.178493053013567e-05,6.661567958373524e-05
38.89999999999993,0.002444270166240656,0.003132304186895011,0.3103824108476,1.000000000000013,-4.473135606204428e-05,-1.472237487966809e-16,2.188432349244192e-05,6.661567958373524e-05
38.94999999999992,0.002446501762212714,0.003132304186895011,0.3118607448998255,1.000000000000016,-4.463191939956428e-05,-1.464602914695066e-16,2.198376015492191e-05,6.661567958373524e-05
38.99999999999992,0.002448728384252567,0.003132304186895011,0.3133400394603141,1.00000000000002,-4.453244075677786e-05,-1.457012670053965e-16,2.208323879770833e-05,6.661567958373524e-05
39.04999999999992,0.002450950030347027,0.003132304186895011,0.3148202681338992,1.000000000000023,-4.443292184847164e-05,-1.449462887508518e-16,2.218275770601455e-05,6.661567958373524e-05
39.09999999999992,0.002453166698568305,0.003132304186895011,0.3163014045877889,1.000000000000026,-4.433336438428874e-05,-1.441965791505095e-16,2.228231517019746e-05,6.661567958373524e-05
39.14999999999991,0.002455378387073708,0.003132304186895011,0.3177834225526627,1.00000000000003,-4.423377006866699e-05,-1.434525854448753e-16,2.23819094858192e-05,6.661567958373524e-05
39.19999999999991,0.002457585094105749,0.003132304186895011,0.319266295823757,1.000000000000033,-4.4134140600778e-05,-1.427124756513822e-16,2.248153895370819e-05,6.661567958373524e-05
39.24999999999991,0.002459786817991461,0.003132304186895011,0.3207499982619361,1.000000000000036,-4.403447767446723e-05,-1.419792971367196e-16,2.258120188001897e-05,6.661567958373524e-05
39.2999999999999,0.002461983557142318,0.003132304186895011,0.3222345037947484,1.00000000000004,-4.393478297819465e-05,-1.412467288073547e-16,2.268089657629153e-05,6.661567958373524e-05
39.3499999999999,0.002464175310054014,0.003132304186895011,0.3237197864174707,1.000000000000043,-4.383505819497673e-05,-1.405195400709442e-16,2.278062135950946e-05,6.661567958373524e-05
39.3999999999999,0.002466362075306092,0.003132304186895011,0.3252058201941379,1.000000000000046,-4.373530500232894e-05,-1.397990010497706e-16,2.288037455215726e-05,6.661567958373524e-05
39.4499999999999,0.002468543851561634,0.003132304186895011,0.3266925792585594,1.00000000000005,-4.363552507220928e-05,-1.390822578619973e-16,2.298015448227691e-05,6.661567958373524e-05
39.49999999999989,0.002470720637567107,0.003132304186895011,0.3281800378153221,1.000000000000052,-4.353572007096277e-05,-1.383717730825194e-16,2.307995948352342e-05,6.661567958373524e-05
39.54999999999989,0.002472892432151986,0.003132304186895011,0.3296681701407796,1.000000000000056,-4.343589165926669e-05,-1.376632347779393e-16,2.317978789521951e-05,6.661567958373524e-05
39.59999999999989,0.002475059234228466,0.003132304186895011,0.3311569505840285,1.000000000000059,-4.333604149207663e-05,-1.369592220898729e-16,2.327963806240957e-05,6.661567958373524e-05
39.64999999999988,0.002477221042791247,0.003132304186895011,0.332646353567871,1.000000000000062,-4.323617121857364e-05,-1.36261744383813e-16,2.337950833591256e-05,6.661567958373524e-05
39.69999999999988,0.002479377856917286,0.003132304186895011,0.3341363535897636,1.000000000000065,-4.313628248211208e-05,-1.355664979903191e-16,2.347939707237411e-05,6.661567958373524e-05
39.74999999999988,0.002481529675765136,0.003132304186895011,0.3356269252227538,1.000000000000068,-4.303637692016832e-05,-1.348770091866231e-16,2.357930263431787e-05,6.661567958373524e-05
39.79999999999988,0.002483676498575209,0.003132304186895011,0.3371180431164024,1.000000000000071,-4.293645616429033e-05,-1.341909762578204e-16,2.367922339019586e-05,6.661567958373524e-05
39.84999999999987,0.002485818324669025,0.003132304186895011,0.3386096819976926,1.000000000000074,-4.283652184004818e-05,-1.335101174154725e-16,2.377915771443802e-05,6.661567958373524e-05
39.89999999999987,0.002487955153449227,0.003132304186895011,0.3401018166719272,1.000000000000077,-4.273657556698526e-05,-1.328332738484085e-16,2.387910398750094e-05,6.661567958373524e-05
39.94999999999987,0.002490086984398954,0.003132304186895011,0.3415944220236111,1.00000000000008,-4.263661895857046e-05,-1.321617719317783e-16,2.397906059591572e-05,6.661567958373524e-05
39.99999999999986,0.002492213817081894,0.003132304186895011,0.3430874730173209,1.000000000000083,-4.25366536221512e-05,-1.31491783786594e-16,2.407902593233499e-05,6.661567958373524e-05
