# Probe 0 (0 0 -0.156)
# Probe 1 (0.02 0 -0.156)
# Probe 2 (-0.02 0 -0.156)
# Probe 3 (0 0.02 -0.156)
# Probe 4 (0 -0.02 -0.156)
# Probe 5 (0.0141421356 0.0141421356 -0.156)
# Probe 6 (-0.0141421356 0.0141421356 -0.156)
# Probe 7 (0.0141421356 -0.0141421356 -0.156)
# Probe 8 (-0.0141421356 -0.0141421356 -0.156)
# Time              0                   1                   2                   3                   4                   5                   6                   7                   8                  
0.05                1.50532402107e-12   1.02642778089e-12   1.21863476889e-12   1.21541788036e-12   1.68149786008e-12   1.64567496543e-12   1.20170974846e-12   1.69374324344e-12   1.20699673002e-12  
0.1                 1.82986509418e-12   1.23357293728e-12   1.39969982412e-12   1.36628199095e-12   1.87889369653e-12   1.66104670361e-12   1.38567287513e-12   1.8280678762e-12    1.43167979427e-12  
0.15                2.01456325951e-12   1.32915781537e-12   1.41782745466e-12   1.4047387292e-12    1.82682606041e-12   1.55338340049e-12   1.41773690111e-12   1.77855090105e-12   1.44288560707e-12  
0.2                 4.46352332394e-12   2.98861433831e-12   2.90396468906e-12   2.95987128255e-12   3.3592220005e-12    3.11489828211e-12   2.91566512595e-12   3.37073381752e-12   2.87146707965e-12  
0.25                1.44355587671e-11   9.42485024937e-12   9.08554813527e-12   9.28302197031e-12   9.66149993365e-12   9.45742879678e-12   9.05569754684e-12   9.69934209541e-12   8.8946199024e-12   
0.3                 5.07906038217e-11   3.25357824953e-11   3.18556612598e-11   3.22771655127e-11   3.26076181939e-11   3.21968661402e-11   3.14962788027e-11   3.23887488177e-11   3.11678986335e-11  
0.35                1.70908940531e-10   1.09736344521e-10   1.08079972516e-10   1.09072150117e-10   1.09338332789e-10   1.08016773949e-10   1.06516862065e-10   1.08138316512e-10   1.05853106888e-10  
0.4                 5.19816377472e-10   3.35375808683e-10   3.32643515939e-10   3.34305835728e-10   3.34472891744e-10   3.29510239012e-10   3.27149006519e-10   3.29546561803e-10   3.26130741843e-10  
0.45                1.44200893341e-09   9.38358164076e-10   9.34536854811e-10   9.36877371733e-10   9.36987947568e-10   9.21502435446e-10   9.18287513802e-10   9.2149476411e-10    9.16963897105e-10  
0.5                 3.6797462535e-09    2.41950676408e-09   2.41475864894e-09   2.41758966776e-09   2.41784629485e-09   2.37621870376e-09   2.37232762724e-09   2.37635104011e-09   2.37090263021e-09  
0.55                8.71555629488e-09   5.79420973277e-09   5.7888549429e-09    5.79182602416e-09   5.79264544387e-09   5.69247668083e-09   5.68817656524e-09   5.69310631899e-09   5.68697103868e-09  
0.6                 1.93197657606e-08   1.29872453487e-08   1.29819516029e-08   1.29843198333e-08   1.29865538392e-08   1.27646975208e-08   1.27605646076e-08   1.27665785618e-08   1.27602118427e-08  
0.65                4.0375849058e-08    2.74391770377e-08   2.74351805129e-08   2.74355507877e-08   2.74407862384e-08   2.69812686427e-08   2.69783977881e-08   2.69858396153e-08   2.6980048859e-08   
0.7                 8.00578876057e-08   5.49872868596e-08   5.49867261887e-08   5.49826571198e-08   5.49936712812e-08   5.40943595033e-08   5.40946970174e-08   5.41041919304e-08   5.41003303054e-08  
0.75                1.51430186678e-07   1.0508432908e-07    1.05090718337e-07   1.05078163073e-07   1.05099573393e-07   1.03424245246e-07   1.03431069577e-07   1.03443694592e-07   1.03443924838e-07  
0.8                 2.74525327408e-07   1.92410904109e-07   1.92429928789e-07   1.92402291945e-07   1.92441522281e-07   1.894536811e-07     1.89472471233e-07   1.894899003e-07     1.89497741038e-07  
0.85                4.78939367589e-07   3.3892847128e-07    3.38965784955e-07   3.38915045918e-07   3.38982824372e-07   3.33860382566e-07   3.3389715871e-07    3.33923799705e-07   3.33941806543e-07  
0.9                 8.06932915113e-07   5.76371776299e-07   5.76440162005e-07   5.76351661968e-07   5.76464683647e-07   5.679846887e-07     5.68052083088e-07   5.6809180923e-07    5.68127470001e-07  
0.95                1.31704757418e-06   9.49222721749e-07   9.49340346386e-07   9.49193045677e-07   9.4937540476e-07    9.35778060004e-07   9.35894422908e-07   9.35953017949e-07   9.36016743111e-07  
1                   2.08814401956e-06   1.51809021576e-06   1.5182823216e-06    1.51804682395e-06   1.51833230212e-06   1.49715608836e-06   1.49734738362e-06   1.49743313478e-06   1.4975390851e-06   
1.05                3.22378999464e-06   2.36346163114e-06   2.36376252991e-06   2.36339873614e-06   2.36383354788e-06   2.33172334749e-06   2.33202543351e-06   2.33214984672e-06   2.33231690747e-06  
1.1                 4.85687911656e-06   3.58973923713e-06   3.59019467162e-06   3.58964902071e-06   3.59029501213e-06   3.54278480155e-06   3.54324614685e-06   3.5434247441e-06    3.54367767701e-06  
1.15                7.15434649761e-06   5.32945976738e-06   5.33012962097e-06   5.32933193312e-06   5.33027022878e-06   5.26154319653e-06   5.26222800838e-06   5.26248121493e-06   5.26285197649e-06  
1.2                 1.03218368189e-05   7.7475811718e-06    7.7485425389e-06    7.74740245507e-06   7.74873755839e-06   7.6513676814e-06    7.65235942644e-06   7.65271355056e-06   7.65324277112e-06  
1.25                1.46081786632e-05   1.10457132589e-05   1.10470638687e-05   1.10454669002e-05   1.10473312244e-05   1.09120113407e-05   1.09134166411e-05   1.09139049231e-05   1.09146435632e-05  
1.3                 2.03095253126e-05   1.54661681368e-05   1.54680305022e-05   1.54658330783e-05   1.54683922678e-05   1.52836538457e-05   1.52856073748e-05   1.5286270966e-05    1.52872825892e-05  
1.35                2.77730374431e-05   2.12957151198e-05   2.1298239801e-05    2.12952659435e-05   2.12987234182e-05   2.10506568334e-05   2.10533243269e-05   2.10542137767e-05   2.10555755944e-05  
1.4                 3.73999978158e-05   2.88689289746e-05   2.88722995423e-05   2.88683350857e-05   2.88729380734e-05   2.85449159203e-05   2.85484998953e-05   2.85496759941e-05   2.8551481726e-05   
1.45                4.96482775433e-05   3.8571046223e-05    3.8575483972e-05    3.85702712369e-05   3.85763167779e-05   3.81487293181e-05   3.81534739562e-05   3.81550089445e-05   3.81573712435e-05  
1.5                 6.50340926259e-05   5.08402547334e-05   5.08460237066e-05   5.08392559179e-05   5.08470970691e-05   5.02971051907e-05   5.03033013872e-05   5.03052800602e-05   5.03083331827e-05  
1.55                8.41330175401e-05   6.61693654436e-05   6.61767776968e-05   6.61680931845e-05   6.61781454139e-05   6.5479456517e-05    6.54874469718e-05   6.54899677318e-05   6.54938704239e-05  
1.6                 0.000107580245877   8.51068347181e-05   8.51162557846e-05   8.51052320192e-05   8.51179797276e-05   8.42406512466e-05   8.42508355264e-05   8.42540113636e-05   8.42589499571e-05  
1.65                0.000136070110001   0.000108257125457   0.000108268979964   0.000108255127481   0.000108271130584   0.000107181404998   0.000107194244499   0.000107198203881   0.000107204395586  
1.7                 0.000170354890621   0.000136280413033   0.000136295190415   0.000136277946696   0.000136297847188   0.000134958021443   0.000134974044183   0.000134978931841   0.000134986628212  
1.75                0.000211242962682   0.000169891657894   0.00016990991814    0.000169888641512   0.000169913169953   0.000168281501264   0.000168301306441   0.000168307284035   0.000168316774587  
1.8                 0.000259596335997   0.000209859079892   0.00020988145926    0.000209855422895   0.000209885404713   0.000207916053807   0.000207940316057   0.000207947562719   0.000207959178648  
1.85                0.000316327657522   0.000257002079878   0.000257029296509   0.000256997682587   0.00025703404415    0.000254677056107   0.000254706529412   0.00025471524215    0.000254729360131  
1.9                 0.000382396747726   0.000312188661905   0.000312221521206   0.000312183415207   0.000312227189705   0.000309428511479   0.000309464032645   0.000309474426732   0.000309491472776  
1.95                0.00045880674422    0.000376332415006   0.000376371814968   0.000376326200672   0.00037637853312    0.00037308006786    0.000373122559626   0.000373134868433   0.000373155321568  
2                   0.000546599930245   0.000450389115549   0.000450436051543   0.000450381805985   0.000450443958307   0.000446583652113   0.000446634125692   0.000446648600876   0.00044667299692   
2.05                0.000646853317065   0.00053535301363    0.000535408582884   0.000535344471943   0.000535417827285   0.000530929788042   0.000530989345172   0.000531006256505   0.000531035191618  
2.1                 0.000760674051077   0.000632252865018   0.00063231827064    0.000632242945152   0.000632329011596   0.000627143656483   0.000627213490944   0.000627233126023   0.000627267260073  
2.15                0.000889194709287   0.000742147768785   0.00074222432327    0.000742136315725   0.000742236729348   0.000736280958084   0.000736362356663   0.000736385020493   0.000736425080172  
2.2                 0.0010335685418     0.000866122867517   0.000866211995683   0.000866109717553   0.00086622624478    0.000859423635495   0.000859517978387   0.000859543992845   0.000859590774498  
2.25                0.00119496471405    0.00100528496323    0.00100538820454    0.00100526994428    0.00100540448349    0.00099767550804    0.000997784268681   0.00099781397187    0.000997868343963  
2.3                 0.00137456359534    0.0011607580977     0.00116087710792    0.00116074102969    0.00116089561209    0.00115215786759    0.00115228261193    0.00115231635742    0.00115237926265   
2.35                0.0015735521343     0.00133367914145    0.00133381569364    0.00133365983673    0.00133383662637    0.00132400507991    0.00132414746514    0.00132418562113    0.00132425807808   
2.4                 0.00179311935594    0.0015251934306     0.0015253494154     0.00152517169446    0.00152537298749    0.00151436023098    0.00151452200369    0.00151456495207    0.00151464805645   
2.45                0.00203445200943    0.00173645048646    0.00173662791163    0.0017364261176     0.00173665434076    0.00172437085304    0.00172455384691    0.00172460198224    0.00172469690768   
2.5                 0.00229873039066    0.00196859984762    0.00196880083692    0.00196857263873    0.00196883034699    0.00195518476069    0.00195539089364    0.00195544462212    0.00195555262039   
2.55                0.00258712435879    0.00222278704039    0.00222301383173    0.00222275677873    0.00222304665223    0.00220794602283    0.0022081772937     0.00220823703198    0.00220835943283   
2.6                 0.00290078956838    0.00250014971641    0.00250040465575    0.00250011618239    0.0025004410208     0.00248379109797    0.00248404958176    0.00248411575581    0.00248425396315   
2.65                0.00324086389486    0.00280181393707    0.0028020994826     0.00280177690908    0.00280213963067    0.00278384512086    0.00278413296655    0.00278420601032    0.00278436150756   
2.7                 0.00360846412955    0.00312889069527    0.00312920940984    0.0031288499482     0.00312925358291    0.00310921841505    0.00310953784038    0.00310961819487    0.00310979253989   
2.75                0.00400468287892    0.00348247260888    0.00348282715541    0.00348242791472    0.00348287559825    0.00346100318192    0.00346135646844    0.00346144458029    0.00346163940323   
2.8                 0.00443058570786    0.00386363083015    0.00386402396643    0.00386358195736    0.00386407692544    0.00384027039875    0.00384065988719    0.00384075620757    0.00384097320944   
2.85                0.00488720851342    0.00427341217186    0.00427384674406    0.004273358887      0.00427390447063    0.0042480669538     0.00424849504203    0.0042486000256     0.00424884097269   
2.9                 0.00537555513857    0.00471283645942    0.00471331539916    0.00471277853062    0.00471337814124    0.00468541296408    0.00468588209226    0.00468599619453    0.00468626291656   
2.95                0.00589659521449    0.00518289408132    0.00518342039702    0.00518283127609    0.00518348840272    0.0051532993332     0.00515381198293    0.00515393566053    0.00515423004685   
3                   0.00645126222529    0.00568454377683    0.00568512054697    0.00568447586273    0.00568519406377    0.00565268552375    0.0056532442127     0.0056533779218     0.00565370191747   
3.05                0.00704045179442    0.00621871063273    0.00621934099885    0.00621863737815    0.00621942027291    0.00618449754363    0.00618510481958    0.00618524901464    0.00618560461609   
3.1                 0.007665020184      0.00678628429229    0.0067869714517     0.00678620546711    0.00678705672709    0.00674962614406    0.00675028457869    0.00675043971133    0.0067508289618    
3.15                0.00832578299962    0.00738811737123    0.00738886456944    0.00738803274745    0.00738895608757    0.00734892522438    0.00734963740719    0.00734980392503    0.00735022890982   
3.2                 0.00902351409261    0.00802502407494    0.00802583459796    0.00802493342726    0.00802593259688    0.00798321043808    0.00798397897019    0.00798415731583    0.00798462015735   
3.25                0.00975894465143    0.00869777901014    0.00869865617667    0.00869768211653    0.00869876089052    0.0086532579933     0.0086540854814     0.00865427609138    0.00865477894404   
3.3                 0.0105327624732     0.00940711618383    0.00940806333732    0.00940701282605    0.0094081749958     0.00935980364067    0.00936069269101    0.00936089599485    0.0093614410399    
3.35                0.0113456114067     0.0101537281816     0.0101547486824     0.0101536181457     0.0101548675102     0.0101035418407     0.0101044950532     0.0101047114725     0.0101053009127    
3.4                 0.0121980909573     0.0109382655171     0.0109393627345     0.0109381485939     0.0109394889509     0.0108851251028     0.0108861450652     0.0108863750126     0.0108870110672    
3.45                0.013090756045      0.0117613361447     0.0117625134491     0.0117612121301     0.0117626472675     0.0117051634868     0.0117062527692     0.0117064966478     0.0117071815468    
3.5                 0.0140241169058     0.0126235051253     0.0126247658806     0.0126233738209     0.012624907508      0.0125642242598     0.0125653854089     0.0125656436113     0.0125663795905    
3.55                0.0149986391285     0.0135252944385     0.0135266419946     0.013525155652      0.0135267916314     0.0134628316973     0.0134640672314     0.0134643401392     0.0134651294348    
3.6                 0.0160147438163     0.0144671829307     0.0144686206159     0.0144670364758     0.0144687784553     0.0144014670228     0.0144027794265     0.0144030674094     0.014403912253     
3.65                0.0170728078654     0.015449606391      0.0154511375049     0.0154494520883     0.0154513037328     0.0153805684741     0.0153819601934     0.0153822636086     0.0153831662223    
3.7                 0.018173164352      0.0164729577461     0.0164745855529     0.0164727954232     0.0164747603475     0.0164005314894     0.0164020049274     0.0164023241193     0.0164032867102    
3.75                0.0193161030182     0.017537587366      0.0175393150872     0.0175374168573     0.017539498619      0.017461709005      0.0174632665171     0.0174636018165     0.0174646265725    
3.8                 0.0205018708498     0.0186438034711     0.0186456342798     0.0186436246188     0.0186458267109     0.0185644118545     0.0185660557441     0.0185664074681     0.0185674965531    
3.85                0.0217306727378     0.0197918726338     0.0197938096482     0.0197916852875     0.0197940111325     0.0197089092623     0.0197106417774     0.0197110102287     0.0197121657779    
3.9                 0.0230026722146     0.0209820203658     0.0209840666432     0.020981824383      0.0209842773261     0.0208954294242     0.0208972527533     0.0208976382199     0.0208988623359    
3.95                0.02431799226       0.0222144317834     0.022216590315      0.0222142270294     0.0222168103332     0.0221241601656     0.0221260764346     0.0221264791896     0.0221277739381    
4                   0.0256767161672     0.0234892523438     0.0234915260495     0.0234890386922     0.0234917555311     0.0233952496718     0.0233972609403     0.0233976812418     0.0233990486478    
4.05                0.0270788884644     0.0248065886453     0.0248089803686     0.0248063659776     0.0248092194329     0.0247088072814     0.0247109155404     0.024711353631      0.024712795675     
4.1                 0.028524515884      0.0261665092837     0.0261690217874     0.0261662774898     0.0261692705449     0.0260649043375     0.0260671115065     0.0260675676132     0.0260690862282    
4.15                0.0300135683736     0.0275690457596     0.0275716817216     0.0275688047376     0.0275719402736     0.0274635750896     0.0274658830141     0.0274663573484     0.0274679544161    
4.2                 0.031545980144      0.0290141934296     0.0290169554389     0.0290139430859     0.0290172238781     0.0289048176395     0.028907228089      0.0289077208468     0.0289093981949    
4.25                0.0331216507468     0.0305019124956     0.0305048030491     0.0305016527449     0.0305050814592     0.030388594926      0.0303911095923     0.0303916209534     0.0303933803531    
4.3                 0.0347404461786     0.0320321290271     0.0320351505261     0.0320318597924     0.032035438982      0.0319148357431     0.031917456238      0.0319179863669     0.0319198295298    
4.35                0.0364022000048     0.0336047360108     0.0336078907583     0.0336044572234     0.0336081893262     0.0334834357847     0.0334861636393     0.0334867126847     0.0334886412608    
4.4                 0.0381067145005     0.0352195944226     0.0352228846207     0.0352193060219     0.0352231933578     0.0350942587134     0.0350970953767     0.0350976634714     0.0350996790472    
4.45                0.0398537618024     0.0368765343173     0.0368799620653     0.036876236251      0.0368802810204     0.0367471372467     0.0367500840843     0.0367506713461     0.0367527754422    
4.5                 0.0416430850692     0.0385753559325     0.0385789232247     0.0385750481563     0.038579252438      0.0384418742573     0.0384449325512     0.038445539082      0.0384477331521    
4.55                0.0434743996452     0.0403158308017     0.0403195395257     0.0403155132792     0.0403198790291     0.040178243883      0.0401814148305     0.0401820407175     0.0401843261464    
4.6                 0.0453473942259     0.0420977028724     0.0421015548084     0.0420973755752     0.0421019046253     0.0419559926428     0.0419592773567     0.0419599226716     0.0419623007743    
4.65                0.0472617320197     0.0439206896283     0.0439246864473     0.0439203525354     0.0439250465932     0.0437748405555     0.0437782400634     0.0437789048635     0.043781376884     
4.7                 0.0492170519057     0.0457844832084     0.0457886264721     0.0457841363069     0.0457889969544     0.0456344822574     0.0456379975021     0.0456386818299     0.0456412489404    
4.75                0.0512129695822     0.0476887515245     0.0476930426843     0.0476883948085     0.0476934235027     0.0475345881167     0.0475382199564     0.0475389238401     0.0475415871403    
4.8                 0.0532490787052     0.0496331393701     0.0496375797674     0.0496327728412     0.0496379709137     0.0494748053417     0.0494785545501     0.0494792780037     0.0494820385205    
4.85                0.0553249520145     0.0516172695217     0.0516218603875     0.0516168931888     0.0516222618464     0.0514547590791     0.0514586263461     0.0514593693701     0.051462228057     
4.9                 0.0574401424445     0.0536407438286     0.0536454862838     0.0536403577072     0.0536458980324     0.053474053503      0.0534780394351     0.0534788020164     0.0534817597537    
4.95                0.0595941842191     0.0557031442885     0.0557080393444     0.0557027484013     0.055708461353      0.0555322728889     0.0555363780106     0.0555371601228     0.0555402177173    
5                   0.0617865939275     0.0578040341094     0.0578090826683     0.0578036284854     0.0578095149002     0.0576289826742     0.0576332074282     0.0576340090322     0.0576371672177    
5.05                0.0640168715844     0.0599429587553     0.0599481616119     0.0599425434304     0.0599486040237     0.0597637305044     0.0597680752525     0.059768896297      0.0597721557335    
5.1                 0.0662845016557     0.0621194469661     0.062124804807      0.0621190219819     0.062125257349      0.0619360472475     0.0619405122729     0.061941352694      0.0619447139702    
5.15                0.0685889540844     0.0643330117719     0.064338525178      0.0643325771763     0.0643389877942     0.0641454480129     0.0641500335208     0.0641508932427     0.0641543568751    
5.2                 0.0709296852764     0.0665831514759     0.0665888209234     0.0665827073224     0.0665892935517     0.066391433131      0.0663961392495     0.0663970181851     0.0664005846192    
5.25                0.0733061390678     0.0688693506184     0.0688751764803     0.0688688969664     0.0688756590528     0.0686734891172     0.0686783158992     0.0686792139501     0.0686828835607    
5.3                 0.0757177476678     0.0711910809189     0.0711970634667     0.0711906178333     0.0711975559099     0.0709910896131     0.0709960370374     0.0709969540948     0.0710007271872    
5.35                0.0781639325764     0.0735478021948     0.0735539416        0.0735473297455     0.073554443835      0.0733436963051     0.0733487642785     0.073349700223      0.0733535770339    
5.4                 0.0806441054793     0.0759389632507     0.0759452595866     0.0759384815074     0.0759457715254     0.0757307597869     0.0757359481497     0.075736902851      0.0757408835572    
5.45                0.0831576691041     0.0783640027686     0.0783704560127     0.0783635118129     0.0783709775673     0.0781517205446     0.0781570290612     0.0781580023803     0.0781620870811    
5.5                 0.0857040180727     0.080822350129      0.0808289601646     0.0808218500468     0.0808294912422     0.0806060096587     0.080611438028      0.0806124298172     0.0806166185488    
5.55                0.0882825397102     0.0833134262436     0.0833201928621     0.0833129171249     0.0833207333651     0.0830930496931     0.083098597549      0.0830996076514     0.0831039003869    
5.6                 0.090892614832      0.0858366443507     0.0858435672532     0.0858361262892     0.0858441170796     0.0856122554866     0.0856179223995     0.0856189506497     0.0856233473003    
5.65                0.0935336185053     0.088391410785      0.0883984895854     0.0883908838786     0.088399048629      0.0881630349225     0.088168820401      0.0881698666253     0.0881743670414    
5.7                 0.0962049207835     0.0909771257237     0.0909843599503     0.0909765900737     0.0909849281008     0.0907447896735     0.0907506931664     0.0907517571834     0.0907563611557    
5.75                0.0989058874155     0.0935931839059     0.093600573004      0.0935926396173     0.0936011501474     0.0933569159222     0.09336293682       0.0933640184407     0.093368725702     
5.8                 0.101635880528      0.0962389753279     0.0962465186622     0.0962384225092     0.0962471046811     0.0959988050561     0.0960049426932     0.0960060417217     0.0960108519482    
5.85                0.10439425928       0.0989138859132     0.0989215827702     0.098913324676      0.0989221775438     0.0986698443381     0.0986760979946     0.0986772142282     0.0986821270412    
5.9                 0.1071803805        0.101617298158      0.101625147748      0.101616728617      0.101625751153      0.101369417553      0.101375786456      0.101376919686      0.101381934653     
5.95                0.10999359929       0.104348591754      0.104356593216      0.104348014027      0.104357205125      0.104096905631      0.104103388958      0.104104538969      0.104109655606     
6                   0.112833269594      0.107107144177      0.107115296577      0.107106558384      0.10711591686       0.106851687232      0.106858284112      0.106859450684      0.106864668456     
6.05                0.115698744775      0.109892331268      0.109900633604      0.109891737533      0.10990126213       0.109633139338      0.109639848852      0.109641031759      0.109646350084     
6.1                 0.118589378136      0.112703527783      0.112711978987      0.11270292623       0.112712615621      0.112440637791      0.112447458977      0.112448657987      0.112454076235     
6.15                0.121504523433      0.115540107913      0.115548706853      0.115539498669      0.11554935146       0.115273557824      0.115280489676      0.115281704553      0.11528722205      
6.2                 0.124443535361      0.118401445791      0.118410191276      0.118400828986      0.118410843716      0.118131274562      0.118138316033      0.118139546538      0.118145162565     
6.25                0.127405770014      0.121286915974      0.121295806753      0.121286291739      0.121296466886      0.121013163509      0.121020313513      0.121021559401      0.121027273197     
6.3                 0.130390585331      0.124195893899      0.124204928665      0.124195262367      0.12420559635       0.123918601002      0.123925858415      0.123927119438      0.123932930203     
6.35                0.133397341515      0.127127756325      0.127136933719      0.127127117631      0.127137608812      0.126846964654      0.126854328317      0.126855604224      0.126861511119     
6.4                 0.13642540143       0.130081881748      0.130091200358      0.130081236028      0.130091882715      0.129797633771      0.129805102492      0.129806393028      0.129812395175     
6.45                0.139474130982      0.133057650799      0.133067109164      0.13305699819       0.133067798639      0.132769989751      0.132777562305      0.132778867213      0.1327849637       
6.5                 0.142542899474      0.136054446622      0.136064043235      0.136053787262      0.136064739681      0.135763416461      0.135771091591      0.13577241061       0.135778600493     
6.55                0.145631079952      0.139071655228      0.139081388539      0.139070989257      0.139082091808      0.138777300594      0.138785077017      0.138786409886      0.138792692184     
6.6                 0.148738049522      0.142108665843      0.142118534253      0.142107993388      0.142119244196      0.14181103199       0.141818908411      0.141820254861      0.14182662857      
6.65                0.151863189651      0.145164871208      0.145174873088      0.145164192415      0.145175589565      0.144864004031      0.144871979132      0.144873338893      0.144879802976     
6.7                 0.155005886434      0.148239667927      0.148249801607      0.148238982938      0.148250524465      0.147935613867      0.147943686284      0.147945059088      0.147951612479     
6.75                0.158165530897      0.151332456704      0.151342720481      0.151331765662      0.151343449567      0.151025262725      0.151033431069      0.151034816647      0.151041458253     
6.8                 0.16134151923       0.154442642634      0.15445303477       0.154441945684      0.154453769933      0.154132356183      0.154140619045      0.154142017129      0.154148745833     
6.85                0.164533253018      0.157569635458      0.157580154185      0.157568932744      0.157580895273      0.15725630443       0.157264660383      0.157266070703      0.157272885363     
6.9                 0.167740139465      0.160712849799      0.160723493317      0.160712141464      0.16072424018       0.1603965225        0.1604049701        0.160406392384      0.160413291839     
6.95                0.170961591597      0.163871705384      0.163882471869      0.163870991573      0.163883224356      0.163552430495      0.163560968284      0.16356240226       0.163569385328     
7                   0.174197028449      0.167045627256      0.167056514855      0.16704490811       0.167057272816      0.166723453799      0.166732080305      0.166733525699      0.166740591178     
7.05                0.177445875247      0.170234045962      0.170245052801      0.170233321625      0.170245816086      0.169909023269      0.169917737005      0.169919193545      0.169926340216     
7.1                 0.180707563564      0.173436397739      0.173447521923      0.173435668354      0.173448290382      0.173108575417      0.173117374887      0.173118842299      0.173126068926     
7.15                0.183981531474      0.176652124682      0.176663364295      0.176651390391      0.176664137779      0.176321552582      0.176330436276      0.176331914287      0.176339219619     
7.2                 0.187267223697      0.179880674894      0.179892028003      0.179879935826      0.179892806353      0.179547403023      0.17955636943       0.179557857765      0.179565240551     
7.25                0.190564091704      0.183121502648      0.183132967304      0.183120758948      0.183133750375      0.182785581288      0.182794628876      0.182796127264      0.182803586217     
7.3                 0.19387159383       0.186374068474      0.186385642712      0.186373320284      0.186386430359      0.186035548039      0.186044675275      0.186046183445      0.186053717273     
7.35                0.197189195403      0.189637839325      0.189649521168      0.189637086787      0.189650313247      0.189296770352      0.189305975693      0.189307493375      0.189315100778     
7.4                 0.200516368824      0.19291228867       0.192924076131      0.192911531926      0.192924872497      0.192568721791      0.192578003693      0.192579530617      0.192587210285     
7.45                0.203852593644      0.196196896594      0.196208787674      0.196196135782      0.196209588184      0.195850882512      0.195860239425      0.195861775322      0.195869525937     
7.5                 0.20719735664       0.199491149885      0.199503142578      0.199490385143      0.199503947088      0.199142739348      0.19915216972       0.199153714323      0.199161534559     
7.55                0.210550151875      0.202794542116      0.202806634409      0.202793773582      0.202807442778      0.202443785895      0.20245328817       0.202454841213      0.20246272974      
7.6                 0.213910480759      0.206106573715      0.20611876359       0.206105801525      0.206119575676      0.205753522577      0.205763095201      0.205764656419      0.205772611899     
7.65                0.217277852088      0.209426752029      0.209439037463      0.209425976317      0.209439853126      0.209071456715      0.209081098131      0.209082667261      0.209090688354     
7.7                 0.220651782086      0.212754591374      0.212766970341      0.212753812274      0.212767789442      0.212397102577      0.212406811229      0.21240838801       0.212416473371     
7.75                0.224031794442      0.216089613095      0.216102083569      0.216088830739      0.216102905969      0.215729981439      0.215739755773      0.215741339947      0.215749488226     
7.8                 0.227417420305      0.219431345565      0.219443905517      0.219430560086      0.219444731082      0.21906962158       0.219079460046      0.219081051354      0.219089261204     
7.85                0.230808198332      0.222779324265      0.222791971668      0.222778535792      0.222792800261      0.222415558369      0.222425459417      0.222427057604      0.222435327676     
7.9                 0.234203674686      0.226133091782      0.226145824609      0.226132300444      0.226146656098      0.225767334262      0.225777296348      0.22577890116       0.225787230105     
7.95                0.237603403039      0.229492197832      0.229505014061      0.229491403756      0.229505848313      0.229124498826      0.229134520409      0.229136131594      0.229144518063     
8                   0.241006944567      0.23285619927       0.232869096882      0.232855402582      0.232869933765      0.232486608747      0.232496688292      0.232498305601      0.232506748245     
8.05                0.244413867941      0.236224660097      0.236237637078      0.236223860922      0.236238476463      0.235853227839      0.235863363816      0.235864987003      0.235873484477     
8.1                 0.247823749316      0.239597151456      0.239610205799      0.239596349918      0.239611047558      0.239223927043      0.23923411793       0.23923574675       0.239244297711     
8.15                0.251236172312      0.242973251633      0.242986381335      0.242972447853      0.242987225341      0.242598284426      0.242608528706      0.242610162917      0.242618766026     
8.2                 0.25465072799       0.246352546049      0.246365749117      0.246351740147      0.246366595244      0.245975885172      0.245986181339      0.245987820702      0.24599647462      
8.25                0.258067014813      0.249734627216      0.249747901663      0.249733819312      0.249748749789      0.249356321546      0.249366668099      0.249368312377      0.249377015774     
8.3                 0.261484638629      0.253119094755      0.253132438605      0.253118284967      0.253133288608      0.252739192903      0.25274958835       0.252751237308      0.25275998886      
8.35                0.264903212627      0.256505555355      0.256518966641      0.256504743798      0.2565198184        0.256124105654      0.256134548514      0.256136201921      0.256145000307     
8.4                 0.268322357298      0.259893622744      0.259907099509      0.259892809532      0.259907952907      0.259510673238      0.259521162038      0.259522819663      0.25953166357      
8.45                0.27174170039       0.263282917656      0.263296457956      0.263282102904      0.263297312875      0.262898516086      0.262909049363      0.262910710981      0.262919599102     
8.5                 0.27516087686       0.266673067801      0.266686669703      0.266672251619      0.266687526028      0.26628726159       0.266297837893      0.26629950328       0.266308434314     
8.55                0.278579528823      0.270063707818      0.270077369401      0.270062890316      0.270078227018      0.269676544064      0.269687161951      0.269688830887      0.269697803543     
8.6                 0.2819973055        0.273454479238      0.273468198595      0.273453660524      0.273469057392      0.273066004701      0.273076662743      0.273078335009      0.273087348002     
8.65                0.285413863162      0.276845030436      0.276858805674      0.276844210618      0.276859665541      0.276455291528      0.276465988307      0.276467663688      0.276476715743     
8.7                 0.288828865067      0.280235016589      0.280248845826      0.280234195769      0.280249706654      0.279844059361      0.279854793474      0.279856471757      0.279865561606     
8.75                0.292241981406      0.283624099606      0.283637980979      0.283623277889      0.28363884266       0.283231969747      0.283242739798      0.283244420775      0.283253547161     
8.8                 0.295652889234      0.287011948099      0.287025879757      0.287011125586      0.287026742188      0.286618690919      0.286629495528      0.286631178992      0.286640340667     
8.85                0.299061272409      0.290398237314      0.290412217425      0.290397414107      0.2904130805        0.290003897742      0.290014735539      0.290016421285      0.290025617012     
8.9                 0.302466821518      0.293782649077      0.293796675822      0.293781825274      0.293797539441      0.293387271646      0.293398141278      0.293399829106      0.293409057657     
8.95                0.305869233816      0.297164871732      0.29717894331       0.297164047431      0.297179807373      0.296768500579      0.296779400702      0.296781090415      0.296790350572     
9                   0.309268213149      0.300544600082      0.300558714707      0.300543775378      0.300559579116      0.300147278934      0.30015820822       0.300159899623      0.300169190181     
9.05                0.312663469886      0.303921535323      0.303935691227      0.303920710309      0.303936555885      0.303523307494      0.30353426463       0.303535957531      0.303545277293     
9.1                 0.316054720833      0.307295384978      0.30730958041       0.307294559739      0.307310445213      0.306896293328      0.30690727702       0.306908971227      0.306918319017     
9.15                0.319441689199      0.310665862842      0.310680096069      0.310665037469      0.310680960926      0.31026594986       0.310276958818      0.310278654147      0.310288028788     
9.2                 0.322824104471      0.314032688897      0.314046958205      0.314031863483      0.314047823027      0.313631996633      0.313643029584      0.313644725852      0.313654126182     
9.25                0.326201702361      0.317395589257      0.317409892951      0.31739476389       0.317410757649      0.316994159321      0.317005215006      0.317006912033      0.317016336902     
9.3                 0.329574224727      0.320754296094      0.320768632494      0.320753470861      0.320769496981      0.320352169652      0.320363246828      0.320364944438      0.320374392708     
9.35                0.332941419493      0.324108547565      0.324122915013      0.32410772255       0.324123779202      0.32370576534       0.323716862778      0.323718560797      0.323728031344     
9.4                 0.336303040575      0.327458087744      0.327472484601      0.327457263032      0.327473348408      0.327054690009      0.327065806497      0.327067504753      0.327076996464     
9.45                0.339658847795      0.330802666551      0.330817091194      0.330801842222      0.330817954535      0.330398693127      0.330409827465      0.330411525791      0.330421037565     
9.5                 0.343008606807      0.334142039674      0.334156490501      0.334141215808      0.334157353296      0.333737529927      0.333748680932      0.333750379162      0.333759909913     
9.55                0.346352089016      0.337475968501      0.337490443928      0.337475145176      0.337491306096      0.337070961338      0.337082127842      0.337083825813      0.337093374467     
9.6                 0.349689071498      0.34080422004       0.340818718504      0.340803397333      0.340819579968      0.340398753911      0.34040993476       0.340411632313      0.340421197808     
9.65                0.353019336915      0.344126566854      0.344141086811      0.344125744839      0.344141947492      0.343720679742      0.343731873798      0.343733570776      0.343743152064     
9.7                 0.356342673443      0.347442786976      0.347457326902      0.347441965727      0.347458186726      0.347036516402      0.347047722542      0.347049418792      0.347059014837     
9.75                0.359658874685      0.350752663843      0.350767222233      0.350751843432      0.350768081126      0.350346046861      0.350357263977      0.350358959348      0.350368569127     
9.8                 0.362967739595      0.354055986217      0.354070561585      0.354055166714      0.354071419476      0.353649059413      0.353660286412      0.353661980756      0.353671603259     
9.85                0.366269072417      0.357352548119      0.357367139006      0.357351729597      0.357367995823      0.356945347619      0.356956583419      0.356958276592      0.356967910821     
9.9                 0.369562682524      0.360642148721      0.360656753678      0.360641331244      0.360657609353      0.360234710166      0.360245953708      0.360247645567      0.360257290541     
9.95                0.372848384438      0.363924592309      0.36393920991       0.363923775944      0.363940064375      0.363516950875      0.363528201113      0.363529891517      0.363539546266     
10                  0.376125997706      0.367199688198      0.367214317037      0.367198873007      0.367215170226      0.366791878587      0.36680313449       0.366804823303      0.366814486872     
10.05               0.379395346823      0.370467250649      0.37048188934       0.370466436697      0.370482741188      0.370059307096      0.370070567648      0.370072254734      0.37008192618      
10.1                0.382656261154      0.373727098801      0.373741745978      0.373726286148      0.373742596422      0.373319055068      0.373330319267      0.373332004496      0.373341682889     
10.15               0.385908574854      0.376979056592      0.37699371091       0.376978245299      0.376994559888      0.376570945971      0.376582212831      0.376583896073      0.376593580497     
10.2                0.389152126791      0.380222952689      0.380237612821      0.380222142815      0.380238460273      0.379814808         0.379826076549      0.379827757678      0.37983744723      
10.25               0.392386760466      0.38345862041       0.38347328505       0.383457812012      0.383474130916      0.383050474003      0.383061743286      0.383063422178      0.383073115968     
10.3                0.39561232394       0.386685897653      0.386700565515      0.386685090787      0.386701409738      0.386277781409      0.386289050484      0.386290727018      0.38630042417      
10.35               0.398828669752      0.389904626822      0.389919296639      0.389903821543      0.389920139164      0.389496572154      0.389507840095      0.389509514153      0.389519213804     
10.4                0.402035654847      0.393114654756      0.393129325281      0.393113851118      0.393130166052      0.392706692609      0.392717958504      0.392719629969      0.392729331269     
10.45               0.405233140499      0.396315832653      0.396330502658      0.396315030707      0.396331341622      0.395907993505      0.395919256458      0.395920925218      0.395930627329     
10.5                0.408420992233      0.399508016001      0.399522684278      0.399507215799      0.399523521382      0.399100329867      0.399111588996      0.399113254939      0.399122957038     
10.55               0.411599079755      0.402691064507      0.402705729866      0.402690266097      0.402706565061      0.402283560939      0.402294815375      0.402296478393      0.402306179669     
10.6                0.414767276877      0.405864842023      0.405879503296      0.405864045454      0.405880336532      0.405457550111      0.405468799002      0.405470458989      0.405480158645     
10.65               0.417925461441      0.409029216479      0.409043872516      0.4090284218        0.409044703744      0.408622164854      0.408633407362      0.408635064215      0.408644761466     
10.7                0.421073515251      0.412184059814      0.412198709484      0.412183267069      0.412199538657      0.41177727665       0.41178851195       0.411790165567      0.411799859641     
10.75               0.424211323997      0.415329247902      0.415343890092      0.415328457136      0.415344717166      0.414922760917      0.414933988201      0.414935638482      0.41494532862      
10.8                0.427338777188      0.418464660489      0.418479294107      0.418463871746      0.418480119036      0.41805849695       0.41806971542       0.41807136227       0.418081047726     
10.85               0.43045576808       0.421590181123      0.421604805092      0.421589394444      0.421605627834      0.421184367843      0.421195576718      0.421197220043      0.421206900083     
10.9                0.433562193606      0.424705697084      0.42472031035       0.424704912511      0.424721130862      0.424300260432      0.424311458944      0.424313098651      0.424322772555     
10.95               0.436657954308      0.427811099323      0.427825700849      0.427810316896      0.42782651909       0.427406065221      0.427417252616      0.427418888616      0.427428555675     
11                  0.43974295427       0.430906282393      0.430920871159      0.430905502151      0.43092168709       0.430501676321      0.430512851858      0.430514484063      0.430524143581     
11.05               0.44281710105       0.433991144384      0.43400571939       0.433990366364      0.434006532971      0.43358699138       0.433598154334      0.433599782659      0.433609433952     
11.1                0.445880305613      0.437065586858      0.437080147121      0.437064811098      0.437080958316      0.436661911527      0.436673061183      0.436674685545      0.436684327941     
11.15               0.448932482268      0.440129514788      0.440144059343      0.440128741323      0.440144868115      0.439726341297      0.439737476957      0.439739097274      0.439748730115     
11.2                0.451973548601      0.443182836493      0.443197364394      0.443182065358      0.443198170708      0.442780188582      0.442791309557      0.442792925751      0.442802548389     
11.25               0.455003425412      0.446225463575      0.446239973892      0.446224694803      0.446240777714      0.445823364552      0.445834470171      0.445836082165      0.445845693964     
11.3                0.458022036652      0.449257310859      0.449271802679      0.449256544482      0.449272603976      0.448855783611      0.448866873211      0.44886848093       0.448878081268     
11.35               0.461029309363      0.452278296331      0.452292768761      0.452277532382      0.4522935675        0.451877363322      0.451888436258      0.451890039629      0.451899627893     
11.4                0.464025173611      0.455288341081      0.455302793243      0.455287579589      0.455303589394      0.454888024358      0.454899079993      0.454900678945      0.454910254536     
11.45               0.467009562463      0.458287369259      0.458301800297      0.458286610256      0.458302593828      0.457887690462      0.457898728171      0.457900322638      0.457909884962     
11.5                0.469982411821      0.461275307953      0.461289717022      0.461274551468      0.461290507906      0.460876288299      0.460887307475      0.460888897388      0.460898445871     
11.55               0.472943660482      0.464252087209      0.46426647348       0.464251333267      0.464267261689      0.463853747509      0.463864747555      0.46386633285       0.463875866927     
11.6                0.475893250032      0.46721763994       0.467232002602      0.467216888568      0.467232788108      0.466820000603      0.466830980935      0.466832561547      0.466842080664     
11.65               0.478831124789      0.47017190187       0.470186240129      0.470171153094      0.470187022907      0.469774982907      0.469785942951      0.469787518819      0.469797022432     
11.7                0.481757231751      0.473114811482      0.473129124561      0.473114065327      0.473129904584      0.472718632506      0.4727295717        0.472731142765      0.472740630342     
11.75               0.484671520532      0.476046309961      0.476060597098      0.476045566452      0.476061374342      0.475650890192      0.475661807989      0.475663374191      0.475672845212     
11.8                0.487573943319      0.478966341143      0.478980601591      0.478965600301      0.478981376033      0.478571699412      0.478582595273      0.478584156557      0.47859361051      
11.85               0.490464454809      0.481874851456      0.481889084486      0.481874113305      0.481889856103      0.481481006209      0.481491879608      0.481493435921      0.481502872305     
11.9                0.493343012161      0.484771789876      0.484785994772      0.484771054436      0.484786763542      0.484378759176      0.4843896096        0.484391160887      0.484400579214     
11.95               0.496209574943      0.487657107867      0.487671283931      0.48765637516       0.487672049833      0.487264909402      0.487275736346      0.487277282558      0.487286682347     
12                  0.499064105079      0.490530759337      0.490544905883      0.490530029382      0.490545668897      0.490139410419      0.490150213391      0.490151754478      0.490161135261     
12.05               0.5019065668        0.493392700583      0.493406816943      0.493391973399      0.49340757705       0.493002218155      0.493012996674      0.493014532588      0.493023893906     
12.1                0.504736926595      0.496242890245      0.496256975764      0.496242165851      0.496257732945      0.495853290882      0.495864044479      0.495865575173      0.495874916579     
12.15               0.507555153159      0.499081289255      0.499095343292      0.499080567668      0.49909609753       0.498692589172      0.498703317387      0.498704842817      0.49871416387      
12.2                0.510361217349      0.50190786079       0.501921882721      0.501907142027      0.501922633998      0.501520075843      0.501530778227      0.50153229835       0.501541598622     
12.25               0.513155092133      0.504722570226      0.504736559439      0.504721854303      0.504737307739      0.504335715916      0.504346392031      0.504347906806      0.504357185877     
12.3                0.515936752545      0.507525385088      0.507539340987      0.507524672022      0.507540086294      0.507139476567      0.507150125986      0.507151635372      0.507160892833     
12.35               0.51870617564       0.510316275011      0.510330197012      0.510315564814      0.510330939311      0.509931327082      0.509941949387      0.509943453345      0.509952688797     
12.4                0.521463340446      0.513095211687      0.51310909922       0.513094504374      0.513109838498      0.512711238813      0.512721833595      0.512723332089      0.512732545139     
12.45               0.524208227924      0.515862168825      0.515876021335      0.51586146441       0.515876757578      0.515479185129      0.515489751992      0.515491244986      0.515500435254     
12.5                0.526940820921      0.518617122108      0.518630939052      0.518616420604      0.518631672248      0.51823514138       0.518245679936      0.518247167395      0.518256334508     
12.55               0.529661104127      0.52136004915       0.521373829999      0.521359350568      0.521374560135      0.520979084847      0.520989594718      0.520991076609      0.521000220204     
12.6                0.532369064036      0.524090929451      0.524104673689      0.524090233802      0.524105400754      0.523710994705      0.523721475523      0.523722951814      0.523732071535     
12.65               0.535064688903      0.526809744359      0.526823451481      0.526809051654      0.526824175464      0.526430851978      0.526441303384      0.526442774045      0.526451869548     
12.7                0.537747968701      0.529516477025      0.529530146542      0.529515787275      0.529530867434      0.529138639501      0.529149061145      0.529150526147      0.529159597093     
12.75               0.540418895086      0.53221111237       0.532224743804      0.532210425584      0.532225461593      0.531834341878      0.53184473342       0.531846192734      0.531855238796     
12.8                0.543077461352      0.534893637038      0.534907229922      0.534892953224      0.534907944601      0.534517945442      0.53452830655       0.534529760151      0.534538781008     
12.85               0.545723662399      0.537564039361      0.537577593242      0.537563358528      0.537578304802      0.537189438218      0.537199768571      0.537201216433      0.537210211772     
12.9                0.548357494689      0.54022230932       0.540235823757      0.540221631477      0.54023653219       0.539848809887      0.53985910917       0.539860551268      0.539869520787     
12.95               0.550978956212      0.54286843851       0.542881913072      0.542867763663      0.542882618372      0.542496051741      0.54250631965       0.542507755961      0.542516699364     
13                  0.55358804645       0.545502420098      0.545515854368      0.545501748254      0.545516556527      0.545131156654      0.545141392892      0.545142823394      0.545151740394     
13.05               0.556184766337      0.548124248791      0.548137642364      0.548123579957      0.548138341376      0.547754119042      0.547764323322      0.547765747994      0.54777463831      
13.1                0.558769118231      0.550733920801      0.55074727328       0.550733254982      0.55074796914       0.550364934828      0.55037510687       0.550376525693      0.550385389054     
13.15               0.561341105873      0.553331433807      0.553344744808      0.553330771007      0.55334543751       0.552963601407      0.55297374094       0.552975153896      0.552983990036     
13.2                0.563900734355      0.55591678692       0.555930056071      0.555916127146      0.555930745611      0.555550117614      0.555560224374      0.555561631444      0.555570440107     
13.25               0.566448010089      0.558489980654      0.558503207593      0.558489323909      0.558503893967      0.558124483684      0.558134557416      0.558135958584      0.55814473952      
13.3                0.56898294077       0.56105101689       0.561064201265      0.561050363178      0.56106488447       0.560686701226      0.560696741683      0.560698136933      0.560706889901     
13.35               0.571505535348      0.563599898843      0.563613040314      0.563599248167      0.563613720346      0.563236773187      0.563246780129      0.563248169447      0.563256894211     
13.4                0.574015803994      0.56613663103       0.566149729266      0.566135983393      0.566150406122      0.56577470382       0.565784677015      0.565786060386      0.565794756719     
13.45               0.57651375807       0.56866121924       0.568674273921      0.568660574644      0.5686749476        0.568300498653      0.568310437876      0.568311815289      0.568320482969     
13.5                0.5789994101        0.571173670502      0.571186681319      0.57117302895       0.571187351818      0.570814164458      0.570824069492      0.570825440934      0.570834079748     
13.55               0.581472773737      0.573673993056      0.573686959709      0.573673354549      0.573687627027      0.573315709221      0.573325579856      0.573326945318      0.573335555057     
13.6                0.583933863736      0.576162196323      0.57617511852       0.576161560862      0.576175782657      0.575805142113      0.575814978146      0.575816337617      0.575824918082     
13.65               0.586382695927      0.578638290873      0.578651168335      0.578637658459      0.578651829289      0.578282473459      0.578292274695      0.578293628165      0.578302179161     
13.7                0.588819287182      0.581102288401      0.581115120857      0.581101659034      0.581115778628      0.58074771471       0.58075748096       0.580758828422      0.580767349762     
13.75               0.591243655393      0.583554201696      0.583566988883      0.583553575376      0.583567643473      0.583200878417      0.583210609498      0.583211950945      0.583220442448     
13.8                0.593655819442      0.585994044614      0.58600678628       0.58599342134       0.586007437687      0.5856419782        0.585651673937      0.585653009362      0.585661470852     
13.85               0.596055799174      0.58842183205       0.588434527951      0.588421211822      0.588435176178      0.588071028724      0.588080688948      0.588082018345      0.588090449654     
13.9                0.598443615374      0.590837579913      0.590850229816      0.590836962731      0.590850874863      0.590488045668      0.590497670217      0.590498993582      0.590507394547     
13.95               0.600819289738      0.593241305101      0.593253908779      0.593240690962      0.593254550649      0.592893045704      0.592902634423      0.592903951751      0.592912322215     
14                  0.603182844849      0.595633025472      0.595645582707      0.595632414374      0.595646221402      0.595286046471      0.595295599209      0.595296910497      0.59530525031      
14.05               0.605534304157      0.59801275982       0.598025270405      0.598012151762      0.598025905926      0.597667066544      0.597676583158      0.597677888404      0.59768619742      
14.1                0.607873691946      0.600380527853      0.600392991587      0.600379922833      0.600393623937      0.600036125416      0.600045605769      0.600046904971      0.600055183051     
14.15               0.61020103332       0.602736350167      0.602748766856      0.60273574818       0.602749396039      0.602393243471      0.602402687432      0.602403980588      0.602412227598     
14.2                0.612516354174      0.60508024822       0.605092617681      0.605079649264      0.605093243701      0.604738441961      0.604747849404      0.604749136514      0.604757352326     
14.25               0.614819681174      0.607412244313      0.60742456637       0.607411648385      0.607425189229      0.607071742982      0.607081113787      0.607082394851      0.607090579342     
14.3                0.617111041734      0.609732361565      0.60974463605       0.609731768661      0.609745255752      0.609393169451      0.609402503504      0.609403778524      0.609411931575     
14.35               0.619390463992      0.61204062389       0.612052850642      0.612040034007      0.612053467192      0.611702745084      0.611712042278      0.611713311253      0.611721432753     
14.4                0.621657976795      0.614337055978      0.614349234843      0.61433646911       0.614349848246      0.614000494375      0.614009754606      0.61401101754       0.614019107382     
14.45               0.623913609672      0.616621683268      0.616633814101      0.616621099412      0.616634424361      0.616286442574      0.616295665744      0.61629692264       0.616304980721     
14.5                0.626157392815      0.618894531934      0.618906614597      0.618893951085      0.618907221719      0.618560615664      0.618569801682      0.618571052543      0.618579078765     
14.55               0.628389357062      0.62115562886       0.62116766322       0.621155051013      0.62116826721       0.620823040344      0.620832189122      0.620833433952      0.620841428223     
14.6                0.630609533876      0.623405001618      0.623416987552      0.623404426768      0.623417588415      0.623073744004      0.623082855461      0.623084094264      0.623092056498     
14.65               0.632817955322      0.625642678454      0.625654615844      0.625642106595      0.625655213586      0.625312754711      0.62532182877       0.625323061551      0.625330991664     
14.7                0.635014654054      0.627868688264      0.627880577         0.62786811939       0.627881171627      0.627540101184      0.627549137773      0.627550364538      0.627558262452     
14.75               0.637199663295      0.630083060576      0.630094900553      0.630082494682      0.630095492072      0.629755812778      0.62976481183       0.629766032585      0.629773898226     
14.8                0.639373016815      0.632285825532      0.632297616653      0.63228526261       0.632298205069      0.631959919464      0.631968880916      0.631970095668      0.631977928967     
14.85               0.641534748918      0.634477013868      0.634488756042      0.634476453913      0.634489341363      0.634152451812      0.634161375607      0.634162584363      0.634170385255     
14.9                0.643684894425      0.636656656898      0.636668350042      0.636656099904      0.636668932274      0.636333440971      0.636342327056      0.636343529823      0.636351298248     
14.95               0.645823488652      0.638824786497      0.638836430531      0.638824232457      0.638837009682      0.638502918653      0.638511766979      0.638512963767      0.638520699668     
15                  0.6479505674        0.640981435081      0.640993029933      0.640980883987      0.64099360601       0.640660917115      0.640669727639      0.640670918456      0.640678621781     
15.05               0.650066166933      0.643126635591      0.643138181195      0.643126087436      0.643138754206      0.642807469145      0.642816241826      0.64281742668       0.642825097382     
15.1                0.652170323966      0.645260421478      0.645271917774      0.645259876256      0.645272487726      0.644942608038      0.644951342842      0.644952521743      0.644960159777     
15.15               0.654263075648      0.647382826687      0.64739427362       0.647382284389      0.647394840521      0.647066367588      0.647075064483      0.647076237442      0.647083842768     
15.2                0.656344459547      0.649493885637      0.649505283157      0.649493346256      0.649505847016      0.649178782068      0.649187441028      0.649188608053      0.649196180636     
15.25               0.658414513636      0.651593633211      0.651604981276      0.651593096738      0.6516055421        0.651279886214      0.651288507215      0.651289668319      0.651297208125     
15.3                0.660473276277      0.653682104736      0.653693403308      0.653681571165      0.653693961106      0.653369715213      0.653378298236      0.65337945343       0.65338696043      
15.35               0.662520786205      0.655759335973      0.655770585018      0.655758805294      0.655771139799      0.655448304683      0.655456849713      0.655457999008      0.655465473179     
15.4                0.664557082522      0.657825363096      0.657836562589      0.657824835302      0.657837114361      0.657515690664      0.657524197689      0.657525341098      0.657532782416     
15.45               0.666582204672      0.659880222686      0.659891372603      0.659879697768      0.659891921375      0.659571909599      0.659580378612      0.659581516146      0.659588924595     
15.5                0.668596192406      0.661923951685      0.661935052004      0.661923429632      0.661935597788      0.661616998292      0.661625429291      0.661626560962      0.661633936531     
15.55               0.67059908587       0.663956587467      0.66396763818       0.663956068272      0.663968180982      0.663650993999      0.663659386982      0.663660512803      0.66366785548      
15.6                0.67259092547       0.665978167731      0.665989168832      0.665977651385      0.665989708661      0.665673934288      0.665682289258      0.665683409243      0.665690719018     
15.65               0.67457175191       0.667988730526      0.667999682012      0.66798821702       0.668000218878      0.667685857083      0.667694174046      0.667695288209      0.667702565077     
15.7                0.67654160618       0.669988314236      0.669999216109      0.669987803561      0.669999750022      0.669686800644      0.66969507961       0.669696187966      0.669703431925     
15.75               0.678500529543      0.671976957569      0.671987809837      0.671976449716      0.671988340805      0.671676803559      0.671685044542      0.671686147105      0.671693358156     
15.8                0.680448563522      0.673954699543      0.673965502217      0.673954194503      0.673966030252      0.673655904729      0.673664107744      0.673665204529      0.673672382678     
15.85               0.68238574989       0.675921579476      0.675932332571      0.675921077239      0.675932857682      0.675624143355      0.675632308423      0.675633399445      0.675640544699     
15.9                0.684312130657      0.67787763697       0.677888340506      0.677877137527      0.677888862704      0.677581558926      0.67758968607       0.677590771344      0.677597883714     
15.95               0.686227748061      0.679822911905      0.679833565906      0.679822415246      0.6798340852        0.679528191211      0.679536280456      0.679537359999      0.679544439498     
16                  0.688132644556      0.681757444421      0.681768048916      0.681756950536      0.681768565317      0.681464080242      0.681472131618      0.681473205444      0.681480252089     
16.05               0.690026862801      0.683681274914      0.683691829935      0.683680783793      0.683692343453      0.683389266307      0.683397279845      0.683398347972      0.683405361781     
16.1                0.691910445652      0.685594444019      0.685604949603      0.685593955652      0.685605460248      0.685303789938      0.685311765673      0.685312828116      0.685319809112     
16.15               0.693783436149      0.687496992604      0.68750744879       0.687496506981      0.687507956574      0.687207691899      0.687215629869      0.687216686645      0.687223634852     
16.2                0.69564587751       0.689388961757      0.68939936859       0.689388478867      0.689399873522      0.689101013178      0.689108913423      0.689109964549      0.689116879995     
16.25               0.697497813118      0.691270392776      0.691280750303      0.69126991261       0.691281252395      0.690983794976      0.690991657539      0.690992703032      0.690999585746     
16.3                0.699339286513      0.693141327161      0.693151635434      0.693140849708      0.693152134696      0.692856078695      0.692863903622      0.6928649435        0.692871793513     
16.35               0.701170341384      0.695001806602      0.695012065675      0.695001331852      0.695012562119      0.694717905932      0.694725693271      0.694726727552      0.694733544899     
16.4                0.702991021558      0.696851872971      0.696862082904      0.696851400913      0.69686257654       0.696569318467      0.696577068269      0.696578096969      0.696584881688     
16.45               0.704801370994      0.698691568312      0.698701729166      0.698691098935      0.698702220005      0.698410358254      0.698418070571      0.698419093709      0.698425845839     
16.5                0.706601433771      0.700520934833      0.700531046673      0.700520468127      0.700531534727      0.70024106741       0.700248742299      0.700249759894      0.700256479476     
16.55               0.708391254083      0.702340014895      0.70235007779       0.702339550849      0.702350563069      0.702061488213      0.702069125731      0.702070137801      0.702076824879     
16.6                0.71017087623       0.704148851005      0.704158865027      0.704148389609      0.704159347544      0.703871663084      0.703879263293      0.703880269855      0.703886924475     
16.65               0.711940344609      0.70594748581       0.705957451033      0.705947027052      0.705957930797      0.705671634587      0.705679197547      0.705680198622      0.705686820832     
16.7                0.713699703706      0.707735962081      0.707745878584      0.707735505951      0.707746355608      0.707461445412      0.70746897119       0.707469966795      0.707476556646     
16.75               0.715448998092      0.709514322714      0.709524190577      0.709513869201      0.709524664872      0.709241138377      0.709248627039      0.709249617194      0.709256174737     
16.8                0.717188272412      0.711282610716      0.711292430023      0.711282159809      0.7112929016        0.71101075641       0.711018208025      0.711019192749      0.711025718039     
16.85               0.718917571378      0.7130408692        0.713050640038      0.713040420887      0.713051108908      0.712770342549      0.712777757189      0.712778736502      0.712785229595     
16.9                0.720636939765      0.714789141375      0.714798863834      0.714788695647      0.71479933001       0.714519939931      0.714527317669      0.714528291589      0.714534752543     
16.95               0.722346422399      0.716527470544      0.716537144715      0.716527027388      0.716537608208      0.716259591785      0.716266932695      0.716267901243      0.716274330118     
17                  0.724046064158      0.71825590009       0.718265526068      0.718255459495      0.718265986889      0.717989341422      0.717996645582      0.717997608778      0.718004005635     
17.05               0.725735909956      0.719974473472      0.719984051355      0.719974035428      0.719984509516      0.719709232235      0.719716499724      0.719717457587      0.71972382249      
17.1                0.727416004747      0.721683234219      0.721692764108      0.721682798714      0.721693219621      0.721419307686      0.721426538584      0.721427491134      0.721433824149     
17.15               0.729086393508      0.723382225924      0.723391707921      0.723381792947      0.723392160797      0.7231196113        0.723126805689      0.723127752947      0.72313405414      
17.2                0.730747121242      0.725071492234      0.725080926443      0.725071061774      0.725081376694      0.72481018666       0.724817344625      0.724818286612      0.724824556051     
17.25               0.732398232968      0.726751076846      0.726760463374      0.726750648891      0.726760911013      0.726491077401      0.726498199029      0.726499135763      0.72650537352      
17.3                0.734039773714      0.7284210235        0.728430362458      0.728420598039      0.728430807494      0.728162327203      0.72816941258       0.728170344084      0.728176550229     
17.35               0.735671788516      0.730081375974      0.730090667472      0.730080952995      0.73009110992       0.729823979784      0.729831028999      0.729831955292      0.7298381299       
17.4                0.737294322407      0.731732178075      0.731741422229      0.731731757568      0.731741862099      0.731476078893      0.731483092038      0.731484013141      0.731490156285     
17.45               0.738907420417      0.73337347364       0.733382670565      0.733373055592      0.733383107869      0.733118668309      0.733125645475      0.73312656141       0.733132673167     
17.5                0.740511127561      0.735005306521      0.735014456335      0.735004890921      0.735014891085      0.73475179183       0.734758733112      0.734759643898      0.734765724346     
17.55               0.742105488844      0.736627720586      0.73663682341       0.736627307424      0.736637255618      0.73637549327       0.736382398763      0.736383304422      0.736389353639     
17.6                0.743690549244      0.738240759712      0.738249815668      0.738240348975      0.738250245346      0.737989816454      0.737996686254      0.737997586808      0.738003604875     
17.65               0.745266353718      0.739844467779      0.739853476992      0.739844059457      0.739853904151      0.739594805211      0.739601639417      0.739602534885      0.739608521884     
17.7                0.746832947192      0.741438888667      0.741447851261      0.741438482747      0.741448275914      0.74119050337       0.741197302081      0.741198192486      0.741204148499     
17.75               0.748390374554      0.743024066247      0.743032982351      0.743023662718      0.74303340451       0.742776954755      0.742783718072      0.742784603434      0.742790528546     
17.8                0.749938680656      0.744600044379      0.744608914123      0.744599643231      0.744609333799      0.744354203179      0.744360931203      0.744361811544      0.74436770584      
17.85               0.751477910305      0.746166866908      0.746175690423      0.746166468128      0.746176107628      0.745922292441      0.745928985275      0.745929860616      0.745935724183     
17.9                0.753008108261      0.747724577657      0.747733355075      0.747724181234      0.747733769823      0.747481266319      0.747487924068      0.74748879443       0.747494627355     
17.95               0.754529319231      0.749273220424      0.74928195188       0.749272826346      0.749282364181      0.749031168567      0.749037791336      0.749038656742      0.749044459114     
18                  0.756041587867      0.750812838976      0.750821524607      0.750812447232      0.750821934473      0.750572042911      0.750578630808      0.750579491278      0.750585263187     
18.05               0.75754495876       0.752343477046      0.75235211699       0.752343087625      0.752352524433      0.752103933044      0.752110486176      0.752111341732      0.752117083269     
18.1                0.759039476437      0.75386517833       0.753873772725      0.75386479122       0.753874177757      0.75362688262       0.753633401096      0.753634251759      0.753639963017     
18.15               0.760525185362      0.755377986481      0.755386535468      0.75537760167       0.755386938101      0.755140935255      0.755147419184      0.755148264977      0.755153946048     
18.2                0.762002129923      0.756881945104      0.756890448826      0.756881562581      0.756890849071      0.756646134518      0.756652584011      0.756653424955      0.756659075932     
18.25               0.763470354436      0.758377097756      0.758385556355      0.75837671751       0.758385954225      0.758142523926      0.758148939095      0.758149775212      0.758155396191     
18.3                0.764929903139      0.759863487937      0.759871901559      0.759863109956      0.759872297066      0.759630146947      0.759636527905      0.759637359216      0.759642950292     
18.35               0.766380820189      0.761341159092      0.761349527882      0.761340783365      0.761349921038      0.761109046991      0.761115393851      0.761116220378      0.761121781648     
18.4                0.767823149659      0.762810154602      0.762818478708      0.762809781117      0.762818869524      0.762579267405      0.762585580282      0.762586402047      0.762591933608     
18.45               0.769256935535      0.764270517785      0.764278797354      0.764270146531      0.764279185843      0.764040851476      0.764047130485      0.76404794751       0.76405344946      
18.5                0.77068222171       0.765722291889      0.765730527072      0.765721922854      0.765730913245      0.765493842422      0.765500087679      0.765500899985      0.765506372424     
18.55               0.772099051988      0.767165520092      0.76717371104       0.767165153266      0.767174094909      0.766938283389      0.766944495011      0.766945302621      0.766950745648     
18.6                0.773507470074      0.768600245496      0.76860839236       0.768599880867      0.768608773937      0.768374217451      0.768380395557      0.768381198492      0.768386612207     
18.65               0.774907519575      0.770026511126      0.77003461406       0.770026148682      0.770034993356      0.769801687606      0.769807832312      0.769808630594      0.7698140151       
18.7                0.776299243996      0.771444359926      0.771452419082      0.771443999656      0.771452796109      0.771220736768      0.771226848195      0.771227641846      0.771232997243     
18.75               0.77768268674       0.772853834753      0.772861850287      0.772853476646      0.772862225058      0.772631407772      0.77263748604       0.772638275081      0.772643601473     
18.8                0.779057891099      0.774254978382      0.77426295045       0.774254622427      0.774263322976      0.774033743365      0.774039788594      0.774040573048      0.774045870537     
18.85               0.780424900261      0.775647833495      0.775655762253      0.77564747968       0.775656132546      0.775427786206      0.775433798517      0.775434578405      0.775439847095     
18.9                0.781783757298      0.777032442683      0.777040328289      0.777032090997      0.77704069636       0.776813578862      0.776819558377      0.776820333721      0.776825573717     
18.95               0.783134505172      0.778408848441      0.778416691053      0.778408498873      0.778417056914      0.778191163806      0.778197110647      0.778197881469      0.778203092877     
19                  0.784477186726      0.779777093168      0.779784892946      0.779776745707      0.779785256608      0.779560583416      0.779566497705      0.779567264027      0.779572446951     
19.05               0.785811844687      0.781137219162      0.781144976264      0.781136873796      0.78114533774       0.780921879967      0.780927761829      0.780928523672      0.780933678219     
19.1                0.78713852166       0.782489268617      0.782496983206      0.782488925335      0.782497342506      0.782275095637      0.782280945195      0.782281702581      0.782286828857     
19.15               0.788457260129      0.783833283626      0.783840955862      0.783832942417      0.783841312998      0.783620272496      0.783626089875      0.783626842826      0.783631940938     
19.2                0.789768102454      0.785169306171      0.785176936216      0.785168967024      0.785177291201      0.78495745251       0.784963237835      0.784963986372      0.784969056428     
19.25               0.791071090866      0.786497378127      0.786504966144      0.786497041031      0.786505318989      0.786286677536      0.786292430932      0.786293175078      0.786298217186     
19.3                0.792366267473      0.787817541257      0.78782508741       0.787817206202      0.787825438125      0.78760798932       0.787613710913      0.787614450689      0.787619464957     
19.35               0.793653674249      0.789129837211      0.789137341663      0.789129504184      0.789137690261      0.788921429497      0.788927119413      0.78892785484       0.788932841378     
19.4                0.794933353038      0.790434307522      0.790441770439      0.790433976514      0.790442116931      0.790227039584      0.79023269795       0.790233429051      0.790238387966     
19.45               0.796205345551      0.791730993608      0.791738415154      0.791730664607      0.791738759551      0.791524860985      0.791530487927      0.791531214723      0.791536146126     
19.5                0.797469693335      0.793019936752      0.793027317087      0.793019609753      0.793027659404      0.792814934989      0.792820530623      0.792821253136      0.792826157132     
19.55               0.798726437871      0.794301178149      0.794308517441      0.794300853139      0.794308857687      0.79409730275       0.794102867203      0.794103585455      0.794108462156     
19.6                0.799975620458      0.795574758848      0.795582057266      0.795574435818      0.795582395453      0.79537200531       0.795377538712      0.795378252725      0.795383102241     
19.65               0.801217282254      0.79684071978       0.796847977489      0.796840398716      0.796848313627      0.796639083587      0.796644586069      0.796645295863      0.796650118306     
19.7                0.802451464281      0.798099101745      0.798106318913      0.798098782636      0.798106653014      0.797898578373      0.797904050064      0.797904755661      0.797909551143     
19.75               0.803678207418      0.799349945417      0.799357122212      0.799349628252      0.799357454287      0.799150530332      0.799155971363      0.799156672784      0.799161441416     
19.8                0.804897552404      0.800593291342      0.800600427931      0.800592976109      0.800600757991      0.80039498          0.8004003905        0.800401087767      0.800405829661     
19.85               0.80610953983       0.801829179933      0.801836276486      0.801828866622      0.801836604541      0.801631967782      0.801637347882      0.801638041014      0.801642756283     
19.9                0.807314210144      0.803057651472      0.803064708158      0.803057340071      0.80306503422       0.802861533951      0.80286688378       0.8028675728        0.802872261556     
19.95               0.808511603648      0.804278746108      0.804285763095      0.804278436606      0.804286087174      0.804083718648      0.804089038337      0.804089723266      0.80409438562      
20                  0.809701760495      0.805492503853      0.805499481311      0.80549219624       0.805499803419      0.805298561878      0.805303851557      0.805304532416      0.805309168482     
20.05               0.810884720689      0.806698964584      0.806705902682      0.80669865885       0.806706222829      0.806506103513      0.806511363312      0.806512040121      0.806516650012     
20.1                0.812060524085      0.80789816804       0.807905066948      0.807897864174      0.807905385146      0.807706383285      0.807711613334      0.807712286115      0.807716869943     
20.15               0.813229210388      0.809090153822      0.809097013711      0.809089851813      0.80909732997       0.808899440789      0.808904641218      0.808905309992      0.808909867871     
20.2                0.814390819149      0.81027496139       0.810281782429      0.810274661228      0.81028209676       0.810085315481      0.81009048642       0.810091151209      0.81009568325      
20.25               0.815545389727      0.81145263003       0.811459412385      0.811452331704      0.811459724802      0.811264046635      0.811269188217      0.811269849038      0.811274355363     
20.3                0.816692961426      0.812623198968      0.812629942812      0.812622902466      0.812630253323      0.812435673484      0.812440785838      0.812441442712      0.812445923431     
20.35               0.817833573332      0.81378670723       0.813793412735      0.813786412544      0.81379372135       0.81360023505       0.813605318306      0.813605971255      0.813610426479     
20.4                0.818967264379      0.814943193705      0.814949861043      0.814942900823      0.814950167771      0.814757770216      0.814762824504      0.814763473549      0.814767903392     
20.45               0.820094073282      0.816092697085      0.816099326422      0.816092406016      0.816099631293      0.815908317734      0.815913343183      0.815913988344      0.815918392913     
20.5                0.821214038753      0.817235256036      0.817241847548      0.817234966768      0.817242150566      0.817051916181      0.817056912922      0.81705755422       0.817061933631     
20.55               0.822327199248      0.818370909003      0.818377462863      0.818370621522      0.818377764034      0.818188604011      0.818193572176      0.818194209631      0.818198563999     
20.6                0.823433593075      0.819499694287      0.819506210664      0.819499408581      0.819506509998      0.81931841953       0.819323359251      0.819323992883      0.819328322321     
20.65               0.824533258382      0.820621650042      0.820628129108      0.820621366098      0.820628426613      0.820441400895      0.820446312302      0.820446942132      0.820451246755     
20.7                0.825626233161      0.821736814274      0.821743256198      0.82173653208       0.821743551885      0.821557586115      0.821562469338      0.821563095387      0.821567375308     
20.75               0.826712555247      0.822845224839      0.822851629793      0.822844944385      0.82285192367       0.822667013047      0.822671868216      0.822672490505      0.822676745838     
20.8                0.827792262314      0.823946919445      0.823953287598      0.823946640718      0.823953579676      0.8237697194        0.823774546646      0.823775165195      0.823779396054     
20.85               0.828865391877      0.825041935646      0.82504826717       0.825041658637      0.825048557458      0.82486574273       0.824870542184      0.824871157012      0.824875363511     
20.9                0.829931981289      0.826130310846      0.826136605911      0.826130035544      0.826136894419      0.825955120444      0.825959892235      0.825960503364      0.825964685615     
20.95               0.830992067745      0.827212082298      0.827218341074      0.827211808693      0.827218627813      0.827037889795      0.827042634055      0.827043241504      0.827047399621     
21                  0.832045688276      0.8282872871        0.828293509758      0.828287015181      0.828293794736      0.828114087886      0.828118804743      0.828119408533      0.82812354263      
21.05               0.833092879754      0.829355962197      0.829362148907      0.829355691955      0.829362432136      0.829183751664      0.829188441249      0.8291890414        0.82919315159      
21.1                0.834133678887      0.830418144382      0.830424295314      0.830417875807      0.830424576803      0.830246917925      0.830251580368      0.830252176899      0.830256263295     
21.15               0.835168122222      0.831473870292      0.831479985615      0.831473603373      0.831480265374      0.831303623309      0.83130825874       0.831308851671      0.831312914387     
21.2                0.836196246142      0.832523176408      0.832529256293      0.832522911137      0.832529534333      0.832353904304      0.832358512852      0.832359102203      0.832363141351     
21.25               0.837218086869      0.83356609906       0.833572143676      0.833565835425      0.833572420006      0.833397797242      0.833402379035      0.833402964827      0.83340698052      
21.3                0.838233680463      0.834602674418      0.834608683935      0.834602412411      0.834608958565      0.834435338298      0.834439893467      0.834440475718      0.834444468069     
21.35               0.839243062817      0.835632938499      0.835638913086      0.835632678111      0.835639186026      0.835466563495      0.835471092168      0.835471670898      0.83547564002      
21.4                0.840246269666      0.836656927163      0.83666286699       0.836656668383      0.836663138249      0.836491508697      0.836496011004      0.836496586232      0.836500532237     
21.45               0.841243336573      0.837674676111      0.837680581345      0.83767441893       0.837680850933      0.83751020961       0.83751468568       0.837515257425      0.837519180427     
21.5                0.84223429895       0.838686220894      0.838692091704      0.838685965302      0.838692359631      0.838522701793      0.838527151754      0.838527720036      0.838531620146     
21.55               0.843219192038      0.8396915969        0.839697433454      0.839691342888      0.83969769973       0.839529020641      0.83953344462       0.839534009459      0.839537886789     
21.6                0.844198050915      0.840690839361      0.840696641829      0.84069058692       0.840696906464      0.840529201392      0.840533599519      0.840534160933      0.840538015595     
21.65               0.845170910496      0.841683983354      0.841689751902      0.841683732475      0.841690014905      0.841523279129      0.84152765153       0.841528209539      0.841532041645     
21.7                0.846137805531      0.842671063795      0.842676798592      0.842670814469      0.842677059972      0.842511288777      0.84251563558       0.842516190203      0.842519999863     
21.75               0.847098770608      0.843652115445      0.843657816657      0.843651867662      0.843658076425      0.843493265102      0.843497586435      0.84349813769       0.843501925017     
21.8                0.84805384015       0.844627172906      0.844632840701      0.844626926657      0.844633098865      0.844469242715      0.844473538706      0.844474086612      0.844477851717     
21.85               0.849003048417      0.845596270621      0.845601905166      0.845596025897      0.845602161736      0.845439256068      0.845443526843      0.84544407142       0.845447814412     
21.9                0.849946429506      0.846559442878      0.846565044338      0.84655919967       0.846565299324      0.846403339456      0.846407585142      0.846408126407      0.846411847399     
21.95               0.850884017351      0.847516723804      0.847522292346      0.847516482104      0.847522545757      0.847361527016      0.847365747738      0.847366285712      0.847369984813     
22                  0.851815845719      0.84846814737       0.848473683159      0.848467907168      0.848473935004      0.848313852726      0.848318048611      0.848318583311      0.848322260632     
22.05               0.852741948219      0.849413747387      0.849419250589      0.849413508675      0.849419500878      0.849260350408      0.849264521582      0.849265053026      0.849268708678     
22.1                0.853662358292      0.85035355751       0.850359028289      0.850353320277      0.85035927703       0.850201053724      0.850205200313      0.85020572852       0.850209362611     
22.15               0.854577109219      0.851287611233      0.851293049755      0.851287375472      0.851293296958      0.85113599618       0.851140118308      0.851140643297      0.851144255937     
22.2                0.855486234118      0.852215941895      0.852221348323      0.852215707597      0.852221593996      0.852065211123      0.852069308916      0.852069830704      0.852073422003     
22.25               0.856389765941      0.853138582674      0.853143957172      0.85313834983       0.853144201326      0.852988731743      0.852992805325      0.852993323931      0.852996893998     
22.3                0.857287737482      0.854055566592      0.854060909325      0.854055335194      0.854061151967      0.85390659107       0.853910640566      0.853911156008      0.853914704951     
22.35               0.85818018137       0.854966926514      0.854972237643      0.854966696553      0.854972478784      0.85481882198       0.854822847514      0.854823359809      0.854826887738     
22.4                0.859067130071      0.855872695144      0.855877974832      0.855872466611      0.85587821448       0.855725457188      0.855729458883      0.855729968051      0.855733475073     
22.45               0.859948615893      0.85677290503       0.85677815344       0.856772677917      0.856778391604      0.856626529254      0.856630507234      0.856631013291      0.856634499514     
22.5                0.860824670978      0.857667588563      0.857672805857      0.857667362862      0.857673042545      0.857522070579      0.857526024966      0.857526527931      0.857529993464     
22.55               0.861695327309      0.858556777977      0.858561964315      0.858556553678      0.858562199537      0.858412113406      0.858416044325      0.858416544214      0.858419989163     
22.6                0.862560616707      0.859440505346      0.85944566089       0.859440282441      0.859445894654      0.859296689824      0.859300597395      0.859301094228      0.859304518701     
22.65               0.863420570833      0.860318802589      0.8603239275        0.860318581071      0.860324159815      0.860175831762      0.860179716109      0.860180209901      0.860183614005     
22.7                0.864275221187      0.861191701468      0.861196795906      0.861191481328      0.86119702678       0.861049570995      0.861053432238      0.861053923008      0.861057306849     
22.75               0.865124599107      0.862059233589      0.862064297712      0.862059014818      0.862064527155      0.861917939137      0.861921777398      0.861922265164      0.861925628848     
22.8                0.865968735774      0.862921430399      0.862926464368      0.862921212989      0.862926692387      0.862780967651      0.862784783052      0.862785267829      0.862788611463     
22.85               0.866807662208      0.86377832319       0.863783327163      0.863778107133      0.863783553768      0.863638687841      0.863642480501      0.863642962308      0.863646285998     
22.9                0.867641409268      0.864629943099      0.864634917235      0.864629728388      0.864635142433      0.864491130855      0.864494900895      0.864495379749      0.864498683599     
22.95               0.868470007658      0.865476321107      0.865481265562      0.865476107732      0.865481489362      0.865338327687      0.865342075226      0.865342551144      0.865345835259     
23                  0.86929348792       0.866317488037      0.866322402969      0.866317275991      0.866322625381      0.866180309173      0.866184034331      0.86618450733       0.866187771815     
23.05               0.870111880438      0.86715347456       0.867158360126      0.867153263834      0.867158581156      0.867017105995      0.867020808892      0.867021278989      0.867024523949     
23.1                0.87092521544       0.86798431119       0.867989167546      0.867984101777      0.867989387203      0.867848748683      0.867852429437      0.867852896648      0.867856122186     
23.15               0.871733522996      0.868810028286      0.868814855588      0.868809820178      0.868815073882      0.868675267608      0.868678926337      0.86867939068       0.8686825969       
23.2                0.872536833017      0.869630656055      0.869635454459      0.869630449244      0.869635671396      0.869496692989      0.869500329812      0.869500791302      0.869503978308     
23.25               0.87333517526       0.870446224547      0.870450994207      0.870446019026      0.870451209796      0.87031305489       0.870316669924      0.87031712858       0.870320296475     
23.3                0.874128579324      0.871256763661      0.871261504731      0.871256559421      0.87126171898       0.871124383224      0.871127976587      0.871128432423      0.871131581309     
23.35               0.874917074652      0.872062303141      0.872067015775      0.872062100174      0.872067228692      0.871930707748      0.871934279555      0.871934732589      0.87193786257      
23.4                0.875700690532      0.872862872577      0.872867556928      0.872862670876      0.872867768522      0.872732058067      0.872735608435      0.872736058683      0.872739169859     
23.45               0.876479456098      0.873658501408      0.87366315763       0.873658300965      0.873663367908      0.873528463633      0.873531992679      0.873532440156      0.87353553263      
23.5                0.877253400329      0.874449218921      0.874453847165      0.874449019728      0.874454056135      0.874319953745      0.874323461584      0.874323906308      0.874326980181     
23.55               0.878022552048      0.875235054249      0.875239654667      0.8752348563        0.875239862337      0.875106557554      0.8751100443        0.875110486287      0.87511354166      
23.6                0.878786939926      0.876016036375      0.876020609118      0.876015839661      0.876020815496      0.875888304054      0.875891769823      0.875892209088      0.875895246061     
23.65               0.879546592421      0.876792194081      0.876796739295      0.876791998616      0.876796944403      0.876665222093      0.87666866699       0.876669103547      0.876672122216     
23.7                0.880301537979      0.877563556112      0.877568073952      0.877563361887      0.877568277793      0.877437340365      0.877440764502      0.877441198368      0.877444198834     
23.75               0.881051804806      0.878330150993      0.87833464161       0.878329957999      0.878334844188      0.878204687413      0.878208090905      0.878208522095      0.878211504458     
23.8                0.881797420955      0.879092007101      0.879096470643      0.879091815326      0.879096671965      0.878967291632      0.878970674594      0.878971103124      0.878974067483     
23.85               0.882538414334      0.879849152663      0.879853589279      0.879848962097      0.879853789352      0.879725181266      0.879728543813      0.879728969698      0.879731916153     
23.9                0.883274812699      0.880601615761      0.880606025597      0.880601426394      0.880606224427      0.880478384412      0.880481726657      0.880482149913      0.880485078563     
23.95               0.884006643658      0.881349424325      0.881353807528      0.881349236148      0.881354005122      0.881226929017      0.881230251074      0.881230671716      0.88123358266      
24                  0.884733934669      0.882092606139      0.882096962856      0.882092419144      0.882097159221      0.881970842881      0.881974144861      0.881974562905      0.88197745624      
24.05               0.88545671304       0.882831188839      0.882835519216      0.882831003017      0.882835714359      0.882710153655      0.88271343567       0.882713851131      0.882716726954     
24.1                0.886175005933      0.883565199913      0.883569504096      0.883565015258      0.883569698025      0.883444888843      0.883448151003      0.883448563897      0.883451422306     
24.15               0.886888840358      0.884294666705      0.884298944837      0.884294483206      0.884299137559      0.884175075802      0.884178318217      0.88417872856       0.884181569651     
24.2                0.88759824318       0.885019616408      0.885023868635      0.88501943406       0.885024060157      0.884900741742      0.884903964523      0.884904372329      0.884907196199     
24.25               0.888303241117      0.885740076073      0.885744302538      0.885739894867      0.885744492867      0.885621913728      0.885625116984      0.885625522269      0.885628329013     
24.3                0.889003860739      0.886456072602      0.886460273449      0.886455892532      0.886460462592      0.886338618679      0.886341802519      0.886342205298      0.886344995011     
24.35               0.889700128469      0.887167632756      0.887171808127      0.887167453813      0.887171996092      0.88705088337       0.887054047902      0.88705444819       0.887057220968     
24.4                0.890392070587      0.887874783148      0.887878933185      0.887874605326      0.887879119979      0.88775873443       0.887761879762      0.887762277574      0.88776503351      
24.45               0.891079713227      0.888577550248      0.888581675093      0.88857737354       0.888581860722      0.888462198344      0.888465324583      0.888465719934      0.888468459123     
24.5                0.891763082377      0.889275960383      0.889280060177      0.889275784782      0.889280244649      0.889161301454      0.889164408708      0.889164801612      0.889167524148     
24.55               0.892442203882      0.889970039736      0.889974114619      0.889969865235      0.889974297941      0.88985606996       0.889859158334      0.889859548806      0.889862254783     
24.6                0.893117103445      0.890659814348      0.890663864459      0.89065964094       0.890664046639      0.890546529916      0.890549599518      0.890549987572      0.890552677082     
24.65               0.893787806623      0.891345310118      0.891349335596      0.891345137795      0.89134951664       0.891232707238      0.891235758172      0.891236143823      0.891238816959     
24.7                0.894454338834      0.892026552801      0.892030553786      0.892026381558      0.892030733701      0.891914627698      0.891917660069      0.891918043332      0.891920700186     
24.75               0.895116725352      0.892703568015      0.892707544644      0.892703397845      0.892707723437      0.892592316927      0.89259533084       0.892595711729      0.892598352393     
24.8                0.89577499131       0.893376381235      0.893380333646      0.893376212131      0.893380511323      0.893265800416      0.893268795976      0.893269174504      0.89327179907      
24.85               0.896429161701      0.894045017795      0.894048946124      0.89404484975       0.894049122694      0.893935103516      0.893938080826      0.893938457009      0.893941065567     
24.9                0.897079261373      0.894709502888      0.894713407271      0.894709335896      0.894713582739      0.894600251433      0.894603210598      0.894603584447      0.894606177091     
24.95               0.897725315046      0.895369861576      0.895373742149      0.89536969563       0.895373916522      0.895261269248      0.895264210369      0.8952645819        0.895267158718     
25                  0.898367347293      0.896026118776      0.896029975674      0.896025953869      0.896030148959      0.895918181892      0.895921105072      0.895921474299      0.895924035381     
25.05               0.899005382551      0.896678299267      0.896682132624      0.896678135394      0.896682304828      0.896571014161      0.896573919501      0.896574286439      0.896576831873     
25.1                0.899639445115      0.897326427692      0.897330237643      0.897326264846      0.897330408772      0.897219790713      0.897222678315      0.897223042976      0.897225572853     
25.15               0.900269559148      0.897970528557      0.897974315234      0.897970366731      0.897974485296      0.897864536068      0.897867406034      0.897867768433      0.89787028284      
25.2                0.900895748673      0.898610626231      0.898614389768      0.89861046542       0.898614558768      0.898505274614      0.898508127044      0.898508487193      0.89851098622      
25.25               0.901518037579      0.899246744947      0.899250485476      0.899246585144      0.899250653421      0.899142030598      0.899144865591      0.899145223506      0.899147707239     
25.3                0.902136449617      0.899878908805      0.899882626456      0.899878750003      0.899882793354      0.899774828134      0.899777645792      0.899778001484      0.899780470013     
25.35               0.902751008407      0.900507141767      0.900510836672      0.900506983961      0.900511002528      0.900403691203      0.900406491624      0.900406845108      0.900409298518     
25.4                0.903361737431      0.901131467662      0.901135139952      0.901131310846      0.901135304772      0.901028643649      0.901031426932      0.901031778221      0.901034216599     
25.45               0.903968660039      0.901751910187      0.901755559991      0.901751754354      0.901755723782      0.901649709184      0.901652475427      0.901652824534      0.901655247967     
25.5                0.904571799448      0.902368492904      0.902372120351      0.902368338048      0.90237228312       0.902266911386      0.902269660687      0.902270007625      0.902272416199     
25.55               0.905171178674      0.902981239188      0.9029848444        0.902981085304      0.902985006159      0.902880273638      0.902883006095      0.902883350874      0.902885744685     
25.6                0.905766820764      0.903590172413      0.903593755523      0.903590019495      0.903593916273      0.903489819345      0.903492535053      0.903492877687      0.903495256815     
25.65               0.906358748527      0.904195315739      0.904198876875      0.904195163779      0.90419903662       0.904095571676      0.904098270732      0.904098611234      0.904100975762     
25.7                0.906946984646      0.904796692195      0.904800231486      0.904796541188      0.904800390232      0.904697553677      0.904700236178      0.904700574562      0.904702924573     
25.75               0.907531551679      0.905394324685      0.905397842256      0.905394174625      0.90539800001       0.905295788265      0.905298454306      0.905298790586      0.905301126162     
25.8                0.908112472053      0.905988235981      0.905991731959      0.905988086862      0.905991888726      0.90589029823       0.905892947907      0.905893282095      0.905895603321     
25.85               0.908689768068      0.90657844873       0.90658192324       0.906578300547      0.906582079027      0.906481106234      0.906483739642      0.90648407175       0.906486378709     
25.9                0.909263461896      0.907164985449      0.907168438615      0.907164838196      0.907168593428      0.907068234809      0.907070852042      0.907071182084      0.907073474858     
25.95               0.909833575582      0.907747868527      0.907751300473      0.907747722198      0.907751454318      0.907651706361      0.907654307513      0.907654635502      0.907656914173     
26                  0.910400131043      0.908327120227      0.908330531075      0.908326974816      0.908330683959      0.908231543167      0.908234128332      0.90823445428       0.90823671893      
26.05               0.91096315007       0.908902762684      0.908906152558      0.908902618185      0.908906304486      0.908807767379      0.90881033665       0.908810660569      0.90881291128      
26.1                0.911522654328      0.909474817906      0.909478186928      0.909474674315      0.909478337906      0.909380401022      0.909382954491      0.909383276393      0.909385513247     
26.15               0.912078665357      0.910043307778      0.910046656068      0.910043165087      0.910046806103      0.909949465994      0.909952003754      0.909952323652      0.909954546728     
26.2                0.91263120457       0.910608254056      0.910611581736      0.910608112261      0.910611730833      0.910514984069      0.910517506211      0.910517824117      0.910520033497     
26.25               0.913180293259      0.911169678374      0.911172985564      0.91116953747       0.911173133729      0.911076976896      0.911079483512      0.911079799438      0.911081995201     
26.3                0.91372595259       0.911727602242      0.911730889062      0.911727462222      0.911731036301      0.911635466         0.91163795718       0.911638271138      0.911640453365     
26.35               0.914268203607      0.912282047045      0.912285313614      0.912281907904      0.912285459932      0.912190472783      0.912192948617      0.91219326062       0.912195429389     
26.4                0.914807067231      0.912833034045      0.912836280482      0.912832895778      0.912836425885      0.912742018522      0.912744479101      0.912744789159      0.91274694455      
26.45               0.915342564262      0.913380584384      0.913383810807      0.913380446985      0.913383955301      0.913290124374      0.913292569787      0.913292877913      0.913295020004     
26.5                0.915874715376      0.91392471908       0.913927925605      0.913924582543      0.913928069196      0.913834811373      0.913837241708      0.913837547915      0.913839676784     
26.55               0.916403541133      0.914465459029      0.914468645775      0.91446532335       0.914468788467      0.914376100431      0.914378515778      0.914378820076      0.914380935801     
26.6                0.916929061968      0.915002825009      0.91500599209       0.915002690181      0.915006133891      0.914914012342      0.914916412788      0.914916715189      0.914918817847     
26.65               0.9174512982        0.915536837676      0.915539985209      0.915536703695      0.915540126122      0.915448567776      0.915450953409      0.915451253925      0.915453343593     
26.7                0.917970270026      0.916067517567      0.916070645666      0.916067384427      0.916070785698      0.915979787286      0.915982158194      0.915982456835      0.91598453359      
26.75               0.918485997529      0.916594885099      0.91659799388       0.916594752795      0.916598133036      0.916507691306      0.916510047574      0.916510344354      0.916512408272     
26.8                0.918998500669      0.917118960572      0.917122050148      0.917118829099      0.917122188434      0.91703230015       0.917034641866      0.917034936794      0.917036987951     
26.85               0.919507799293      0.917639764168      0.917642834653      0.917639633521      0.917642972074      0.917553634015      0.917555961265      0.917556254353      0.917558292824     
26.9                0.920013913128      0.918157315951      0.918160367457      0.918157186124      0.918160504018      0.918071712981      0.91807402585       0.91807431711       0.91807634297      
26.95               0.920516861789      0.918671635868      0.918674668508      0.918671506857      0.918674804215      0.918586557012      0.918588855584      0.918589145027      0.918591158351     
27                  0.921016664771      0.919182743752      0.919185757636      0.919182615551      0.919185892495      0.919098185953      0.919100470314      0.91910075795       0.919102758813     
27.05               0.921513341458      0.919690659317      0.919693654558      0.919690531921      0.919693788572      0.919606619535      0.919608889769      0.919609175611      0.919611164085     
27.1                0.922006911118      0.920195402164      0.920198378872      0.920195275569      0.920198512048      0.920111877376      0.920114133566      0.920114417624      0.920116393784     
27.15               0.922497392905      0.920696991781      0.920699950065      0.920696865981      0.920700082408      0.920613978976      0.920616221206      0.920616503491      0.920618467409     
27.2                0.922984805861      0.921195447539      0.921198387509      0.921195322529      0.921198519024      0.921112943724      0.921115172076      0.921115452598      0.921117404348     
27.25               0.923469168913      0.921690788697      0.921693710462      0.921690664472      0.921693841154      0.921608790892      0.92161100545       0.92161128422       0.921613223874     
27.3                0.92395050088       0.922183034402      0.92218593807       0.922182910958      0.922186067944      0.922101539643      0.922103740488      0.922104017517      0.922105945148     
27.35               0.924428820467      0.922672203687      0.922675089366      0.922672081019      0.922675218428      0.922591209026      0.922593396239      0.922593671539      0.922595587217     
27.4                0.924904146267      0.923158315476      0.923161183272      0.923158193578      0.923161311527      0.923077817979      0.923079991641      0.923080265221      0.923082169018     
27.45               0.925376496767      0.923641388579      0.9236442386        0.923641267447      0.923644366051      0.923561385326      0.92356354552       0.923563817391      0.923565709377     
27.5                0.92584589034       0.924121441697      0.924124274049      0.924121321326      0.924124400702      0.924041929785      0.92404407659       0.924044346762      0.924046227009     
27.55               0.926312345252      0.924598493422      0.924601308209      0.924598373807      0.92460143407       0.924519469962      0.924521603457      0.924521871941      0.924523740518     
27.6                0.92677587966       0.925072562233      0.925075359561      0.92507244337       0.925075484634      0.924994024351      0.924996144616      0.924996411423      0.9249982684       
27.65               0.927236511613      0.925543666505      0.925546446477      0.925543548389      0.925546570768      0.925465611341      0.925467718455      0.925467983595      0.925469829042     
27.7                0.927694259054      0.9260118245        0.926014587221      0.926011707127      0.926014710734      0.925934249211      0.925936343253      0.925936606735      0.925938440721     
27.75               0.928149139817      0.926477054376      0.926479799949      0.92647693774       0.926479922689      0.926399956131      0.926402037179      0.926402299014      0.926404121607     
27.8                0.92860117163       0.926939374181      0.926942102709      0.926939258278      0.92694222468       0.926862750166      0.926864818298      0.926865078496      0.926866889765     
27.85               0.929050372117      0.927398801858      0.927401513443      0.927398686684      0.927401634651      0.927322649272      0.927324704565      0.927324963137      0.927326763149     
27.9                0.929496758795      0.927855355244      0.927858049987      0.927855240793      0.927858170436      0.927779671301      0.927781713833      0.927781970787      0.927783759611     
27.95               0.929940349078      0.928309052069      0.928311730071      0.928308938338      0.928311849766      0.928233833999      0.928235863845      0.928236119192      0.928237896894     
28                  0.930381160275      0.928759909958      0.928762571321      0.928759796942      0.928762690266      0.928685155004      0.928687172242      0.928687425992      0.928689192639     
28.05               0.930819209591      0.929207946434      0.929210591256      0.929207834128      0.929210709457      0.929133651854      0.929135656558      0.929135908721      0.92913766438      
28.1                0.93125451413       0.929653178914      0.929655807295      0.929653067314      0.929655924756      0.92957934198       0.929581334226      0.929581584812      0.929583329549     
28.15               0.931687090891      0.930095624711      0.93009823675       0.930095513813      0.930098353475      0.93002224271       0.930024222573      0.930024471591      0.930026205472     
28.2                0.932116956773      0.930535301036      0.930537896832      0.930535190835      0.930538012827      0.930462371271      0.930464338825      0.930464586285      0.930466309375     
28.25               0.932544128574      0.930972225         0.93097480465       0.930972115491      0.930974919918      0.930899744784      0.930901700103      0.930901946015      0.930903658379     
28.3                0.93296862299       0.931406413607      0.931408977209      0.931406304787      0.931409091755      0.931334380271      0.93133632343       0.931336567803      0.931338269505     
28.35               0.933390456617      0.931837883765      0.931840431415      0.931837775629      0.931840545244      0.931766294652      0.931768225724      0.931768468567      0.931770159673     
28.4                0.933809645952      0.932266652278      0.932269184072      0.932266544822      0.932269297189      0.932195504747      0.932197423804      0.932197665127      0.932199345701     
28.45               0.934226207393      0.932692735851      0.932695251886      0.932692629071      0.932695364294      0.932622027275      0.932623934389      0.932624174202      0.932625844306     
28.5                0.934640157238      0.93311615109       0.933118651459      0.933116044981      0.933118763164      0.933045878854      0.933047774098      0.93304801241       0.933049672108     
28.55               0.935051511689      0.9335369145        0.933539399299      0.933536809058      0.933539510304      0.933467076005      0.93346895945       0.93346919627       0.933470845626     
28.6                0.935460286843      0.933955042485      0.933957511808      0.933954937706      0.933957622117      0.933885635142      0.933887506862      0.933887742198      0.933889381276     
28.65               0.935866498716      0.93437055136       0.9343730053        0.93437044724       0.934373114919      0.9343015726        0.934303432664      0.934303666526      0.934305295387     
28.7                0.936270163215      0.934783457337      0.934785895988      0.934783353871      0.934786004919      0.934714904603      0.934716753081      0.934716985478      0.934718604184     
28.75               0.936671296156      0.93519377653       0.935196199984      0.935193673715      0.935196308233      0.935125647277      0.93512748424       0.935127715181      0.935129323793     
28.8                0.937069913255      0.935601524957      0.935603933307      0.935601422789      0.935604040878      0.935533816655      0.935535642172      0.935535871667      0.935537470245     
28.85               0.937466030138      0.936006718541      0.936009111877      0.936006617015      0.936009218775      0.935939428674      0.935941242814      0.935941470872      0.935943059477     
28.9                0.937859662333      0.936409373108      0.936411751522      0.93640927222       0.93641185775       0.936342499173      0.936344302006      0.936344528634      0.936346107328     
28.95               0.938250825277      0.936809504391      0.936811867973      0.936809404137      0.936811973536      0.936743043898      0.936744835492      0.936745060701      0.936746629543     
29                  0.938639534312      0.937207128026      0.937209476868      0.937207028404      0.937209581769      0.937141078501      0.937142858924      0.937143082722      0.937144641773     
29.05               0.939025804687      0.937602259559      0.937604593749      0.937602160563      0.937604697993      0.937536618538      0.937538387859      0.937538610254      0.937540159573     
29.1                0.93940965156       0.937994914439      0.937997234066      0.937994816066      0.937997337657      0.937929679474      0.93793143776       0.937931658762      0.937933198407     
29.15               0.939791089997      0.938385108024      0.938387413177      0.93838501027       0.938387516119      0.93832027668       0.938322023997      0.938322243614      0.938323773646     
29.2                0.940170134973      0.938772855579      0.938775146345      0.938772758439      0.938775248643      0.938708425434      0.938710161849      0.93871038009       0.938711900566     
29.25               0.94054680137       0.939158172277      0.939160448744      0.939158075748      0.939160550401      0.939094140922      0.939095866502      0.939096083375      0.939097594353     
29.3                0.940921103984      0.9395410732        0.939543335456      0.939540977279      0.939543436476      0.93947743824       0.939479153051      0.939479368564      0.939480870103     
29.35               0.941293057517      0.939921573339      0.93992382147       0.939921478021      0.939923921857      0.939858332391      0.939860036499      0.93986025066       0.939861742818     
29.4                0.941662676585      0.940299687595      0.940301921686      0.940299592876      0.940302021445      0.940236838291      0.940238531759      0.940238744579      0.940240227411     
29.45               0.942029975713      0.940675430778      0.940677650916      0.940675336655      0.940677750049      0.940612970761      0.940614653656      0.940614865141      0.940616338707     
29.5                0.942394969339      0.94104881761       0.941051023879      0.941048724079      0.941051122392      0.940986744538      0.940988416924      0.940988627083      0.940990091437     
29.55               0.942757671814      0.941419862723      0.941422055209      0.941419769781      0.941422153104      0.941358174266      0.941359836207      0.941360045048      0.941361500247     
29.6                0.9431180974        0.941788580662      0.941790759448      0.941788488305      0.94179085673       0.941727274503      0.941728926062      0.941729133593      0.941730579694     
29.65               0.943476260273      0.942154985882      0.942157151052      0.942154894106      0.942157247725      0.942094059717      0.942095700958      0.942095907188      0.942097344245     
29.7                0.943832174523      0.942519092753      0.94252124439       0.942519001554      0.942521340457      0.94245854429       0.942460175277      0.942460380213      0.942461808282     
29.75               0.944185854155      0.942880915556      0.942883053743      0.942880824931      0.942883149209      0.942820742518      0.942822363312      0.942822566962      0.942823986099     
29.8                0.944537313087      0.943240468487      0.943242593306      0.943240378433      0.943242688174      0.943180668607      0.943182279271      0.943182481644      0.943183891903     
29.85               0.944886565154      0.943597765656      0.943599877189      0.943597676168      0.943599971462      0.943538336681      0.943539937277      0.94354013838       0.943541539815     
29.9                0.945233624105      0.943952821085      0.943954919414      0.943952732161      0.943955013097      0.943893760776      0.943895351365      0.943895551207      0.943896943872     
29.95               0.945578503606      0.944305648716      0.94430773392       0.944305560351      0.944307827016      0.944246954843      0.944248535487      0.944248734075      0.944250118024     
30                  0.94592121724       0.944656262401      0.944658334562      0.944656174592      0.944658427075      0.94459793275       0.944599503509      0.944599700851      0.944601076138     
30.05               0.946261778508      0.945004675912      0.945006735109      0.945004588655      0.945006827043      0.944946708279      0.944948269215      0.944948465318      0.944949831995     
30.1                0.946600200825      0.945350902935      0.945352949248      0.945350816228      0.945353040606      0.945293295131      0.945294846302      0.945295041175      0.945296399296     
30.15               0.946936497529      0.945694957075      0.945696990583      0.945694870913      0.945697081368      0.94563770692       0.945639248388      0.945639442038      0.945640791654     
30.2                0.947270681873      0.946036851852      0.946038872633      0.946036766232      0.946038962849      0.945979957181      0.945981489004      0.945981681439      0.945983022603     
30.25               0.947602767031      0.946376600705      0.946378608838      0.946376515624      0.946378698489      0.946320059364      0.946321581602      0.946321772829      0.946323105594     
30.3                0.947932766094      0.946714216992      0.946716212554      0.946714132447      0.946716301643      0.94665802684       0.946659539551      0.946659729578      0.946661053994     
30.35               0.948260692076      0.947049713989      0.947051697057      0.947049629976      0.947051785588      0.946993872896      0.94699537614       0.946995564974      0.946996881093     
30.4                0.94858655791       0.947383104891      0.947385075542      0.947383021407      0.947385163519      0.94732761074       0.947329104574      0.947329292222      0.947330600096     
30.45               0.948910376449      0.947714402814      0.947716361124      0.947714319855      0.947716448549      0.947659253499      0.947660737981      0.947660924451      0.947662224129     
30.5                0.949232160469      0.948043620791      0.948045566837      0.948043538354      0.948045653715      0.94798881422       0.947990289407      0.947990474707      0.94799176624      
30.55               0.949551922667      0.94837077178       0.948372705636      0.948370689862      0.94837279197       0.94831630587       0.94831777182       0.948317955957      0.948319239395     
30.6                0.949869675662      0.948695868657      0.948697790398      0.948695787255      0.948697876191      0.948641741339      0.948643198109      0.948643381089      0.948644656483     
30.65               0.950185431996      0.94901892422       0.949020833921      0.94901884333       0.949020919177      0.948965133437      0.948966581082      0.948966762913      0.948968030312     
30.7                0.950499204134      0.949339951189      0.949341848925      0.949339870808      0.949341933646      0.949286494894      0.949287933471      0.949288114161      0.949289373613     
30.75               0.950811004464      0.949658962208      0.949660848051      0.949658882333      0.949660932242      0.949605838367      0.949607267932      0.949607447486      0.949608699042     
30.8                0.951120845301      0.949975969841      0.949977843865      0.949975890469      0.949977927529      0.949923176431      0.949924597039      0.949924775466      0.949926019173     
30.85               0.95142873888       0.950290986577      0.950292848856      0.950290907705      0.950292931995      0.950238521587      0.950239933294      0.9502401106        0.950241346508     
30.9                0.951734697364      0.95060402483       0.950605875434      0.950603946453      0.950605958053      0.95055188626       0.95055328912       0.950553465312      0.950554693468     
30.95               0.95203873284       0.950915096934      0.950916935937      0.950915019051      0.950917018038      0.950863282797      0.950864676864      0.95086485195       0.950866072402     
31                  0.952340857321      0.951224215153      0.951226042625      0.95122413776       0.951226124212      0.951172723471      0.9511741088        0.951174282786      0.951175495582     
31.05               0.952641082747      0.951531391671      0.951533207684      0.951531314766      0.95153328876       0.951480220479      0.951481597124      0.951481770017      0.951482975204     
31.1                0.952939420984      0.951836638601      0.951838443226      0.95183656218       0.951838523794      0.951785785945      0.95178715396       0.951787325767      0.951788523391     
31.15               0.953235883825      0.952139967981      0.952141761287      0.95213989204       0.952141841351      0.952089431918      0.952090791355      0.952090962082      0.952092152192     
31.2                0.953530482991      0.952441391773      0.952443173832      0.952441316311      0.952443253394      0.952391170372      0.952392521285      0.95239269094       0.95239387358      
31.25               0.953823230129      0.95274092187       0.95274269275       0.952740846883      0.952742771814      0.95269101321       0.952692355651      0.95269252424       0.952693699458     
31.3                0.954114136818      0.953038570089      0.953040329859      0.953038495574      0.953040408427      0.952988972261      0.952990306282      0.952990473812      0.952991641652     
31.35               0.954403214563      0.953334348175      0.953336096904      0.95333427413       0.953336174981      0.953285059281      0.953286384935      0.953286551411      0.953287711921     
31.4                0.954690474799      0.953628267803      0.953630005559      0.953628194223      0.953630083146      0.953579285954      0.953580603292      0.953580768722      0.953581921946     
31.45               0.954975928889      0.953920340573      0.953922067424      0.953920267456      0.953922144525      0.953871663893      0.953872972967      0.953873137358      0.953874283341     
31.5                0.95525958813       0.954210578017      0.95421229403       0.95421050536       0.954212370648      0.954162204641      0.954163505502      0.954163668859      0.954164807647     
31.55               0.955541463744      0.954498991594      0.954500696837      0.954498919395      0.954500772976      0.954450919668      0.954452212366      0.954452374697      0.954453506333     
31.6                0.95582156689       0.954785592695      0.954787287234      0.954785520951      0.954787362896      0.954737820374      0.95473910496       0.954739266271      0.9547403908       
31.65               0.956099908652      0.955070392639      0.955072076541      0.955070321347      0.955072151729      0.955022918091      0.955024194615      0.955024354912      0.955025472378     
31.7                0.956376500051      0.955353402677      0.955355076007      0.955353331833      0.955355150724      0.955306224078      0.955307492591      0.95530765188       0.955308762327     
31.75               0.956651352037      0.95563463399       0.955636296813      0.955634563592      0.955636371062      0.955587749529      0.955589010079      0.955589168366      0.955590271838     
31.8                0.956924475492      0.95591409769       0.955915750072      0.955914027736      0.955915823856      0.955867505565      0.955868758202      0.955868915495      0.955870012033     
31.85               0.957195881234      0.956191804822      0.956193446828      0.956191735308      0.956193520149      0.956145503242      0.956146748015      0.956146904319      0.956147993968     
31.9                0.95746558001       0.956467766361      0.956469398055      0.956467697285      0.956469470918      0.956421753547      0.956422990504      0.956423145825      0.956424228628     
31.95               0.957733582505      0.956741993218      0.956743614663      0.956741924577      0.95674368707       0.956696267398      0.956697496589      0.956697650933      0.956698726932     
32                  0.957999899336      0.957014496233      0.957016107494      0.957014428024      0.957016179447      0.956969055649      0.95697027712       0.956970430495      0.956971499731     
32.05               0.958264541053      0.957285286182      0.957286887321      0.957285218402      0.957286958823      0.957240129084      0.957241342884      0.957241495294      0.957242557811     
32.1                0.958527518143      0.957554373773      0.957555964853      0.95755430642       0.957556035908      0.957509498421      0.957510704599      0.95751085605       0.957511911889     
32.15               0.958788841027      0.95782176965       0.957823350734      0.957821702721      0.957823421343      0.957777174316      0.957778372917      0.957778523416      0.957779572618     
32.2                0.959048520063      0.958087484389      0.958089055538      0.958087417881      0.958089125706      0.958043167354      0.958044358426      0.958044507978      0.958045550585     
32.25               0.959306565544      0.958351528502      0.958353089779      0.958351462414      0.958353159507      0.958307488058      0.958308671647      0.95830882026       0.958309856311     
32.3                0.959562987699      0.958613912438      0.958615463904      0.958613846765      0.958615533195      0.958570146885      0.958571323039      0.958571470716      0.958572500254     
32.35               0.959817796694      0.958874646579      0.958876188294      0.95887458132       0.958876257152      0.958831154229      0.958832322993      0.958832469742      0.958833492806     
32.4                0.960071002632      0.959133741244      0.959135273269      0.959133676396      0.959135341696      0.959090520418      0.959091681838      0.959091827664      0.959092844296     
32.45               0.960322615555      0.959391206688      0.959392729084      0.959391142248      0.959392797082      0.959348255718      0.959349409839      0.959349554748      0.959350564987     
32.5                0.960572645441      0.959647053104      0.95964856593       0.95964698907       0.959648633503      0.95960437033       0.959605517199      0.959605661196      0.959606665082     
32.55               0.960821102206      0.959901290621      0.959902793937      0.959901226991      0.959902861086      0.959858874394      0.959860014055      0.959860157147      0.959861154718     
32.6                0.961067995707      0.960153929306      0.96015542317       0.960153866076      0.960155489899      0.960111777986      0.960112910484      0.960113052676      0.960114043973     
32.65               0.961313335738      0.960404979163      0.960406463635      0.960404916331      0.960406529946      0.960363091121      0.9603642165        0.960364357797      0.960365342859     
32.7                0.961557132027      0.960654450132      0.960655925269      0.960654387695      0.960655991165      0.960612823745      0.960613942051      0.960614082458      0.960615061326     
32.75               0.961799394256      0.9609023521        0.96090381796       0.960902290055      0.960903883443      0.960860985759      0.960862097034      0.960862236558      0.960863209269     
32.8                0.962040132037      0.961148694885      0.961150151527      0.961148633231      0.9611502166        0.96110758699       0.961108691279      0.961108829924      0.961109796516     
32.85               0.962279354923      0.961393488248      0.961394935729      0.961393426983      0.961395000395      0.961352637207      0.961353734552      0.961353872326      0.961354832836     
32.9                0.962517072409      0.961636741888      0.961638180265      0.961636681008      0.961638244526      0.961596146118      0.961597236564      0.961597373471      0.961598327938     
32.95               0.962753293932      0.961878465444      0.961879894774      0.961878404948      0.961879958633      0.961838123374      0.961839206962      0.961839343008      0.961840291468     
33                  0.962988028867      0.962118668497      0.962120088836      0.962118608381      0.962120152295      0.962078578562      0.962079655336      0.962079790525      0.962080733018     
33.05               0.963221286535      0.962357360566      0.962358771971      0.962357300829      0.962358835032      0.962317521212      0.962318591215      0.962318725553      0.962319662115     
33.1                0.963453076197      0.962594551114      0.96259595364       0.962594491754      0.962596016307      0.962554960797      0.96255602407       0.962556157563      0.96255708823      
33.15               0.963683407056      0.962830249545      0.962831643246      0.962830190558      0.962831705521      0.962790906728      0.962791963313      0.962792095966      0.962793020776     
33.2                0.963912288261      0.963064465203      0.963065850135      0.963064406587      0.96306591202       0.96302536836       0.963026418298      0.963026550117      0.963027469105     
33.25               0.9641397289        0.963297207375      0.963298583594      0.963297149129      0.963298645091      0.963258354989      0.963259398323      0.963259529312      0.963260442515     
33.3                0.964365738008      0.963528485292      0.963529852851      0.963528427413      0.963529913964      0.963489875854      0.963490912624      0.963491042789      0.963491950244     
33.35               0.964590324563      0.963758308127      0.96375966708       0.963758250612      0.96375972781       0.963719940136      0.963720970384      0.963721099729      0.963722001472     
33.4                0.964813497485      0.963986684994      0.963988035395      0.963986627842      0.963988095745      0.963948556962      0.963949580727      0.963949709259      0.963950605324     
33.45               0.965035265643      0.964213624955      0.964214966857      0.964213568162      0.964215026829      0.964175735398      0.964176752722      0.964176880444      0.964177770868     
33.5                0.965255637846      0.964439137011      0.964440470467      0.964439080576      0.964440530065      0.964401484457      0.96440249538       0.964402622298      0.964403507116     
33.55               0.965474622852      0.964663230111      0.964664555174      0.964663174032      0.964664614399      0.964625813096      0.964626817657      0.964626943777      0.964627823023     
33.6                0.965692229363      0.964885913147      0.964887229869      0.964885857421      0.964887288723      0.964848730216      0.964849728455      0.964849853781      0.96485072749      
33.65               0.965908466028      0.965107194956      0.965108503389      0.96510713958       0.965108561875      0.965070244661      0.965071236618      0.965071361155      0.965072229363     
33.7                0.966123341439      0.965327084319      0.965328384516      0.965327029293      0.965328442636      0.965290365224      0.965291350937      0.96529147469       0.965292337431     
33.75               0.96633686414       0.965545589966      0.965546881977      0.965545535286      0.965546939733      0.96550910064       0.965510080149      0.965510203123      0.96551106043      
33.8                0.966549042617      0.965762720569      0.965764004446      0.965762666233      0.96576406184       0.965726459592      0.965727432935      0.965727555135      0.965728407042     
33.85               0.966759885306      0.965978484748      0.965979760541      0.965978430755      0.965979817577      0.965942450707      0.965943417924      0.965943539355      0.965944385896     
33.9                0.966969400588      0.96619289107       0.96619415883       0.966192837417      0.966194215509      0.966157082562      0.966158043689      0.966158164356      0.966159005565     
33.95               0.967177596796      0.966405948048      0.966407207825      0.966405894733      0.966407264149      0.966370363677      0.966371318754      0.966371438661      0.966372274571     
34                  0.967384482207      0.966617664143      0.966618915987      0.966617611163      0.966618971958      0.966582302521      0.966583251585      0.966583370737      0.966584201382     
34.05               0.967590065048      0.966828047761      0.966829291722      0.966827995115      0.966829347343      0.966792907511      0.966793850599      0.966793969001      0.966794794414     
34.1                0.967794353496      0.96703710726       0.967038343386      0.967037054945      0.96703839866       0.96700218701       0.967003124161      0.967003241817      0.967004062029     
34.15               0.967997355676      0.967244850942      0.967246079283      0.967244798957      0.967246134211      0.967210149331      0.967211080581      0.967211197496      0.967212012541     
34.2                0.968199079661      0.96745128706       0.967452507665      0.967451235402      0.967452562249      0.967416802734      0.967417728119      0.967417844299      0.967418654208     
34.25               0.968399533477      0.967656423815      0.967657636732      0.967656372482      0.967657690975      0.967622155428      0.967623074985      0.967623190433      0.96762399524      
34.3                0.968598725097      0.967860269357      0.967861474633      0.967860218348      0.967861528537      0.967826215571      0.967827129337      0.967827244058      0.967828043794     
34.35               0.968796662446      0.968062831785      0.96806402947       0.968062781097      0.968064083036      0.96802899127       0.968029899282      0.968030013281      0.968030807977     
34.4                0.9689933534        0.968264119149      0.968265309289      0.968264068781      0.96826536252       0.968230490583      0.968231392877      0.968231506157      0.968232295846     
34.45               0.969188805783      0.968464139447      0.968465322089      0.968464089396      0.968465374988      0.968430721517      0.968431618128      0.968431730695      0.968432515408     
34.5                0.969383027375      0.968662900629      0.968664075821      0.968662850893      0.968664128389      0.968629692029      0.968630582992      0.968630694851      0.968631474618     
34.55               0.969576025904      0.968860410595      0.968861578382      0.968860361172      0.968861630622      0.968827410027      0.968828295377      0.968828406532      0.968829181385     
34.6                0.96976780905       0.969056677195      0.969057837625      0.969056628084      0.969057889537      0.969023883369      0.969024763142      0.969024873596      0.969025643566     
34.65               0.969958384446      0.969251708232      0.969252861349      0.969251659429      0.969252912937      0.969219119865      0.969219994096      0.969220103855      0.969220868971     
34.7                0.970147759678      0.969445511458      0.96944665731       0.969445462963      0.969446708575      0.969413127276      0.969413996         0.969414105067      0.969414865361     
34.75               0.970335942284      0.969638094579      0.96963923321       0.969638046389      0.969639284155      0.969605913315      0.969606776566      0.969606884946      0.969607640448     
34.8                0.970522939754      0.969829465252      0.969830596709      0.969829417366      0.969830647335      0.969797485647      0.969798343459      0.969798451157      0.969799201897     
34.85               0.970708759534      0.970019631087      0.970020755413      0.970019583503      0.970020805723      0.969987851889      0.969988704296      0.969988811316      0.969989557324     
34.9                0.970893409021      0.970208599646      0.970209716887      0.970208552361      0.970209766882      0.970177019612      0.970177866648      0.970177972993      0.970178714298     
34.95               0.971076895566      0.970396378444      0.970397488644      0.970396331457      0.970397538327      0.970364996336      0.970365838035      0.970365943711      0.970366680343     
35                  0.971259226475      0.97058297495       0.970584078152      0.970582928259      0.970584127524      0.970551789539      0.970552625934      0.970552730945      0.970553462933     
35.05               0.97144040901       0.970768396584      0.970769492834      0.970768350188      0.970769541897      0.97073740665       0.970738237775      0.970738342123      0.970739069497     
35.1                0.971620450384      0.970952650724      0.970953740064      0.97095260462       0.970953788821      0.970921855052      0.970922680939      0.97092278463       0.970923507418     
35.15               0.971799357768      0.971135744699      0.971136827172      0.971135698884      0.971136875624      0.971105142081      0.971105962763      0.971106065802      0.971106784032     
35.2                0.971977138286      0.971317685792      0.971318761442      0.971317640266      0.971318809591      0.97128727503       0.97128809054       0.971288192929      0.971288906631     
35.25               0.972153799021      0.971498481242      0.971499550112      0.971498436003      0.97149959796       0.971468261144      0.971469071514      0.971469173258      0.971469882461     
35.3                0.972329347007      0.971678138243      0.971679200375      0.97167809329       0.971679247925      0.971648107624      0.971648912886      0.97164901399       0.97164971872      
35.35               0.972503789238      0.971856663944      0.97185771938       0.971856619274      0.971857766633      0.971826821626      0.971827621813      0.971827722279      0.971828422566     
35.4                0.972677132663      0.972034065449      0.972035114231      0.97203402106       0.972035161189      0.972004410261      0.972005205404      0.972005305237      0.972006001108     
35.45               0.972849384187      0.972210349818      0.972211391988      0.972210305708      0.972211438652      0.972180880596      0.972181670727      0.972181769932      0.972182461414     
35.5                0.973020550673      0.972385524066      0.972386559666      0.972385480234      0.972386606038      0.972356239654      0.972357024805      0.972357123384      0.972357810507     
35.55               0.973190638939      0.972559595166      0.972560624236      0.97255955161       0.972560670319      0.972530494415      0.972531274616      0.972531372575      0.972532055364     
35.6                0.973359655764      0.972732570047      0.972733592628      0.972732526765      0.972733638423      0.972703651814      0.972704427096      0.972704524438      0.972705202921     
35.65               0.973527607881      0.972904455593      0.972905471727      0.972904412584      0.972905517236      0.972875718743      0.972876489138      0.972876585866      0.972877260071     
35.7                0.973694501984      0.973075258648      0.973076268375      0.97307521591       0.973076313599      0.973046702053      0.973047467591      0.973047563709      0.973048233661     
35.75               0.973860344693      0.973244985987      0.973245989344      0.973244943519      0.973246034289      0.973216608521      0.973217369233      0.973217464744      0.973218130476     
35.8                0.974025142658      0.973413644401      0.97341464143       0.9734136022        0.973414686094      0.973385444953      0.973386200867      0.973386295775      0.973386957311     
35.85               0.974188902443      0.973581240601      0.973582231343      0.973581198666      0.973582275728      0.973553218063      0.973553969211      0.973554063521      0.973554720885     
35.9                0.974351630572      0.97374778126       0.973748765754      0.973747739589      0.973748809861      0.973719934531      0.973720680941      0.973720774657      0.973721427876     
35.95               0.974513333528      0.973913273006      0.973914251292      0.973913231598      0.973914295123      0.973885600992      0.973886342695      0.97388643582       0.973887084919     
36                  0.974674017757      0.97407772243       0.974078694547      0.974077681282      0.974078738104      0.974050224042      0.974050961069      0.974051053606      0.974051698612     
36.05               0.974833689663      0.974241136081      0.974242102066      0.974241095192      0.974242145351      0.974213810238      0.974214542617      0.974214634571      0.974215275508     
36.1                0.97499235561       0.974403520465      0.974404480359      0.974403479834      0.974404523373      0.974376366093      0.974377093853      0.974377185228      0.974377822122     
36.15               0.975150021925      0.974564882052      0.974565835892      0.974564841677      0.974565878637      0.974537898082      0.974538621253      0.974538712051      0.974539344928     
36.2                0.975306694892      0.974725227268      0.974726175091      0.974725187147      0.974726217569      0.974698412638      0.974699131249      0.974699221475      0.97469985036      
36.25               0.975462380757      0.974884562499      0.974885504345      0.974884522631      0.974885546557      0.974857916156      0.974858630234      0.974858719891      0.974859344809     
36.3                0.975617085729      0.975042894094      0.975043829999      0.975042854477      0.975043871948      0.975016414988      0.975017124563      0.975017213655      0.97501783463      
36.35               0.975770815975      0.97520022836       0.975201158362      0.975200188992      0.975201200048      0.975173915448      0.975174620548      0.975174709079      0.975175326137     
36.4                0.975923577625      0.975356571564      0.9753574957        0.975356532445      0.975357537127      0.975330423812      0.975331124465      0.975331212437      0.975331825603     
36.45               0.976075376771      0.975511929937      0.975512848243      0.975511891064      0.975512889411      0.975485946314      0.975486642548      0.975486729966      0.975487339263     
36.5                0.976226219465      0.975666309668      0.975667222181      0.97566627104       0.975667263092      0.975640489151      0.975641180994      0.975641267861      0.975641873313     
36.55               0.976376111725      0.975819716908      0.975820623665      0.975819678523      0.975820664321      0.975794058481      0.975794745959      0.975794832279      0.975795433912     
36.6                0.976525059527      0.975972157771      0.975973058808      0.975972119628      0.975973099209      0.975946660423      0.975947343564      0.97594742934       0.975948027177     
36.65               0.976673068811      0.976123638331      0.976124533684      0.976123600428      0.976124573833      0.976098301057      0.97609897989       0.976099065124      0.976099659189     
36.7                0.976820145482      0.976274164625      0.976275054329      0.976274126961      0.976275094228      0.976248986427      0.976249660978      0.976249745675      0.976250335992     
36.75               0.976966295405      0.976423742652      0.976424626744      0.976423705226      0.976424666393      0.976398722538      0.976399392833      0.976399476997      0.976400063589     
36.8                0.977111524411      0.976572378374      0.976573256888      0.976572341184      0.97657329629       0.976547515357      0.976548181424      0.976548265058      0.976548847948     
36.85               0.977255838291      0.976720077715      0.976720950686      0.976720040759      0.976720989842      0.976695370816      0.976696032681      0.976696115787      0.976696695        
36.9                0.977399242804      0.976866846563      0.976867714026      0.976866809839      0.976867752938      0.976842294806      0.976842952496      0.976843035078      0.976843610636     
36.95               0.977541743669      0.977012690767      0.977013552756      0.977012654274      0.977013591426      0.976988293186      0.976988946726      0.976989028788      0.976989600714     
37                  0.977683346571      0.977157616141      0.977158472692      0.977157579879      0.97715851112       0.977133371773      0.977134021191      0.977134102735      0.977134671052     
37.05               0.977824057161      0.977301628464      0.97730247961       0.97730159243       0.977302517798      0.977277536353      0.977278181673      0.977278262703      0.977278827434     
37.1                0.977963881051      0.977444733476      0.977445579252      0.977444697669      0.977445617202      0.977420792671      0.97742143392       0.97742151444       0.977422075607     
37.15               0.978102823821      0.977586936883      0.977587777322      0.977586901301      0.977587815035      0.97756314644       0.977563783643      0.977563863655      0.977564421281     
37.2                0.978240891015      0.977728244354      0.97772907949       0.977728208997      0.977729116968      0.977704603334      0.977705236517      0.977705316025      0.977705870132     
37.25               0.978378088141      0.977868661525      0.97786949139       0.97786862639       0.977869528635      0.977845168995      0.977845798182      0.977845877189      0.977846427799     
37.3                0.978514420674      0.978008193993      0.978009018622      0.978008159079      0.978009055634      0.977984849026      0.977985474243      0.977985552752      0.977986099887     
37.35               0.978649894049      0.978146847319      0.978147666743      0.978146812624      0.978147703524      0.978123648991      0.978124270264      0.978124348277      0.978124891962     
37.4                0.978784513679      0.978284627037      0.97828544129       0.978284592561      0.978285477841      0.978261574434      0.978262191787      0.978262269308      0.978262809563     
37.45               0.978918284937      0.978421538643      0.978422347756      0.978421504383      0.97842238408       0.978398630854      0.978399244312      0.978399321344      0.978399858189     
37.5                0.979051213161      0.978557587594      0.978558391601      0.97855755355       0.978558427698      0.978534823716      0.978535433302      0.978535509849      0.978536043306     
37.55               0.979183303654      0.978692779317      0.97869357825       0.978692745487      0.978693614122      0.978670158451      0.97867076419       0.978670840254      0.978671370345     
37.6                0.979314561689      0.978827119204      0.978827913095      0.978827085587      0.978827948743      0.978804640456      0.978805242373      0.978805317957      0.978805844702     
37.65               0.979444992505      0.978960612612      0.978961401493      0.978960579208      0.978961436919      0.978938275095      0.978938873213      0.978938948321      0.978939471742     
37.7                0.979574601307      0.979093264868      0.97909404877       0.979093231673      0.979094083975      0.979071067697      0.979071662041      0.979071736675      0.979072256793     
37.75               0.979703393269      0.979225081261      0.979225860216      0.979225048276      0.979225895201      0.979203023561      0.979203614154      0.979203688318      0.979204205152     
37.8                0.979831373532      0.97935606705       0.979356841089      0.979356034273      0.979356875856      0.979334147949      0.979334734815      0.979334808511      0.979335322083     
37.85               0.979958547204      0.979486227461      0.979486996614      0.97948619489       0.979487031164      0.979464446092      0.979465029254      0.979465102486      0.979465612816     
37.9                0.980084919363      0.979615567685      0.979616331984      0.979615535319      0.979616366319      0.979593923188      0.97959450267       0.979594575439      0.979595082549     
37.95               0.980210495053      0.979744092883      0.979744852358      0.979744060721      0.979744886479      0.979722584402      0.979723160226      0.979723232537      0.979723736446     
38                  0.980335279286      0.979871808183      0.979872562864      0.979871776224      0.979872596773      0.979850434867      0.979851007057      0.979851078912      0.979851579641     
38.05               0.980459277046      0.97999871868       0.979999468598      0.979998686922      0.979999502295      0.979977479684      0.979978048263      0.979978119665      0.979978617233     
38.1                0.980582493282      0.980124829438      0.980125574622      0.98012479788       0.98012560811       0.980103723923      0.980104288913      0.980104359864      0.980104854291     
38.15               0.980704932914      0.980250145489      0.980250885969      0.980250114129      0.980250919248      0.980229172619      0.980229734043      0.980229804547      0.980230295853     
38.2                0.980826600831      0.980374671832      0.980375407639      0.980374640671      0.98037544071       0.980353830778      0.980354388659      0.980354458719      0.980354946923     
38.25               0.98094750189       0.980498413438      0.9804991446        0.980498382473      0.980499177465      0.980477703375      0.980478257735      0.980478327353      0.980478812476     
38.3                0.981067640918      0.980621375244      0.98062210179       0.980621344474      0.980622134451      0.980600795353      0.980601346213      0.980601415393      0.980601897453     
38.35               0.981187022714      0.980743562157      0.980744284117      0.98074353158       0.980744316575      0.980723111624      0.980723659007      0.98072372775       0.980724206768     
38.4                0.981305652044      0.980864979053      0.980865696456      0.980864948669      0.980865728711      0.980844657069      0.980845200996      0.980845269306      0.9808457453       
38.45               0.981423533645      0.980985630778      0.980986343652      0.980985600586      0.980986375707      0.980965436538      0.980965977032      0.980966044911      0.9809665179       
38.5                0.981540672225      0.981105522147      0.981106230521      0.981105492145      0.981106262376      0.981085454852      0.981085991934      0.981086059385      0.981086529389     
38.55               0.981657072461      0.981224657946      0.981225361848      0.981224628132      0.981225393505      0.981204716801      0.981205250493      0.981205317519      0.981205784555     
38.6                0.981772739002      0.981343042929      0.981343742387      0.981343013303      0.981343773847      0.981323227145      0.981323757468      0.981323824071      0.981324288159     
38.65               0.981887676468      0.981460681821      0.981461376864      0.981460652382      0.981461408128      0.981440990613      0.981441517589      0.981441583772      0.98144204493      
38.7                0.982001889449      0.981577579319      0.981578269974      0.981577550065      0.981578301043      0.981558011908      0.981558535556      0.981558601322      0.98155905957      
38.75               0.982115382506      0.981693740088      0.981694426383      0.981693711018      0.981694457259      0.981674295698      0.981674816042      0.981674881392      0.981675336747     
38.8                0.982228160172      0.981809168765      0.981809850727      0.981809139879      0.981809881411      0.981789846627      0.981790363686      0.981790428624      0.981790881105     
38.85               0.982340226952      0.981923869958      0.981924547616      0.981923841254      0.981924578108      0.981904669307      0.981905183101      0.981905247631      0.981905697254     
38.9                0.982451587322      0.982037848247      0.982038521626      0.982037819724      0.982038551929      0.982018768322      0.982019278872      0.982019342995      0.98201978978      
38.95               0.982562245729      0.982151108181      0.982151777309      0.982151079837      0.982151807423      0.982132148225      0.982132655553      0.982132719271      0.982133163236     
39                  0.982672206595      0.982263654282      0.982264319186      0.982263626117      0.982264349113      0.982244813545      0.98224531767       0.982245380986      0.982245822148     
39.05               0.982781474311      0.982375491044      0.982376151749      0.982375463056      0.98237618149       0.982356768779      0.982357269721      0.982357332638      0.982357771015     
39.1                0.982890053243      0.982486622931      0.982487279465      0.982486595119      0.982487309021      0.982468018396      0.982468516175      0.982468578695      0.982469014305     
39.15               0.982997947727      0.982597054381      0.98259770677       0.982597026744      0.982597736142      0.982578566839      0.982579061475      0.982579123601      0.98257955646      
39.2                0.983105162074      0.982706789802      0.982707438073      0.98270676234       0.982707467262      0.98268841852       0.982688910034      0.982688971768      0.982689401895     
39.25               0.983211700567      0.982815833578      0.982816477755      0.982815806288      0.982816506763      0.982797577827      0.982798066238      0.982798127583      0.982798554994     
39.3                0.983317567463      0.982924190061      0.982924830171      0.982924162943      0.982924858998      0.982906049118      0.982906534445      0.982906595403      0.982907020116     
39.35               0.98342276699       0.983031863578      0.983032499647      0.983031836631      0.983032528295      0.983013836725      0.983014318987      0.983014379561      0.983014801592     
39.4                0.983527303351      0.98313885843       0.983139490482      0.983138831653      0.983139518952      0.98312094495       0.983121424168      0.983121484359      0.983121903727     
39.45               0.983631180724      0.983245178888      0.98324580695       0.98324515228       0.983245835243      0.983227378072      0.983227854265      0.983227914076      0.983228330796     
39.5                0.983734403258      0.983350829199      0.983351453296      0.983350802758      0.983351481413      0.983333140341      0.983333613527      0.983333672961      0.98333408705      
39.55               0.983836975077      0.983455813582      0.983456433738      0.983455787308      0.983456461681      0.983438235981      0.983438706178      0.983438765238      0.983439176713     
39.6                0.98393890028       0.98356013623       0.98356075247       0.983560110121      0.983560780239      0.983542669187      0.983543136416      0.983543195104      0.98354360398      
39.65               0.98404018294       0.983663801308      0.983664413657      0.983663775364      0.983664441254      0.983646444132      0.983646908411      0.983646966728      0.983647373024     
39.7                0.984140827103      0.983766812958      0.983767421441      0.983766787177      0.983767448866      0.98374956496       0.983750026307      0.983750084256      0.983750487987     
39.75               0.984240836791      0.983869175293      0.983869779934      0.983869149675      0.983869807189      0.983852035788      0.983852494223      0.983852551806      0.983852952988     
39.8                0.984340216         0.983970892403      0.983971493226      0.983970866945      0.983971520311      0.983953860711      0.983954316251      0.983954373471      0.98395477212      
39.85               0.984438968701      0.984071968349      0.984072565378      0.984071943052      0.984072592295      0.984055043795      0.984055496458      0.984055553317      0.984055949449     
39.9                0.984537098841      0.984172407168      0.984173000428      0.984172382031      0.984173027178      0.98415558908       0.984156038885      0.984156095386      0.984156489017     
39.95               0.98463461034       0.984272212874      0.984272802388      0.984272187895      0.984272828971      0.984255500585      0.984255947549      0.984256003694      0.98425639484      
40                  0.984731507097      0.984371389453      0.984371975244      0.98437136463       0.984372001662      0.984354782298      0.98435522644       0.984355282231      0.984355670908     
