time_s,inventory_m3,volume_m3,min_T,max_T,advective_outward_m3_s,diffusive_outward_m3_s,outlet_label_flux_m3_s,outlet_carrier_flux_m3_s
0.05,2.698227252931404e-06,0.003132125701959507,-4.37478030311343e-13,0.9928625456317546,-5.32925436435926e-05,-6.720013658265801e-07,-7.255765187059214e-25,5.329254367657314e-05
0.1,5.363492480977968e-06,0.003132125701959507,-1.705394623113331e-13,0.9998800451925933,-5.32925436435926e-05,-1.276089993989938e-08,-8.741054286032212e-25,5.329254367657314e-05
0.15,8.028141034797114e-06,0.003132125701959507,-2.349899546198056e-15,0.9999964781596686,-5.32925436435926e-05,-4.274547878503161e-10,-3.957088568116896e-25,5.329254367657314e-05
0.2,1.06927691518559e-05,0.003132125701959507,-1.977500664744089e-15,0.9999998578108603,-5.32925436435926e-05,-1.873518858431422e-11,2.382508450506181e-25,5.329254367657314e-05
0.25,1.335739639344449e-05,0.003132125701959507,-1.560118072773457e-15,0.9999999914931964,-5.32925436435926e-05,-1.214402447409381e-12,6.963478076071229e-25,5.329254367657314e-05
0.3,1.602202359184495e-05,0.003132125701959507,-7.195453602590566e-16,0.9999999978591924,-5.32925436435926e-05,-3.417691305319703e-13,1.044292772997198e-24,5.329254367657314e-05
0.35,1.868665078712119e-05,0.003132125701959507,-1.192276426944172e-15,0.9999999982679226,-5.32925436435926e-05,-2.826287033853119e-13,2.642852757867396e-24,5.329254367657314e-05
0.4,2.135127798201926e-05,0.003132125701959507,-4.265139541356149e-16,0.9999999983613024,-5.32925436435926e-05,-2.677707304643644e-13,4.295106662341964e-24,5.329254367657314e-05
0.45,2.401590517657727e-05,0.003132125701959507,-5.214861659539155e-16,0.9999999984313275,-5.32925436435926e-05,-2.563432575174699e-13,5.885471481967039e-24,5.329254367657314e-05
0.4999999999999999,2.668053237070767e-05,0.003132125701959507,-5.755889982076957e-16,0.9999999984951867,-5.32925436435926e-05,-2.458964734216945e-13,7.370920998423706e-24,5.329254367657314e-05
0.5499999999999999,2.934515956444442e-05,0.003132125701959507,-6.004158773678808e-16,0.9999999985545945,-5.32925436435926e-05,-2.361727818930067e-13,8.716849417948342e-24,5.329254367657314e-05
0.6,3.200978675778396e-05,0.003132125701959507,-5.885463033973468e-16,0.9999999986101394,-5.32925436435926e-05,-2.270805310102505e-13,9.918903985738367e-24,5.329254367657314e-05
0.65,3.467441395073495e-05,0.003132125701959507,-5.326021583757662e-16,0.9999999986622384,-5.32925436435926e-05,-2.185519001841683e-13,1.097617988855664e-23,5.329254367657314e-05
0.7000000000000001,3.733904114330949e-05,0.003132125701959507,-4.738695935465518e-16,0.9999999987112521,-5.32925436435926e-05,-2.105326096273748e-13,1.189104274519144e-23,5.329254367657314e-05
0.7500000000000001,4.000366833551812e-05,0.003132125701959507,-4.063949761093328e-16,0.9999999987574395,-5.32925436435926e-05,-2.029766463549025e-13,1.266873009308647e-23,5.329254367657314e-05
0.8000000000000002,4.26682955272979e-05,0.003132125701959507,-3.341294355204458e-16,0.9999999988010216,-5.32925436435926e-05,-1.95850504409642e-13,1.333082418470651e-23,5.329254367657314e-05
0.8500000000000002,4.533292271874679e-05,0.003132125701959507,-2.856974521856448e-16,0.9999999988422549,-5.32925436435926e-05,-1.891068204613125e-13,1.38767721196655e-23,5.329254367657314e-05
0.9000000000000002,4.79975499098823e-05,0.003132125701959507,-2.341771175526414e-16,0.9999999988813056,-5.32925436435926e-05,-1.827211823374833e-13,1.431683409109456e-23,5.329254367657314e-05
0.9500000000000003,5.066217709976694e-05,0.003132125701959507,-2.770064732242613e-16,0.9999999989172875,-5.32925436435926e-05,-1.767764427971708e-13,2.759978949104328e-23,5.329254367657314e-05
1,5.332680428938031e-05,0.003132125701959507,-2.458840814265455e-16,0.9999999989524549,-5.32925436435926e-05,-1.710247981965913e-13,3.78694636398359e-23,5.329254367657314e-05
1.05,5.599143147873479e-05,0.003132125701959507,-1.73380620958538e-16,0.9999999989859059,-5.32925436435926e-05,-1.655552938893512e-13,4.559912587296152e-23,5.329254367657314e-05
1.1,5.865605866784192e-05,0.003132125701959507,-9.996633212558479e-17,0.999999999017763,-5.32925436435926e-05,-1.60350141582023e-13,5.121721776658987e-23,5.329254367657314e-05
1.15,6.132068585671661e-05,0.003132125701959507,-9.976459080382304e-17,0.9999999990481252,-5.32925436435926e-05,-1.553913103476807e-13,5.521876309641728e-23,5.329254367657314e-05
1.2,6.398531304536642e-05,0.003132125701959507,-9.628848098112542e-17,0.9999999990770824,-5.32925436435926e-05,-1.506623602337159e-13,5.803378371870063e-23,5.329254367657314e-05
1.25,6.664994023380382e-05,0.003132125701959507,-8.810618264066125e-17,0.9999999991047258,-5.32925436435926e-05,-1.4614832396903e-13,5.998582649130033e-23,5.329254367657314e-05
1.3,6.931456742184555e-05,0.003132125701959507,-7.781761327244409e-17,0.9999999991313432,-5.32925436435926e-05,-1.418142754965263e-13,6.126015008282189e-23,5.329254367657314e-05
1.350000000000001,7.197919460970279e-05,0.003132125701959507,-6.499410330340549e-17,0.999999999156598,-5.32925436435926e-05,-1.376905156751607e-13,6.207434108151478e-23,5.329254367657314e-05
1.400000000000001,7.464382179738438e-05,0.003132125701959507,-5.264442127366156e-17,0.9999999991807639,-5.32925436435926e-05,-1.337445579652798e-13,6.25650110735058e-23,5.329254367657314e-05
1.450000000000001,7.730844898489768e-05,0.003132125701959507,-3.866448013199438e-17,0.9999999992039105,-5.32925436435926e-05,-1.299652901705146e-13,6.279244285899643e-23,5.329254367657314e-05
1.500000000000001,7.997307617225023e-05,0.003132125701959507,-2.448585734587537e-17,0.9999999992260967,-5.32925436435926e-05,-1.263429798221891e-13,6.279646475599894e-23,5.329254367657314e-05
1.550000000000001,8.263770335944766e-05,0.003132125701959507,-1.453960428501065e-17,0.9999999992473775,-5.32925436435926e-05,-1.228686583474125e-13,6.261038844205988e-23,5.329254367657314e-05
1.600000000000001,8.530233054649803e-05,0.003132125701959507,-5.034043643921863e-18,0.9999999992678034,-5.32925436435926e-05,-1.195340696551374e-13,6.226256764799406e-23,5.329254367657314e-05
1.650000000000001,8.796695773340872e-05,0.003132125701959507,-1.028388747590711e-19,0.999999999287421,-5.32925436435926e-05,-1.163315288934473e-13,6.177749744476183e-23,5.329254367657314e-05
1.700000000000001,9.063158492018638e-05,0.003132125701959507,-9.46018041156916e-20,0.9999999993062741,-5.32925436435926e-05,-1.132539239628671e-13,6.117581279587935e-23,5.329254367657314e-05
1.750000000000001,9.329621210682899e-05,0.003132125701959507,-8.607601761475906e-20,0.9999999993244032,-5.32925436435926e-05,-1.102946404650845e-13,6.047474033712175e-23,5.329254367657314e-05
1.800000000000001,9.596083929335391e-05,0.003132125701959507,-7.729433868529345e-20,0.9999999993418455,-5.32925436435926e-05,-1.074475256589976e-13,5.968861731429788e-23,5.329254367657314e-05
1.850000000000001,9.862546647975288e-05,0.003132125701959507,-6.828258143037398e-20,0.9999999993586396,-5.32925436435926e-05,-1.047057644754748e-13,5.883026440181563e-23,5.329254367657314e-05
1.900000000000001,0.0001012900936660385,0.003132125701959507,-5.906023270545382e-20,0.9999999993748115,-5.32925436435926e-05,-1.020661991074318e-13,5.790818709534155e-23,5.329254367657314e-05
1.950000000000001,0.0001039547208522194,0.003132125701959507,-4.964089935955291e-20,0.9999999993903953,-5.32925436435926e-05,-9.95227229629924e-14,5.693075570793213e-23,5.329254367657314e-05
2.000000000000001,0.0001066193480382919,0.003132125701959507,-4.003434989080447e-20,0.9999999994054195,-5.32925436435926e-05,-9.707064599300696e-14,5.590510685850296e-23,5.329254367657314e-05
2.050000000000001,0.0001092839752242646,0.003132125701959507,-3.024713477525796e-20,0.9999999994199105,-5.32925436435926e-05,-9.47055856535275e-14,5.483725753664324e-23,5.329254367657314e-05
2.100000000000001,0.0001119486024101424,0.003132125701959507,-2.028305275373738e-20,0.9999999994338943,-5.32925436435926e-05,-9.242342225384971e-14,5.373226665463525e-23,5.329254367657314e-05
2.15,0.0001146132295959302,0.003132125701959507,-1.014353895720709e-20,0.9999999994473938,-5.32925436435926e-05,-9.022030035222421e-14,5.259439777044575e-23,5.329254367657314e-05
2.2,0.0001172778567816252,0.003132125701959507,1.719965509758777e-22,0.9999999994604317,-5.32925436435926e-05,-8.809258439657836e-14,5.142726246474181e-23,5.329254367657314e-05
2.25,0.000119942483967236,0.003132125701959507,1.066586892310139e-20,0.9999999994730286,-5.32925436435926e-05,-8.603685880560864e-14,5.023393079589671e-23,5.329254367657314e-05
2.3,0.0001226071111527662,0.003132125701959507,2.134188713120414e-20,0.9999999994852045,-5.32925436435926e-05,-8.404990355837966e-14,4.901703264516953e-23,5.329254367657314e-05
2.35,0.0001252717383382167,0.003132125701959507,3.220513970562554e-20,0.9999999994969776,-5.32925436435926e-05,-8.212868622278398e-14,4.777883259650049e-23,5.329254367657314e-05
2.399999999999999,0.0001279363655235925,0.003132125701959507,4.326181895337559e-20,0.9999999995083654,-5.32925436435926e-05,-8.027034388410272e-14,4.652129380057545e-23,5.329254367657314e-05
2.449999999999999,0.0001306009927088953,0.003132125701959507,5.449281129201902e-20,0.9999999995193851,-5.32925436435926e-05,-7.847216660808468e-14,4.524610245503651e-23,5.329254367657314e-05
2.499999999999999,0.0001332656198941256,0.003132125701959507,6.582306747202478e-20,0.9999999995300514,-5.32925436435926e-05,-7.673159946692293e-14,4.395481950979284e-23,5.329254367657314e-05
2.549999999999999,0.0001359302470792911,0.003132125701959507,7.648017155566159e-20,0.9999999995403803,-5.32925436435926e-05,-7.504622648382344e-14,4.26488054161414e-23,5.329254367657314e-05
2.599999999999999,0.0001385948742622285,0.003132125701959507,2.990715846876277e-20,0.999999999550987,-5.32925436435926e-05,-7.336933402287002e-14,6.308675842734054e-23,5.329254367657314e-05
2.649999999999999,0.0001412595014451543,0.003132125701959507,-2.431684739007985e-21,0.9999999995606977,-5.32925436435926e-05,-7.178677336199191e-14,7.689949608761846e-23,5.329254367657314e-05
2.699999999999998,0.0001439241286280807,0.003132125701959507,-2.515528836744456e-20,0.9999999995700883,-5.32925436435926e-05,-7.025414948669504e-14,8.568809153030028e-23,5.329254367657314e-05
2.749999999999998,0.0001465887558110024,0.003132125701959507,-4.075772887190796e-20,0.9999999995791918,-5.32925436435926e-05,-6.876831145089843e-14,9.061058850686127e-23,5.329254367657314e-05
2.799999999999998,0.0001492533829937424,0.003132125701959507,-5.145195737950452e-20,0.9999999995875209,-5.32925436435926e-05,-6.735801677413637e-14,9.298207218188168e-23,5.329254367657314e-05
2.849999999999998,0.0001519180101764864,0.003132125701959507,-5.859832827155535e-20,0.9999999995960878,-5.32925436435926e-05,-6.596024045497614e-14,9.319959760389535e-23,5.329254367657314e-05
2.899999999999998,0.0001545826373592478,0.003132125701959507,-6.340216939717739e-20,0.9999999996044123,-5.32925436435926e-05,-6.460299727486518e-14,9.19312474456682e-23,5.329254367657314e-05
2.949999999999998,0.0001572472645420174,0.003132125701959507,-6.722612793282109e-20,0.9999999996124926,-5.32925436435926e-05,-6.328558532436607e-14,8.957707033752184e-23,5.329254367657314e-05
2.999999999999997,0.0001599118917247953,0.003132125701959507,-6.948720331865969e-20,0.9999999996203377,-5.32925436435926e-05,-6.200651858712465e-14,8.640110294848761e-23,5.329254367657314e-05
3.049999999999997,0.0001625765189075853,0.003132125701959507,-7.061019875447016e-20,0.9999999996279564,-5.32925436435926e-05,-6.076435227306652e-14,8.258838167983442e-23,5.329254367657314e-05
3.099999999999997,0.000165241146090389,0.003132125701959507,-7.157395763280537e-20,0.9999999996353574,-5.32925436435926e-05,-5.955771262324747e-14,7.827273026841599e-23,5.329254367657314e-05
3.149999999999997,0.0001679057732732057,0.003132125701959507,-7.253136092959747e-20,0.9999999996425485,-5.32925436435926e-05,-5.838527735202648e-14,7.355322886614043e-23,5.329254367657314e-05
3.199999999999997,0.0001705704004560357,0.003132125701959507,-7.337972012654994e-20,0.9999999996495371,-5.32925436435926e-05,-5.724579803358676e-14,6.850431458721487e-23,5.329254367657314e-05
3.249999999999996,0.0001732350276388782,0.003132125701959507,-7.41885250770183e-20,0.9999999996563311,-5.32925436435926e-05,-5.61380758744957e-14,6.318302544432512e-23,5.329254367657314e-05
3.299999999999996,0.000175899654821735,0.003132125701959507,-7.498707625576356e-20,0.9999999996629377,-5.32925436435926e-05,-5.506096707955878e-14,5.763392328169804e-23,5.329254367657314e-05
3.349999999999996,0.0001785642820046074,0.003132125701959507,-7.576193864734787e-20,0.9999999996693629,-5.32925436435926e-05,-5.401337968753998e-14,5.189252932918547e-23,5.329254367657314e-05
3.399999999999996,0.0001812289091874902,0.003132125701959507,-7.644725644089322e-20,0.9999999996756134,-5.32925436435926e-05,-5.299427334539276e-14,4.598777324522537e-23,5.329254367657314e-05
3.449999999999996,0.0001838935363703922,0.003132125701959507,-7.955364186124752e-20,0.9999999996816954,-5.32925436435926e-05,-5.2002647401733e-14,3.994378873045145e-23,5.329254367657314e-05
3.499999999999996,0.0001865581635533069,0.003132125701959507,-8.391368249629503e-20,0.9999999996876147,-5.32925436435926e-05,-5.103754703979541e-14,3.378127456960106e-23,5.329254367657314e-05
3.549999999999995,0.0001892227907362386,0.003132125701959507,-8.780449171620147e-20,0.9999999996933767,-5.32925436435926e-05,-5.00980596422635e-14,2.751865775622619e-23,5.329254367657314e-05
3.599999999999995,0.0001918874179191846,0.003132125701959507,-9.700498541404528e-20,0.9999999996989873,-5.32925436435926e-05,-4.918330766074818e-14,2.117314177819099e-23,5.329254367657314e-05
3.649999999999995,0.0001945520451021455,0.003132125701959507,-1.077767234774876e-19,0.9999999997044512,-5.32925436435926e-05,-4.829246032392951e-14,1.476180689489694e-23,5.329254367657314e-05
3.699999999999995,0.0001972166722851249,0.003132125701959507,-1.383552531296929e-19,0.9999999997097733,-5.32925436435926e-05,-4.742470633134146e-14,8.302902784073351e-24,5.329254367657314e-05
3.749999999999995,0.0001998812994681138,0.003132125701959507,-2.415028686077004e-19,0.9999999997149587,-5.32925436435926e-05,-4.657928154479766e-14,1.817503952510008e-24,5.329254367657314e-05
3.799999999999994,0.0002025459266511234,0.003132125701959507,-3.857977175914806e-19,0.9999999997200114,-5.32925436435926e-05,-4.575544542298966e-14,-4.668300506227772e-24,5.329254367657314e-05
3.849999999999994,0.0002052105538341473,0.003132125701959507,-5.291923968750446e-19,0.9999999997249361,-5.32925436435926e-05,-4.495248978122119e-14,-1.112030500122549e-23,5.329254367657314e-05
3.899999999999994,0.0002078751810171852,0.003132125701959507,-6.726338207375384e-19,0.9999999997297372,-5.32925436435926e-05,-4.4169736580851e-14,-1.749186468599805e-23,5.329254367657314e-05
3.949999999999994,0.0002105398082002398,0.003132125701959507,-8.170134106541208e-19,0.9999999997344181,-5.32925436435926e-05,-4.340653219736298e-14,-2.371775677564761e-23,5.329254367657314e-05
3.999999999999994,0.0002132044353833095,0.003132125701959507,-9.56863406085851e-19,0.999999999738983,-5.32925436435926e-05,-4.266225003514217e-14,-2.970545779451929e-23,5.329254367657314e-05
4.049999999999994,0.0002158690625663952,0.003132125701959507,-1.089830939544967e-18,0.9999999997434356,-5.32925436435926e-05,-4.193629065174995e-14,-3.532285801192013e-23,5.329254367657314e-05
4.099999999999993,0.0002185336897494988,0.003132125701959507,-1.212556824665451e-18,0.9999999997477792,-5.32925436435926e-05,-4.122807473831461e-14,-4.038092134904938e-23,5.329254367657314e-05
4.149999999999993,0.0002211983169326069,0.003132125701959507,-1.320245080625613e-18,0.9999999997520176,-5.32925436435926e-05,-4.053704153710091e-14,-4.460941545000862e-23,5.329254367657314e-05
4.199999999999993,0.0002238629441157358,0.003132125701959507,-1.406062689077605e-18,0.9999999997561538,-5.32925436435926e-05,-3.986266380015939e-14,-4.762308429809797e-23,5.329254367657314e-05
4.249999999999993,0.0002265275712988815,0.003132125701959507,-1.466102942211914e-18,0.9999999997601908,-5.32925436435926e-05,-3.920442213666823e-14,-4.887468918891469e-23,5.329254367657314e-05
4.299999999999993,0.000229192198482047,0.003132125701959507,-1.482047938295807e-18,0.9999999997641322,-5.32925436435926e-05,-3.856182483084441e-14,-4.759026692679305e-23,5.329254367657314e-05
4.349999999999993,0.0002318568256652131,0.003132125701959507,-1.433440605284515e-18,0.9999999997679805,-5.32925436435926e-05,-3.793439191172782e-14,-4.268027587963164e-23,5.329254367657314e-05
4.399999999999992,0.0002345214528484048,0.003132125701959507,-1.293208111307369e-18,0.9999999997717385,-5.32925436435926e-05,-3.732166814045022e-14,-3.261824514840048e-23,5.329254367657314e-05
4.449999999999992,0.0002371860800316003,0.003132125701959507,-1.023596448467802e-18,0.999999999775409,-5.32925436435926e-05,-3.672320901968314e-14,-1.527596486576856e-23,5.329254367657314e-05
4.499999999999992,0.0002398507072148236,0.003132125701959507,-5.722077776717158e-19,0.9999999997789946,-5.32925436435926e-05,-3.613859549963455e-14,1.229928951090331e-23,5.329254367657314e-05
4.549999999999992,0.000242515334398045,0.003132125701959507,1.333328388931646e-19,0.9999999997824979,-5.32925436435926e-05,-3.556740747014725e-14,5.418441507671003e-23,5.329254367657314e-05
4.599999999999992,0.0002451799615812906,0.003132125701959507,1.192519554092258e-18,0.9999999997859211,-5.32925436435926e-05,-3.500925770719283e-14,1.159815583479301e-22,5.329254367657314e-05
4.649999999999991,0.0002478445887645424,0.003132125701959507,2.741487679480612e-18,0.999999999789267,-5.32925436435926e-05,-3.44637609290214e-14,2.053525232688053e-22,5.329254367657314e-05
4.699999999999991,0.0002505092159478145,0.003132125701959507,3.954138857063946e-18,0.9999999997925373,-5.32925436435926e-05,-3.393055165134743e-14,3.327274195155231e-22,5.329254367657314e-05
4.749999999999991,0.0002531738431310936,0.003132125701959507,5.633334004590611e-18,0.9999999997957346,-5.32925436435926e-05,-3.34092755864584e-14,5.122402189008497e-22,5.329254367657314e-05
4.799999999999991,0.0002558384703143785,0.003132125701959507,7.959953633275843e-18,0.9999999997988605,-5.32925436435926e-05,-3.289959155119994e-14,7.629583404365576e-22,5.329254367657314e-05
4.849999999999991,0.0002585030974976861,0.003132125701959507,1.117327955613474e-17,0.9999999998019177,-5.32925436435926e-05,-3.240116829787086e-14,1.110491683608853e-21,5.329254367657314e-05
4.899999999999991,0.0002611677246810016,0.003132125701959507,1.558923308082267e-17,0.9999999998049075,-5.32925436435926e-05,-3.191368642760492e-14,1.589089186927926e-21,5.329254367657314e-05
4.94999999999999,0.0002638323518643265,0.003132125701959507,2.163101432862802e-17,0.9999999998078322,-5.32925436435926e-05,-3.143683792547984e-14,2.244359293709107e-21,5.329254367657314e-05
4.99999999999999,0.0002664969790476657,0.003132125701959507,2.986121365374357e-17,0.9999999998106934,-5.32925436435926e-05,-3.097032954342057e-14,3.136785457021772e-21,5.329254367657314e-05
5.04999999999999,0.0002691616062310114,0.003132125701959507,4.102558518179041e-17,0.9999999998134932,-5.32925436435926e-05,-3.051387072991076e-14,4.34625083253034e-21,5.329254367657314e-05
5.09999999999999,0.0002718262334143738,0.003132125701959507,5.610483609771692e-17,0.9999999998162328,-5.32925436435926e-05,-3.006718377093796e-14,5.977838838532874e-21,5.329254367657314e-05
5.14999999999999,0.000274490860597745,0.003132125701959507,7.639019919343037e-17,0.9999999998189143,-5.329254364359259e-05,-2.963000265467008e-14,8.169240709424584e-21,5.329254367657314e-05
5.19999999999999,0.0002771554877811534,0.003132125701959507,1.035704727338095e-16,0.9999999998215247,-5.329254364359259e-05,-2.920393225907927e-14,1.109978195059597e-20,5.329254367657314e-05
5.249999999999989,0.000279820114964577,0.003132125701959507,1.398481185799697e-16,0.9999999998240943,-5.329254364359259e-05,-2.878497533380204e-14,1.500369165852645e-20,5.329254367657314e-05
5.299999999999989,0.000282484742148009,0.003132125701959507,1.880830143245952e-16,0.9999999998266105,-5.329254364359259e-05,-2.837475385356419e-14,2.018368253445841e-20,5.329254367657314e-05
5.349999999999989,0.0002851493693314523,0.003132125701959507,2.519764718945959e-16,0.9999999998290744,-5.329254364359258e-05,-2.797304836108578e-14,2.70305147989675e-20,5.329254367657314e-05
5.399999999999989,0.0002878139965149024,0.003132125701959507,3.363016182550975e-16,0.9999999998314875,-5.329254364359256e-05,-2.757963790711369e-14,3.604680011690171e-20,5.329254367657314e-05
5.449999999999989,0.0002904786236983649,0.003132125701959507,4.471921618578336e-16,0.9999999998338509,-5.329254364359255e-05,-2.719429914415625e-14,4.787673473477304e-20,5.329254367657314e-05
5.499999999999988,0.0002931432508818387,0.003132125701959507,5.925030823247988e-16,0.9999999998361664,-5.329254364359254e-05,-2.681682091457384e-14,6.334312678809222e-20,5.329254367657314e-05
5.549999999999988,0.0002958078780653146,0.003132125701959507,7.822596528531486e-16,0.9999999998384347,-5.329254364359252e-05,-2.644700005159298e-14,8.349335655280097e-20,5.329254367657314e-05
5.599999999999988,0.0002984725052487973,0.003132125701959507,1.029214601535984e-15,0.9999999998406573,-5.32925436435925e-05,-2.608463601820638e-14,1.096562369924066e-19,5.329254367657314e-05
5.649999999999988,0.0003011371324322959,0.003132125701959507,1.349537239894903e-15,0.9999999998428355,-5.329254364359245e-05,-2.572953315055171e-14,1.435121328019904e-19,5.329254367657314e-05
5.699999999999988,0.0003038017596158002,0.003132125701959507,1.763663135235633e-15,0.99999999984497,-5.329254364359241e-05,-2.538150851696765e-14,1.871791564107554e-19,5.329254367657314e-05
5.749999999999988,0.0003064663867993052,0.003132125701959507,2.297338492732118e-15,0.9999999998470624,-5.329254364359236e-05,-2.504037851789446e-14,2.433187990238238e-19,5.329254367657314e-05
5.799999999999987,0.0003091310139828243,0.003132125701959507,2.982899972791766e-15,0.9999999998491137,-5.329254364359229e-05,-2.470597051246057e-14,3.152649855077302e-19,5.329254367657314e-05
5.849999999999987,0.0003117956411663427,0.003132125701959507,3.860838345106011e-15,0.9999999998511246,-5.32925436435922e-05,-2.437811050654693e-14,4.07181277011976e-19,5.329254367657314e-05
5.899999999999987,0.0003144602683498666,0.003132125701959507,4.981703336904714e-15,0.9999999998530965,-5.329254364359208e-05,-2.405663720478536e-14,5.242517996740613e-19,5.329254367657314e-05
5.949999999999987,0.0003171248955334016,0.003132125701959507,6.408417450901353e-15,0.9999999998550301,-5.329254364359193e-05,-2.374138947459515e-14,6.729124660259956e-19,5.329254367657314e-05
5.999999999999987,0.0003197895227169393,0.003132125701959507,8.219078620335871e-15,0.9999999998569267,-5.329254364359174e-05,-2.343221274433729e-14,8.611302034947618e-19,5.329254367657314e-05
6.049999999999986,0.0003224541499004864,0.003132125701959507,1.051034554878159e-14,0.9999999998587867,-5.329254364359151e-05,-2.31289575239147e-14,1.098739216895274e-18,5.329254367657314e-05
6.099999999999986,0.0003251187770840214,0.003132125701959507,1.340151576171486e-14,0.9999999998606115,-5.329254364359121e-05,-2.283147489098926e-14,1.397844871719517e-18,5.329254367657314e-05
6.149999999999986,0.0003277834042675673,0.003132125701959507,1.703942471973223e-14,0.9999999998624016,-5.329254364359083e-05,-2.253962538092967e-14,1.773307263642785e-18,5.329254367657314e-05
6.199999999999986,0.0003304480314511225,0.003132125701959507,2.160431630438237e-14,0.999999999864158,-5.329254364359036e-05,-2.225327421299543e-14,2.243319187420303e-18,5.329254367657314e-05
6.249999999999986,0.0003331126586346686,0.003132125701959507,2.731685845301421e-14,0.9999999998658818,-5.329254364358977e-05,-2.197228433942059e-14,2.830094561378479e-18,5.329254367657314e-05
6.299999999999986,0.0003357772858182289,0.003132125701959507,3.444650633754589e-14,0.999999999867573,-5.329254364358905e-05,-2.169652937116729e-14,3.560686652295916e-18,5.329254367657314e-05
6.349999999999985,0.0003384419130017899,0.003132125701959507,4.332144686917633e-14,0.9999999998692333,-5.329254364358814e-05,-2.142587991279467e-14,4.467958066360324e-18,5.329254367657314e-05
6.399999999999985,0.0003411065401853565,0.003132125701959507,5.434039442602512e-14,0.9999999998708627,-5.329254364358701e-05,-2.116021690102893e-14,5.591727824591385e-18,5.329254367657314e-05
6.449999999999985,0.0003437711673689208,0.003132125701959507,6.798654855886828e-14,0.9999999998724625,-5.329254364358562e-05,-2.089942503758034e-14,6.980124567591279e-18,5.329254367657314e-05
6.499999999999985,0.000346435794552487,0.003132125701959507,8.484407062947656e-14,0.9999999998740329,-5.329254364358392e-05,-2.064338415305621e-14,8.691179130950736e-18,5.329254367657314e-05
6.549999999999985,0.0003491004217360616,0.003132125701959507,1.056174884525361e-13,0.9999999998755749,-5.329254364358181e-05,-2.039198416375816e-14,1.079469444658357e-17,5.329254367657314e-05
6.599999999999985,0.0003517650489196357,0.003132125701959507,1.311544966683741e-13,0.9999999998770894,-5.329254364357923e-05,-2.014511777942599e-14,1.33744360088739e-17,5.329254367657314e-05
6.649999999999984,0.0003544296761032029,0.003132125701959507,1.624726864392889e-13,0.9999999998785764,-5.329254364357608e-05,-1.990267586791509e-14,1.653069205229901e-17,5.329254367657314e-05
6.699999999999984,0.0003570943032867803,0.003132125701959507,2.007908118581572e-13,0.999999999880037,-5.329254364357222e-05,-1.966456131611305e-14,2.038325917831839e-17,5.329254367657314e-05
6.749999999999984,0.0003597589304703718,0.003132125701959507,2.475652829575416e-13,0.9999999998814716,-5.329254364356753e-05,-1.943067253362735e-14,2.507491650697857e-17,5.329254367657314e-05
6.799999999999984,0.0003624235576539457,0.003132125701959507,3.045326672352849e-13,0.999999999882881,-5.329254364356183e-05,-1.920090827475831e-14,3.077545957839406e-17,5.329254367657314e-05
6.849999999999984,0.0003650881848375221,0.003132125701959507,3.737590840525694e-13,0.9999999998842656,-5.329254364355492e-05,-1.897518021491848e-14,3.768637426359347e-17,5.329254367657314e-05
6.899999999999983,0.0003677528120210917,0.003132125701959507,4.57697490043567e-13,0.9999999998856264,-5.329254364354655e-05,-1.875339423511667e-14,4.604624093170742e-17,5.329254367657314e-05
6.949999999999983,0.0003704174392046755,0.003132125701959507,5.592539798126698e-13,0.999999999886963,-5.329254364353647e-05,-1.853546140503385e-14,5.613697015523423e-17,5.329254367657314e-05
6.999999999999983,0.0003730820663882475,0.003132125701959507,6.818643657100317e-13,0.9999999998882769,-5.329254364352431e-05,-1.832129481603477e-14,6.829098337034209e-17,5.329254367657314e-05
7.049999999999983,0.0003757466935718188,0.003132125701959507,8.295824545154444e-13,0.9999999998895679,-5.32925436435097e-05,-1.811081128282873e-14,8.289946526662542e-17,5.329254367657314e-05
7.099999999999983,0.00037841132075539,0.003132125701959507,1.007181608566235e-12,0.9999999998908371,-5.329254364349218e-05,-1.79039291847812e-14,1.004218293220984e-16,5.329254367657314e-05
7.149999999999983,0.0003810759479389462,0.003132125701959507,1.220271366440451e-12,0.9999999998920232,-5.329254364347121e-05,-1.771017385779966e-14,1.213965702979852e-16,5.329254367657314e-05
7.199999999999982,0.000383740575122499,0.003132125701959507,1.475431097710981e-12,0.9999999998932496,-5.329254364344615e-05,-1.751024796171823e-14,1.464535951001946e-16,5.329254367657314e-05
7.249999999999982,0.000386405202306063,0.003132125701959507,1.780362902676387e-12,0.9999999998944568,-5.329254364341627e-05,-1.731353651380018e-14,1.763283963612536e-16,5.329254367657314e-05
7.299999999999982,0.0003890698294896178,0.003132125701959507,2.144066200834401e-12,0.9999999998956433,-5.329254364338072e-05,-1.712012134929518e-14,2.118781110029033e-16,5.329254367657314e-05
7.349999999999982,0.0003917344566767808,0.003132125701959507,2.577036923307692e-12,0.9999999998970337,-5.329254364333851e-05,-1.690493349746582e-14,2.540997068592084e-16,5.329254367657314e-05
7.399999999999982,0.0003943990838639807,0.003132125701959507,3.091493354171661e-12,0.9999999998981818,-5.329254364328845e-05,-1.671767777436163e-14,3.041509726886477e-16,5.329254367657314e-05
7.449999999999982,0.0003970637110512005,0.003132125701959507,3.701633789020141e-12,0.9999999998993059,-5.329254364322923e-05,-1.653418128482877e-14,3.633736816415366e-16,5.329254367657314e-05
7.499999999999981,0.0003997283382384287,0.003132125701959507,4.423927963175143e-12,0.9999999999004111,-5.329254364315928e-05,-1.635371912951673e-14,4.333202294080116e-16,5.329254367657314e-05
7.549999999999981,0.000402392965425711,0.003132125701959507,5.277447033380099e-12,0.9999999999014981,-5.329254364307681e-05,-1.617620266303008e-14,5.157835642406662e-16,5.329254367657314e-05
7.599999999999981,0.0004050575926130078,0.003132125701959507,6.284236473927645e-12,0.9999999999025675,-5.329254364297977e-05,-1.600157070561841e-14,6.128309073687231e-16,5.329254367657314e-05
7.649999999999981,0.0004077222198003373,0.003132125701959507,7.469736750809651e-12,0.9999999999036199,-5.329254364286576e-05,-1.58297602430321e-14,7.268416790458648e-16,5.329254367657314e-05
7.699999999999981,0.0004103868469876971,0.003132125701959507,8.863257121848512e-12,0.999999999904655,-5.329254364273206e-05,-1.566071164131383e-14,8.605500857783159e-16,5.329254367657314e-05
7.74999999999998,0.0004130514741750808,0.003132125701959507,1.049850841797552e-11,0.9999999999056739,-5.329254364257551e-05,-1.549436799630538e-14,1.017092865421449e-15,5.329254367657314e-05
7.79999999999998,0.000415716101362477,0.003132125701959507,1.241420120376684e-11,0.9999999999066764,-5.329254364239254e-05,-1.533067394804784e-14,1.200062730697196e-15,5.329254367657314e-05
7.84999999999998,0.0004183807285499748,0.003132125701959507,1.465471630130623e-11,0.9999999999076902,-5.329254364217903e-05,-1.516714837919957e-14,1.413568090186862e-15,5.329254367657314e-05
7.89999999999998,0.000421045355737494,0.003132125701959507,1.727085526009506e-11,0.9999999999086612,-5.329254364193031e-05,-1.500860269114644e-14,1.662299730821404e-15,5.329254367657314e-05
7.94999999999998,0.0004237099829250153,0.003132125701959507,2.032067908758568e-11,0.9999999999096167,-5.3292543641641e-05,-1.485256232011449e-14,1.951605048068857e-15,5.329254367657314e-05
7.99999999999998,0.0004263746101125518,0.003132125701959507,2.387044417220651e-11,0.9999999999105575,-5.329254364130503e-05,-1.469896139395713e-14,2.287570686480952e-15,5.329254367657314e-05
8.049999999999979,0.0004290392373000813,0.003132125701959507,2.799564516611044e-11,0.9999999999114837,-5.329254364091549e-05,-1.454774332569847e-14,2.677114336101099e-15,5.329254367657314e-05
8.09999999999998,0.0004317038644875823,0.003132125701959507,3.278217536676916e-11,0.9999999999123954,-5.329254364046452e-05,-1.439885726477788e-14,3.128086565566312e-15,5.329254367657314e-05
8.149999999999981,0.0004343684916750828,0.003132125701959507,3.832761599994051e-11,0.9999999999132934,-5.329254363994322e-05,-1.425226639206833e-14,3.649383630158477e-15,5.329254367657314e-05
8.199999999999982,0.000437033118862573,0.003132125701959507,4.474266671719767e-11,0.9999999999141774,-5.329254363934153e-05,-1.410792028534921e-14,4.251072264740112e-15,5.329254367657314e-05
8.249999999999982,0.00043969774605004,0.003132125701959507,5.215273058194481e-11,0.9999999999150481,-5.329254363864808e-05,-1.396577237320488e-14,4.944527543222106e-15,5.329254367657314e-05
8.299999999999983,0.0004423623732374865,0.003132125701959507,6.069966783826902e-11,0.9999999999159055,-5.329254363785002e-05,-1.382577862472316e-14,5.742584966708211e-15,5.329254367657314e-05
8.349999999999984,0.0004450270004248917,0.003132125701959507,7.054373383172998e-11,0.9999999999167501,-5.329254363693289e-05,-1.368789825577779e-14,6.659708024069901e-15,5.329254367657314e-05
8.399999999999984,0.0004476916276122612,0.003132125701959507,8.186571758571495e-11,0.9999999999175817,-5.329254363588043e-05,-1.355208424403537e-14,7.712172555474052e-15,5.329254367657314e-05
8.449999999999985,0.000450356254799586,0.003132125701959507,9.486929873135595e-11,0.9999999999184016,-5.329254363467434e-05,-1.341830145360059e-14,8.91826934003168e-15,5.329254367657314e-05
8.499999999999986,0.0004530208819868548,0.003132125701959507,1.097836417448743e-10,0.9999999999192087,-5.329254363329408e-05,-1.328650834563781e-14,1.029852642357202e-14,5.329254367657314e-05
8.549999999999986,0.0004556855091740477,0.003132125701959507,1.268662477648002e-10,0.999999999920004,-5.329254363171665e-05,-1.315666625259804e-14,1.187595280157715e-14,5.329254367657314e-05
8.599999999999987,0.0004583501363611512,0.003132125701959507,1.464060856439813e-10,0.9999999999207878,-5.32925436299163e-05,-1.302873349919619e-14,1.367630517558648e-14,5.329254367657314e-05
8.649999999999988,0.0004610147635481605,0.003132125701959507,1.687270253386649e-10,0.99999999992156,-5.329254362786423e-05,-1.290267813033118e-14,1.572837960890797e-14,5.329254367657314e-05
8.699999999999989,0.000463679390735079,0.003132125701959507,1.941915982501433e-10,0.9999999999223208,-5.329254362552827e-05,-1.277846105075016e-14,1.806433001927893e-14,5.329254367657314e-05
8.749999999999989,0.0004663440179218603,0.003132125701959507,2.232051107142395e-10,0.9999999999230706,-5.329254362287259e-05,-1.265604532583701e-14,2.072001556219204e-14,5.329254367657314e-05
8.79999999999999,0.0004690086451084862,0.003132125701959507,2.562201384809096e-10,0.9999999999238099,-5.329254361985723e-05,-1.25353988661852e-14,2.373537907891171e-14,5.329254367657314e-05
8.849999999999991,0.0004716732722949314,0.003132125701959507,2.937414317409123e-10,0.9999999999245385,-5.329254361643774e-05,-1.241647664951192e-14,2.715485890788895e-14,5.329254367657314e-05
8.899999999999991,0.000474337899481192,0.003132125701959507,3.363312620395513e-10,0.9999999999252565,-5.329254361256477e-05,-1.229926703830769e-14,3.10278364865107e-14,5.329254367657314e-05
8.949999999999992,0.0004770025266672353,0.003132125701959507,3.846152442672325e-10,0.9999999999259643,-5.329254360818348e-05,-1.218372809783244e-14,3.540912230420682e-14,5.329254367657314e-05
8.999999999999993,0.0004796671538530153,0.003132125701959507,4.392886688371191e-10,0.9999999999266622,-5.329254360323312e-05,-1.206982677862393e-14,4.035948290326458e-14,5.329254367657314e-05
9.049999999999994,0.0004823317810385365,0.003132125701959507,5.011233811455705e-10,0.9999999999273501,-5.329254359764639e-05,-1.195753399303647e-14,4.594621176590357e-14,5.329254367657314e-05
9.099999999999994,0.0004849964082237372,0.003132125701959507,5.70975247465832e-10,0.9999999999280287,-5.329254359134886e-05,-1.184681832562489e-14,5.224374707042635e-14,5.329254367657314e-05
9.149999999999995,0.0004876610354085925,0.003132125701959507,6.497922485463341e-10,0.9999999999286975,-5.329254358425826e-05,-1.173764983253414e-14,5.933433944795699e-14,5.329254367657314e-05
9.199999999999996,0.000490325662593033,0.003132125701959507,7.386232443718793e-10,0.9999999999293571,-5.329254357628384e-05,-1.16300007471454e-14,6.730877302351854e-14,5.329254367657314e-05
9.249999999999996,0.0004929902897770257,0.003132125701959507,8.386274557978444e-10,0.9999999999300075,-5.329254356732546e-05,-1.152384149073062e-14,7.62671431809001e-14,5.329254367657314e-05
9.299999999999997,0.0004956549169605295,0.003132125701959507,9.510847110830612e-10,0.9999999999306488,-5.329254355727291e-05,-1.141914768607252e-14,8.631969464992268e-14,5.329254367657314e-05
9.349999999999998,0.0004983195441434462,0.003132125701959507,1.077406507724616e-09,0.9999999999312817,-5.329254354600488e-05,-1.131588773198956e-14,9.758772367683525e-14,5.329254367657314e-05
9.399999999999999,0.0005009841713257396,0.003132125701959507,1.219147942435957e-09,0.9999999999319058,-5.329254353338806e-05,-1.121403982163942e-14,1.102045482038852e-13,5.329254367657314e-05
9.449999999999999,0.0005036487985073237,0.003132125701959507,1.378020564606253e-09,0.9999999999325215,-5.329254351927605e-05,-1.111357605966127e-14,1.24316550152056e-13,5.329254367657314e-05
9.5,0.0005063134256880829,0.003132125701959507,1.555906211129842e-09,0.9999999999331288,-5.329254350350831e-05,-1.101443749257496e-14,1.400842940711717e-13,5.329254367657314e-05
9.550000000000001,0.0005089780528679755,0.003132125701959507,1.75487188311427e-09,0.999999999933728,-5.329254348590888e-05,-1.091666851550661e-14,1.57683726596544e-13,5.329254367657314e-05
9.600000000000001,0.0005116426800468778,0.003132125701959507,1.977185727599047e-09,0.9999999999343189,-5.329254346628514e-05,-1.082021004304415e-14,1.773074613207164e-13,5.329254367657314e-05
9.650000000000002,0.00051430730722468,0.003132125701959507,2.225334190173552e-09,0.9999999999349023,-5.329254344442645e-05,-1.072503877492663e-14,1.991661538731225e-13,5.329254367657314e-05
9.700000000000003,0.0005169719344012507,0.003132125701959507,2.502040407093258e-09,0.9999999999354777,-5.329254342010264e-05,-1.063113378614578e-14,2.234899721731641e-13,5.329254367657314e-05
9.750000000000004,0.0005196365615764701,0.003132125701959507,2.81028390830539e-09,0.9999999999360456,-5.329254339306244e-05,-1.053847000479467e-14,2.505301670035076e-13,5.329254367657314e-05
9.800000000000004,0.0005223011887501854,0.003132125701959507,3.153321705623984e-09,0.9999999999366062,-5.329254336303185e-05,-1.044702538684248e-14,2.805607482307546e-13,5.329254367657314e-05
9.850000000000005,0.0005249658159222261,0.003132125701959507,3.534710843160816e-09,0.9999999999371592,-5.329254332971233e-05,-1.035677890141622e-14,3.138802721814919e-13,5.329254367657314e-05
9.900000000000006,0.0005276304430924018,0.003132125701959507,3.958332490016042e-09,0.9999999999377052,-5.329254329277886e-05,-1.026771142364989e-14,3.508137458629581e-13,5.329254367657314e-05
9.950000000000006,0.0005302950702605328,0.003132125701959507,4.428417658155922e-09,0.9999999999382436,-5.329254325187795e-05,-1.017979889366292e-14,3.917146538986986e-13,5.329254367657314e-05
10.00000000000001,0.0005329596974263803,0.003132125701959507,4.949574631350665e-09,0.9999999999387756,-5.329254320662549e-05,-1.009302110391814e-14,4.369671142303029e-13,5.329254367657314e-05
10.05000000000001,0.0005356243245897264,0.003132125701959507,5.526818194008081e-09,0.9999999999393006,-5.329254315660443e-05,-1.000736211840493e-14,4.869881688161605e-13,5.329254367657314e-05
10.10000000000001,0.0005382889517503024,0.003132125701959507,6.165600751714066e-09,0.9999999999398189,-5.329254310136238e-05,-9.922799638521597e-15,5.422302157370662e-13,5.329254367657314e-05
10.15000000000001,0.0005409535789078338,0.003132125701959507,6.871845440391506e-09,0.9999999999402659,-5.329254304040902e-05,-9.842280578087311e-15,6.03183589469515e-13,5.329254367657314e-05
10.20000000000001,0.000543618206061998,0.003132125701959507,7.651981310547091e-09,0.9999999999407698,-5.329254297321331e-05,-9.759953131475824e-15,6.703792951659931e-13,5.329254367657314e-05
10.25000000000001,0.000546282833212462,0.003132125701959507,8.512980711802528e-09,0.9999999999412695,-5.32925428992007e-05,-9.67853666396664e-15,7.443919058052189e-13,5.329254367657314e-05
10.30000000000001,0.000548947460358831,0.003132125701959507,9.462398954599332e-09,0.9999999999417628,-5.329254281774997e-05,-9.598139346288116e-15,8.258426273831378e-13,5.329254367657314e-05
10.35000000000001,0.000551612087500707,0.003132125701959507,1.05084163709117e-08,0.9999999999422501,-5.329254272819006e-05,-9.518750980364575e-15,9.154025402654617e-13,5.329254367657314e-05
10.40000000000001,0.000554276714637667,0.003132125701959507,1.165988287996092e-08,0.9999999999427314,-5.329254262979658e-05,-9.440349039253838e-15,1.013796024093658e-12,5.329254367657314e-05
10.45000000000001,0.0005569413417692067,0.003132125701959507,1.292636517155072e-08,0.9999999999432062,-5.329254252178823e-05,-9.362920842880999e-15,1.121804373800523e-12,5.329254367657314e-05
10.50000000000001,0.0005596059688947963,0.003132125701959507,1.431819662243837e-08,0.9999999999436756,-5.329254240332299e-05,-9.28644890533348e-15,1.240269614474075e-12,5.329254367657314e-05
10.55000000000001,0.0005622705960138931,0.003132125701959507,1.584653006400848e-08,0.999999999944139,-5.329254227349408e-05,-9.210921005927686e-15,1.370098522968235e-12,5.329254367657314e-05
10.60000000000002,0.0005649352231258598,0.003132125701959507,1.75233935223086e-08,0.9999999999445969,-5.329254213132574e-05,-9.136316090061116e-15,1.512266864305675e-12,5.329254367657314e-05
10.65000000000002,0.0005675998502300414,0.003132125701959507,1.936174905424792e-08,0.9999999999450491,-5.329254197576875e-05,-9.06262184215329e-15,1.667823851057615e-12,5.329254367657314e-05
10.70000000000002,0.0005702644773257007,0.003132125701959507,2.137555480644625e-08,0.9999999999454959,-5.329254180569577e-05,-8.989818405915489e-15,1.837896834018251e-12,5.329254367657314e-05
10.75000000000002,0.0005729291044120608,0.003132125701959507,2.357983042584233e-08,0.9999999999459374,-5.329254161989637e-05,-8.917895526226041e-15,2.023696232618043e-12,5.329254367657314e-05
10.80000000000002,0.0005755937314882558,0.003132125701959507,2.599072595372219e-08,0.9999999999463733,-5.329254141707189e-05,-8.846842537483706e-15,2.22652071363971e-12,5.329254367657314e-05
10.85000000000002,0.0005782583585533839,0.003132125701959507,2.862559433730277e-08,0.9999999999468041,-5.329254119582998e-05,-8.776637791162709e-15,2.447762626913214e-12,5.329254367657314e-05
10.90000000000002,0.0005809229856064409,0.003132125701959507,3.150306769539665e-08,0.9999999999472301,-5.32925409546789e-05,-8.707270468470376e-15,2.688913706770669e-12,5.329254367657314e-05
10.95000000000002,0.0005835876126463349,0.003132125701959507,3.464313747698399e-08,0.9999999999476505,-5.329254069202156e-05,-8.638725211138341e-15,2.951571048138766e-12,5.329254367657314e-05
11.00000000000002,0.0005862522396719182,0.003132125701959507,3.80672386537213e-08,0.9999999999480662,-5.329254040614924e-05,-8.570991119967497e-15,3.237443366234368e-12,5.329254367657314e-05
11.05000000000002,0.0005889168666819568,0.003132125701959507,4.17983380895169e-08,0.9999999999484771,-5.329254009523506e-05,-8.504054077049757e-15,3.54835754890822e-12,5.329254367657314e-05
11.10000000000002,0.0005915814936750719,0.003132125701959507,4.586102723229335e-08,0.9999999999488832,-5.329253975732709e-05,-8.437901440699416e-15,3.886265510751764e-12,5.329254367657314e-05
11.15000000000002,0.0005942461206498189,0.003132125701959507,5.028161927493135e-08,0.9999999999492842,-5.329253939034125e-05,-8.372521115596975e-15,4.253251358142381e-12,5.329254367657314e-05
11.20000000000002,0.000596910747604638,0.003132125701959507,5.508825093414182e-08,0.999999999949681,-5.329253899205373e-05,-8.307898392862146e-15,4.65153887445311e-12,5.329254367657314e-05
11.25000000000002,0.0005995753745378366,0.003132125701959507,6.031098899763587e-08,0.999999999950073,-5.329253856009327e-05,-8.244024297289811e-15,5.083499334692801e-12,5.329254367657314e-05
11.30000000000003,0.0006022400014476126,0.003132125701959507,6.598194179145211e-08,0.9999999999504604,-5.329253809193295e-05,-8.180882714223683e-15,5.551659658872833e-12,5.329254367657314e-05
11.35000000000003,0.0006049046283320134,0.003132125701959507,7.213537572064826e-08,0.9999999999508437,-5.329253758488169e-05,-8.118469537736807e-15,6.05871091341485e-12,5.329254367657314e-05
11.40000000000003,0.0006075692551889683,0.003132125701959507,7.88078370377666e-08,0.9999999999512225,-5.329253703607543e-05,-8.056764985913413e-15,6.607517169922013e-12,5.329254367657314e-05
11.45000000000003,0.0006102338820162152,0.003132125701959507,8.603827899453326e-08,0.9999999999515968,-5.329253644246788e-05,-7.995762085855386e-15,7.201124730632238e-12,5.329254367657314e-05
11.50000000000003,0.0006128985088113709,0.003132125701959507,9.386819453314394e-08,0.9999999999519669,-5.329253580082088e-05,-7.935450399076185e-15,7.842771729856657e-12,5.329254367657314e-05
11.55000000000003,0.0006155631355718305,0.003132125701959507,1.023417546742193e-07,0.9999999999523329,-5.329253510769448e-05,-7.875816764228931e-15,8.535898120679025e-12,5.329254367657314e-05
11.60000000000003,0.0006182277622948765,0.003132125701959507,1.115059527590757e-07,0.9999999999526947,-5.329253435943655e-05,-7.816852444298301e-15,9.284156056152438e-12,5.329254367657314e-05
11.65000000000003,0.0006208923889775433,0.003132125701959507,1.214107547043482e-07,0.9999999999530526,-5.329253355217193e-05,-7.758545715640022e-15,1.009142067417778e-11,5.329254367657314e-05
11.70000000000003,0.0006235570156166637,0.003132125701959507,1.321092554272133e-07,0.9999999999534067,-5.329253268179131e-05,-7.70088696660575e-15,1.096180129518416e-11,5.329254367657314e-05
11.75000000000003,0.0006262216422088704,0.003132125701959507,1.436578415994948e-07,0.9999999999537564,-5.329253174393956e-05,-7.643868261720598e-15,1.189965304165452e-11,5.329254367657314e-05
11.80000000000003,0.000628886268750579,0.003132125701959507,1.561163608887778e-07,0.9999999999541026,-5.329253073400371e-05,-7.587477784834153e-15,1.290958888844974e-11,5.329254367657314e-05
11.85000000000003,0.0006315508952379079,0.003132125701959507,1.695482978443145e-07,0.9999999999544451,-5.329252964710045e-05,-7.5317068318355e-15,1.399649215278203e-11,5.329254367657314e-05
11.90000000000003,0.0006342155216667719,0.003132125701959507,1.840209565849686e-07,0.9999999999547838,-5.329252847806317e-05,-7.47654250237608e-15,1.516552943257259e-11,5.329254367657314e-05
11.95000000000003,0.0006368801480327728,0.003132125701959507,1.996056504457112e-07,0.9999999999551185,-5.32925272214286e-05,-7.421979735077942e-15,1.642216400179945e-11,5.329254367657314e-05
12.00000000000004,0.0006395447743312718,0.003132125701959507,2.163778987382489e-07,0.9999999999554497,-5.329252587142294e-05,-7.368008479590527e-15,1.777216967129993e-11,5.329254367657314e-05
12.05000000000004,0.0006422094005572604,0.003132125701959507,2.344176307802277e-07,0.9999999999557776,-5.329252442194748e-05,-7.314619524373037e-15,1.922164512333643e-11,5.329254367657314e-05
12.10000000000004,0.0006448740267054663,0.003132125701959507,2.538093973461191e-07,0.9999999999561018,-5.329252286656387e-05,-7.261802444310484e-15,2.077702872806617e-11,5.329254367657314e-05
12.15000000000004,0.000647538652770263,0.003132125701959507,2.746425896913444e-07,0.9999999999564225,-5.329252119847876e-05,-7.209553345975221e-15,2.244511384987391e-11,5.329254367657314e-05
12.20000000000004,0.000650203278745615,0.003132125701959507,2.970116662994388e-07,0.9999999999567398,-5.329251941052795e-05,-7.157857364319443e-15,2.423306465133206e-11,5.329254367657314e-05
12.25000000000004,0.0006528679046251949,0.003132125701959507,3.210163875000904e-07,0.9999999999570537,-5.32925174951602e-05,-7.106710800041459e-15,2.614843240234428e-11,5.329254367657314e-05
12.30000000000004,0.0006555325304022123,0.003132125701959507,3.467620581037101e-07,0.9999999999573644,-5.32925154444203e-05,-7.0561057881549e-15,2.819917230180831e-11,5.329254367657314e-05
12.35000000000004,0.0006581971560694851,0.003132125701959507,3.743597781957952e-07,0.9999999999576716,-5.329251324993178e-05,-7.006032417190471e-15,3.039366081890001e-11,5.329254367657314e-05
12.40000000000004,0.0006608617816193881,0.003132125701959507,4.039267022317532e-07,0.9999999999579759,-5.329251090287905e-05,-6.956484183369352e-15,3.274071356083324e-11,5.329254367657314e-05
12.45000000000004,0.0006635264070438292,0.003132125701959507,4.35586306570022e-07,0.9999999999582772,-5.329250839398893e-05,-6.907449502851326e-15,3.524960367369187e-11,5.329254367657314e-05
12.50000000000004,0.0006661910323342214,0.003132125701959507,4.694686655783051e-07,0.9999999999585748,-5.329250571351182e-05,-6.858926321396841e-15,3.793008078265756e-11,5.329254367657314e-05
12.55000000000004,0.0006688556574814728,0.003132125701959507,5.057107364444861e-07,0.9999999999588696,-5.329250285120213e-05,-6.810904567654294e-15,4.07923904776736e-11,5.329254367657314e-05
12.60000000000004,0.000671520282475971,0.003132125701959507,5.444566528203345e-07,0.9999999999591613,-5.329249979629825e-05,-6.763375439364791e-15,4.384729435028786e-11,5.329254367657314e-05
12.65000000000004,0.0006741849073075074,0.003132125701959507,5.858580274224511e-07,0.9999999999594501,-5.329249653750202e-05,-6.716335971319398e-15,4.710609058711072e-11,5.329254367657314e-05
12.70000000000005,0.0006768495319652878,0.003132125701959507,6.300742637110156e-07,0.9999999999597359,-5.329249306295748e-05,-6.669776531425478e-15,5.058063512500282e-11,5.329254367657314e-05
12.75000000000005,0.000679514156437922,0.003132125701959507,6.772728767628231e-07,0.9999999999600189,-5.329248936022923e-05,-6.623689767397401e-15,5.428336337277762e-11,5.329254367657314e-05
12.80000000000005,0.0006821787807133334,0.003132125701959507,7.276298234507948e-07,0.9999999999602989,-5.32924854162801e-05,-6.578070354653438e-15,5.822731250385995e-11,5.329254367657314e-05
12.85000000000005,0.0006848434047787837,0.003132125701959507,7.813298420376664e-07,0.9999999999605762,-5.329248121744828e-05,-6.532911126395862e-15,6.242614432398901e-11,5.329254367657314e-05
12.90000000000005,0.0006875080286208028,0.003132125701959507,8.385668012868489e-07,0.9999999999608505,-5.329247674942389e-05,-6.488204224913751e-15,6.689416871769113e-11,5.329254367657314e-05
12.95000000000005,0.0006901726522252024,0.003132125701959507,8.995440591885707e-07,0.9999999999611224,-5.329247199722493e-05,-6.443944257165857e-15,7.164636767687234e-11,5.329254367657314e-05
13.00000000000005,0.0006928372755769782,0.003132125701959507,9.644748313943213e-07,0.9999999999613913,-5.329246694517269e-05,-6.400125903001092e-15,7.669841991449793e-11,5.329254367657314e-05
13.05000000000005,0.000695501898660326,0.003132125701959507,1.033582569447333e-06,0.9999999999616577,-5.329246157686654e-05,-6.356741064922635e-15,8.206672606593305e-11,5.329254367657314e-05
13.10000000000005,0.000698166521458557,0.003132125701959507,1.107101348891379e-06,0.9999999999619213,-5.329245587515812e-05,-6.313786251909235e-15,8.776843448011457e-11,5.329254367657314e-05
13.15000000000005,0.0007008311439541103,0.003132125701959507,1.185276267334505e-06,0.9999999999621825,-5.3292449822125e-05,-6.271252569733686e-15,9.382146760231555e-11,5.329254367657314e-05
13.20000000000005,0.0007034957661285109,0.003132125701959507,1.268363852538502e-06,0.9999999999624409,-5.329244339904365e-05,-6.22913724435623e-15,1.00244548949842e-10,5.329254367657314e-05
13.25000000000005,0.00070616038796224,0.003132125701959507,1.356632480598901e-06,0.9999999999626973,-5.329243658636192e-05,-6.187432063062786e-15,1.070572306815756e-10,5.329254367657314e-05
13.30000000000005,0.0007088250094348233,0.003132125701959507,1.450362804274141e-06,0.9999999999629505,-5.329242936367084e-05,-6.146132376418399e-15,1.14279921761842e-10,5.329254367657314e-05
13.35000000000005,0.0007114896305246724,0.003132125701959507,1.54984819151617e-06,0.9999999999632015,-5.329242170967588e-05,-6.105231268386889e-15,1.219339167186395e-10,5.329254367657314e-05
13.40000000000006,0.0007141542512091448,0.003132125701959507,1.655395174248317e-06,0.9999999999634503,-5.329241360216761e-05,-6.064724074609044e-15,1.300414249958191e-10,5.329254367657314e-05
13.45000000000006,0.0007168188714643663,0.003132125701959507,1.767323907429577e-06,0.9999999999636966,-5.329240501799171e-05,-6.024607882233276e-15,1.386256008983487e-10,5.329254367657314e-05
13.50000000000006,0.0007194834912653284,0.003132125701959507,1.885968638437682e-06,0.9999999999639405,-5.329239593301848e-05,-5.984872582812487e-15,1.47710574129336e-10,5.329254367657314e-05
13.55000000000006,0.000722148110585743,0.003132125701959507,2.01167818679641e-06,0.9999999999641823,-5.329238632211169e-05,-5.945517004046339e-15,1.573214809170188e-10,5.329254367657314e-05
13.60000000000006,0.0007248127293979602,0.003132125701959507,2.144816434265512e-06,0.9999999999644215,-5.329237615909688e-05,-5.906535061783494e-15,1.674844957294634e-10,5.329254367657314e-05
13.65000000000006,0.0007274773476730204,0.003132125701959507,2.285762825307235e-06,0.9999999999646582,-5.329236541672902e-05,-5.867957002363522e-15,1.782268635749588e-10,5.329254367657314e-05
13.70000000000006,0.0007301419653805722,0.003132125701959507,2.4349128779182e-06,0.999999999964893,-5.329235406665972e-05,-5.829705347727342e-15,1.895769328811612e-10,5.329254367657314e-05
13.75000000000006,0.0007328065824887273,0.003132125701959507,2.592678704856482e-06,0.9999999999651257,-5.329234207940365e-05,-5.79181087031603e-15,2.015641889568891e-10,5.329254367657314e-05
13.80000000000006,0.0007354711989641209,0.003132125701959507,2.759489545215336e-06,0.9999999999653563,-5.329232942430458e-05,-5.754271397336193e-15,2.142192880249175e-10,5.329254367657314e-05
13.85000000000006,0.0007381358147717379,0.003132125701959507,2.935792306346478e-06,0.9999999999655845,-5.329231606950078e-05,-5.717081633587085e-15,2.275740918244697e-10,5.329254367657314e-05
13.90000000000006,0.0007408004298749477,0.003132125701959507,3.122052116101421e-06,0.9999999999658109,-5.329230198188983e-05,-5.680236281076596e-15,2.41661702777875e-10,5.329254367657314e-05
13.95000000000006,0.0007434650442354334,0.003132125701959507,3.318752885356537e-06,0.9999999999660347,-5.329228712709289e-05,-5.643729334785793e-15,2.565164997157038e-10,5.329254367657314e-05
14.00000000000006,0.0007461296578129941,0.003132125701959507,3.526397880779877e-06,0.9999999999662569,-5.329227146941845e-05,-5.607556945957637e-15,2.721741741542264e-10,5.329254367657314e-05
14.05000000000006,0.000748794270565631,0.003132125701959507,3.74551030778972e-06,0.9999999999664771,-5.329225497182548e-05,-5.571717114293445e-15,2.886717671185724e-10,5.329254367657314e-05
14.10000000000007,0.0007514588824494868,0.003132125701959507,3.976633903646876e-06,0.999999999966695,-5.32922375958861e-05,-5.536203031111745e-15,3.060477065044845e-10,5.329254367657314e-05
14.15000000000007,0.0007541234934186013,0.003132125701959507,4.220333540614655e-06,0.999999999966911,-5.329221930174763e-05,-5.50101299870267e-15,3.243418449710788e-10,5.329254367657314e-05
14.20000000000007,0.0007567881034250183,0.003132125701959507,4.477195839112337e-06,0.999999999967125,-5.329220004809424e-05,-5.466139494596965e-15,3.435954983565299e-10,5.329254367657314e-05
14.25000000000007,0.0007594527124186018,0.003132125701959507,4.747829790779876e-06,0.9999999999673372,-5.329217979210799e-05,-5.43157946720321e-15,3.638514846081288e-10,5.329254367657314e-05
14.30000000000007,0.0007621173203470423,0.003132125701959507,5.032867391363347e-06,0.9999999999675477,-5.329215848942938e-05,-5.397330331798427e-15,3.851541632176606e-10,5.329254367657314e-05
14.35000000000007,0.0007647819271557046,0.003132125701959507,5.3329642833225e-06,0.9999999999677561,-5.329213609411745e-05,-5.363386851505452e-15,4.075494751525927e-10,5.329254367657314e-05
14.40000000000007,0.0007674465327875599,0.003132125701959507,5.648800408053636e-06,0.9999999999679628,-5.329211255860933e-05,-5.329745758967347e-15,4.310849832730693e-10,5.329254367657314e-05
14.45000000000007,0.0007701111371831584,0.003132125701959507,5.981080667612719e-06,0.9999999999681675,-5.329208783367938e-05,-5.296403853427404e-15,4.558099132242478e-10,5.329254367657314e-05
14.50000000000007,0.0007727757402804759,0.003132125701959507,6.330535595815571e-06,0.9999999999683703,-5.329206186839781e-05,-5.26335649336805e-15,4.817751947930483e-10,5.329254367657314e-05
14.55000000000007,0.000775440342014832,0.003132125701959507,6.697922038583717e-06,0.9999999999685713,-5.329203461008888e-05,-5.230597451207837e-15,5.090335037179119e-10,5.329254367657314e-05
14.60000000000007,0.0007781049423189045,0.003132125701959507,7.084023843396381e-06,0.9999999999687709,-5.329200600428866e-05,-5.198127081862156e-15,5.376393039397265e-10,5.329254367657314e-05
14.65000000000007,0.0007807695411224732,0.003132125701959507,7.489652557700937e-06,0.9999999999689684,-5.329197599470232e-05,-5.165940378020167e-15,5.676488902816145e-10,5.329254367657314e-05
14.70000000000007,0.0007834341383524449,0.003132125701959507,7.915648136126095e-06,0.9999999999691644,-5.329194452316105e-05,-5.134032734792364e-15,5.991204315448347e-10,5.329254367657314e-05
14.75000000000007,0.0007860987339327126,0.003132125701959507,8.362879656333994e-06,0.9999999999693585,-5.32919115295786e-05,-5.102403217400548e-15,6.321140140076209e-10,5.329254367657314e-05
14.80000000000008,0.0007887633277840883,0.003132125701959507,8.832246043339471e-06,0.999999999969551,-5.329187695190729e-05,-5.071045914601451e-15,6.666916853133431e-10,5.329254367657314e-05
14.85000000000008,0.0007914279198241389,0.003132125701959507,9.324676802116777e-06,0.9999999999697419,-5.329184072609387e-05,-5.039957995336719e-15,7.029174987339559e-10,5.329254367657314e-05
14.90000000000008,0.0007940925099671801,0.003132125701959507,9.841132758306177e-06,0.9999999999699314,-5.329180278603481e-05,-5.009137947376994e-15,7.408575577942856e-10,5.329254367657314e-05
14.95000000000008,0.0007967570981240703,0.003132125701959507,1.038260680682515e-05,0.9999999999701188,-5.329176306353136e-05,-4.978578131643025e-15,7.805800612423048e-10,5.329254367657314e-05
15.00000000000008,0.000799421684202191,0.003132125701959507,1.095012466818109e-05,0.9999999999703049,-5.329172148824426e-05,-4.948279686144892e-15,8.221553483501353e-10,5.329254367657314e-05
15.05000000000008,0.0008020862681052516,0.003132125701959507,1.154474565227493e-05,0.9999999999704894,-5.329167798764807e-05,-4.918239061479476e-15,8.656559445301518e-10,5.329254367657314e-05
15.10000000000008,0.0008047508497332498,0.003132125701959507,1.21675634294776e-05,0.9999999999706725,-5.329163248698535e-05,-4.888450071144796e-15,9.111566072501558e-10,5.329254367657314e-05
15.15000000000008,0.0008074154289823725,0.003132125701959507,1.281970680875361e-05,0.9999999999708535,-5.329158490922037e-05,-4.858911264615935e-15,9.587343722312474e-10,5.329254367657314e-05
15.20000000000008,0.000810080005744744,0.003132125701959507,1.350234052259925e-05,0.9999999999710335,-5.329153517499269e-05,-4.829621702205712e-15,1.008468599911642e-09,5.329254367657314e-05
15.25000000000008,0.0008127445799084723,0.003132125701959507,1.421666601855517e-05,0.9999999999712117,-5.329148320257044e-05,-4.800575969152415e-15,1.060441022159344e-09,5.329254367657314e-05
15.30000000000008,0.0008154091513574487,0.003132125701959507,1.496392225704649e-05,0.9999999999713888,-5.329142890780339e-05,-4.771773430769191e-15,1.114735789216252e-09,5.329254367657314e-05
15.35000000000008,0.0008180737199712206,0.003132125701959507,1.574538651529647e-05,0.9999999999715642,-5.329137220407574e-05,-4.743204756976988e-15,1.17143951685595e-09,5.329254367657314e-05
15.40000000000008,0.0008207382856248757,0.003132125701959507,1.656237519705317e-05,0.9999999999717379,-5.329131300225887e-05,-4.714876181458918e-15,1.230641333737092e-09,5.329254367657314e-05
15.45000000000008,0.0008234028481889522,0.003132125701959507,1.741624464786174e-05,0.9999999999719105,-5.329125121066367e-05,-4.686779056002782e-15,1.292432928934056e-09,5.329254367657314e-05
15.50000000000009,0.0008260674075292022,0.003132125701959507,1.830839197560864e-05,0.9999999999720817,-5.329118673499298e-05,-4.658912667490322e-15,1.35690859962617e-09,5.329254367657314e-05
15.55000000000009,0.0008287319635066173,0.003132125701959507,1.924025587605785e-05,0.9999999999722513,-5.329111947829367e-05,-4.631271524209732e-15,1.424165298926592e-09,5.329254367657314e-05
15.60000000000009,0.000831396515977145,0.003132125701959507,2.021331746309268e-05,0.9999999999724197,-5.329104934090877e-05,-4.603857767708736e-15,1.494302683831646e-09,5.329254367657314e-05
15.65000000000009,0.000834061064791624,0.003132125701959507,2.12291011033714e-05,0.9999999999725867,-5.329097622042933e-05,-4.5766654554535e-15,1.56742316327116e-09,5.329254367657314e-05
15.70000000000009,0.0008367256097956501,0.003132125701959507,2.228917525509838e-05,0.9999999999727524,-5.329090001164637e-05,-4.549694195475921e-15,1.643631946240102e-09,5.329254367657314e-05
15.75000000000009,0.0008393901508293893,0.003132125701959507,2.339515331060747e-05,0.9999999999729167,-5.329082060650261e-05,-4.52294021030048e-15,1.723037089991614e-09,5.329254367657314e-05
15.80000000000009,0.000842054687727513,0.003132125701959507,2.454869444244862e-05,0.9999999999730795,-5.329073789404434e-05,-4.496398859399381e-15,1.805749548271296e-09,5.329254367657314e-05
15.85000000000009,0.0008447192203189114,0.003132125701959507,2.575150445266336e-05,0.9999999999732414,-5.329065176037303e-05,-4.47007098475745e-15,1.891883219572427e-09,5.329254367657314e-05
15.90000000000009,0.0008473837484267255,0.003132125701959507,2.700533662493012e-05,0.9999999999734015,-5.329056208859722e-05,-4.443950142472138e-15,1.981554995391582e-09,5.329254367657314e-05
15.95000000000009,0.0008500482718680131,0.003132125701959507,2.831199257925521e-05,0.9999999999735608,-5.329046875878414e-05,-4.418038790922527e-15,2.074884808463973e-09,5.329254367657314e-05
16.00000000000009,0.0008527127904537429,0.003132125701959507,2.96733231288806e-05,0.9999999999737186,-5.329037164791164e-05,-4.392331019082435e-15,2.171995680957658e-09,5.329254367657314e-05
16.05000000000009,0.0008553773039885665,0.003132125701959507,3.109122913907558e-05,0.9999999999738752,-5.329027062982e-05,-4.366828919263404e-15,2.273013772605633e-09,5.329254367657314e-05
16.10000000000009,0.0008580418122706167,0.003132125701959507,3.256766238747462e-05,0.9999999999740308,-5.329016557516385e-05,-4.341524490244375e-15,2.378068428754659e-09,5.329254367657314e-05
16.15000000000009,0.000860706315091489,0.003132125701959507,3.410462642562013e-05,0.9999999999741847,-5.329005635136429e-05,-4.316419342542587e-15,2.487292228309619e-09,5.329254367657314e-05
16.2000000000001,0.0008633708122358637,0.003132125701959507,3.570417744136502e-05,0.9999999999743375,-5.328994282256106e-05,-4.291510230441491e-15,2.600821031552017e-09,5.329254367657314e-05
16.2500000000001,0.000866035303481602,0.003132125701959507,3.736842512178587e-05,0.9999999999744896,-5.328982484956479e-05,-4.266792601026697e-15,2.718794027811234e-09,5.329254367657314e-05
16.3000000000001,0.0008686997885993361,0.003132125701959507,3.909953351625503e-05,0.99999999997464,-5.328970228980964e-05,-4.242268090558703e-15,2.841353782966987e-09,5.329254367657314e-05
16.3500000000001,0.0008713642673524016,0.003132125701959507,4.089972189931579e-05,0.9999999999747895,-5.328957499730584e-05,-4.217933722197362e-15,2.968646286761454e-09,5.329254367657314e-05
16.4000000000001,0.0008740287394967349,0.003132125701959507,4.277126563300296e-05,0.9999999999749377,-5.328944282259271e-05,-4.193783501694444e-15,3.100820999899435e-09,5.329254367657314e-05
16.4500000000001,0.0008766932047805557,0.003132125701959507,4.471649702824726e-05,0.999999999975085,-5.328930561269169e-05,-4.169820596320325e-15,3.238030900914915e-09,5.329254367657314e-05
16.5000000000001,0.000879357662944275,0.003132125701959507,4.673780620500091e-05,0.9999999999752309,-5.328916321105982e-05,-4.146040418990017e-15,3.380432532782345e-09,5.329254367657314e-05
16.5500000000001,0.0008820221137203007,0.003132125701959507,4.883764195071799e-05,0.9999999999753759,-5.328901545754335e-05,-4.122441213907465e-15,3.528186049250983e-09,5.329254367657314e-05
16.6000000000001,0.0008846865568328617,0.003132125701959507,5.101851257682266e-05,0.9999999999755198,-5.328886218833172e-05,-4.09902140339021e-15,3.681455260880643e-09,5.329254367657314e-05
16.6500000000001,0.0008873509919977814,0.003132125701959507,5.328298677279535e-05,0.9999999999756625,-5.328870323591185e-05,-4.075778254347127e-15,3.840407680757202e-09,5.329254367657314e-05
16.7000000000001,0.0008900154189223384,0.003132125701959507,5.56336944575062e-05,0.999999999975804,-5.328853842902274e-05,-4.052710398885692e-15,4.005214569866253e-09,5.329254367657314e-05
16.7500000000001,0.0008926798373050503,0.003132125701959507,5.807332762742367e-05,0.9999999999759447,-5.32883675926105e-05,-4.029816809721655e-15,4.176050982103413e-09,5.329254367657314e-05
16.8000000000001,0.0008953442468355225,0.003132125701959507,6.060464120132457e-05,0.9999999999760844,-5.32881905477837e-05,-4.007093851525394e-15,4.353095808899717e-09,5.329254367657314e-05
16.8500000000001,0.0008980086471941568,0.003132125701959507,6.323045386113199e-05,0.9999999999762228,-5.328800711176916e-05,-3.984541037622584e-15,4.536531823440781e-09,5.329254367657314e-05
16.90000000000011,0.0009006730380520862,0.003132125701959507,6.595364888850583e-05,0.9999999999763601,-5.328781709786815e-05,-3.9621545077423e-15,4.726545724458353e-09,5.329254367657314e-05
16.95000000000011,0.0009033374190708925,0.003132125701959507,6.877717499681124e-05,0.9999999999764967,-5.328762031541303e-05,-3.939935677896082e-15,4.923328179573083e-09,5.329254367657314e-05
17.00000000000011,0.0009060017899023775,0.003132125701959507,7.170404715808943e-05,0.9999999999766321,-5.328741656972443e-05,-3.917880091179816e-15,5.127073868167392e-09,5.329254367657314e-05
17.05000000000011,0.0009086661501884708,0.003132125701959507,7.473734742465598e-05,0.9999999999767667,-5.328720566206884e-05,-3.895987282437041e-15,5.33798152376754e-09,5.329254367657314e-05
17.10000000000011,0.0009113304995609379,0.003132125701959507,7.788022574495171e-05,0.9999999999769,-5.328698738961669e-05,-3.874256776920489e-15,5.556253975913958e-09,5.329254367657314e-05
17.15000000000011,0.0009139948376411654,0.003132125701959507,8.113590077327169e-05,0.9999999999770326,-5.328676154540111e-05,-3.852682772406533e-15,5.782098191499341e-09,5.329254367657314e-05
17.20000000000011,0.0009166591640400347,0.003132125701959507,8.450766067299919e-05,0.999999999977164,-5.328652791827705e-05,-3.831267516962398e-15,6.01572531555387e-09,5.329254367657314e-05
17.25000000000011,0.0009193234783575958,0.003132125701959507,8.799886391297205e-05,0.9999999999772945,-5.328628629288115e-05,-3.810009299409146e-15,6.257350711457322e-09,5.329254367657314e-05
17.30000000000011,0.0009219877801829892,0.003132125701959507,9.161294005661014e-05,0.9999999999774242,-5.328603644959205e-05,-3.788902200604737e-15,6.507194000557947e-09,5.329254367657314e-05
17.35000000000011,0.0009246520690941099,0.003132125701959507,9.535339054343397e-05,0.9999999999775527,-5.328577816449142e-05,-3.767950908249637e-15,6.765479101178197e-09,5.329254367657314e-05
17.40000000000011,0.0009273163446574823,0.003132125701959507,9.922378946260708e-05,0.9999999999776805,-5.328551120932561e-05,-3.747148921870083e-15,7.032434266987527e-09,5.329254367657314e-05
17.45000000000011,0.0009299806064279141,0.003132125701959507,0.0001032277843181349,0.9999999999778074,-5.328523535146788e-05,-3.726496223765741e-15,7.308292124722981e-09,5.329254367657314e-05
17.50000000000011,0.0009326448539484564,0.003132125701959507,0.0001073690967853569,0.9999999999779334,-5.328495035388137e-05,-3.705992666602978e-15,7.593289711238068e-09,5.329254367657314e-05
17.55000000000011,0.0009353090867500568,0.003132125701959507,0.0001116515234583706,0.9999999999780584,-5.328465597508274e-05,-3.685634392857854e-15,7.88766850986125e-09,5.329254367657314e-05
17.60000000000012,0.0009379733043513446,0.003132125701959507,0.000116078936588026,0.9999999999781826,-5.328435196910656e-05,-3.665421161962714e-15,8.191674486044985e-09,5.329254367657314e-05
17.65000000000012,0.000940637506258429,0.003132125701959507,0.0001206552848101377,0.9999999999783056,-5.328403808547032e-05,-3.645351433148449e-15,8.505558122287174e-09,5.329254367657314e-05
17.70000000000012,0.0009433016919646836,0.003132125701959507,0.0001253845938635572,0.9999999999784285,-5.32837140691403e-05,-3.625424473632799e-15,8.829574452306621e-09,5.329254367657314e-05
17.75000000000012,0.0009459658609504942,0.003132125701959507,0.0001302709672977584,0.9999999999785497,-5.328337966049815e-05,-3.605637338469346e-15,9.163983094454712e-09,5.329254367657314e-05
17.80000000000012,0.000948630012683035,0.003132125701959507,0.0001353185871695867,0.9999999999786703,-5.328303459530826e-05,-3.58598839567951e-15,9.509048284345719e-09,5.329254367657314e-05
17.85000000000012,0.0009512941466160093,0.003132125701959507,0.00014053171472883,0.9999999999787901,-5.328267860468592e-05,-3.566478306772948e-15,9.865038906688427e-09,5.329254367657314e-05
17.90000000000012,0.0009539582621894943,0.003132125701959507,0.0001459146910922711,0.9999999999789093,-5.32823114150663e-05,-3.547105828329043e-15,1.023222852630214e-08,5.329254367657314e-05
17.95000000000012,0.0009566223588296419,0.003132125701959507,0.0001514719379058857,0.9999999999790276,-5.328193274817431e-05,-3.527866398748288e-15,1.061089541830042e-08,5.329254367657314e-05
18.00000000000012,0.0009592864359483932,0.003132125701959507,0.0001572079579948543,0.9999999999791446,-5.328154232099517e-05,-3.508762646136089e-15,1.100132259742623e-08,5.329254367657314e-05
18.05000000000012,0.0009619504929433752,0.003132125701959507,0.0001631273360010614,0.9999999999792609,-5.328113984574608e-05,-3.489789280990882e-15,1.140379784652264e-08,5.329254367657314e-05
18.10000000000012,0.0009646145291975438,0.003132125701959507,0.000169234739007758,0.9999999999793769,-5.328072502984848e-05,-3.470948802475342e-15,1.181861374412323e-08,5.329254367657314e-05
18.15000000000012,0.0009672785440790025,0.003132125701959507,0.000175534917151069,0.999999999979492,-5.328029757590146e-05,-3.452233423758028e-15,1.224606769114728e-08,5.329254367657314e-05
18.20000000000012,0.0009699425369407601,0.003132125701959507,0.0001820327042180336,0.999999999979606,-5.327985718165592e-05,-3.433652808875133e-15,1.268646193668458e-08,5.329254367657314e-05
18.25000000000012,0.0009726065071203938,0.003132125701959507,0.0001887330182308686,0.9999999999797194,-5.327940353998975e-05,-3.41519652945694e-15,1.314010360285541e-08,5.329254367657314e-05
18.30000000000013,0.0009752704539399536,0.003132125701959507,0.0001956408620171517,0.9999999999798318,-5.327893633888387e-05,-3.396865939099246e-15,1.360730470873172e-08,5.329254367657314e-05
18.35000000000013,0.0009779343767056538,0.003132125701959507,0.0002027613237656267,0.9999999999799435,-5.327845526139929e-05,-3.378660058055371e-15,1.408838219330548e-08,5.329254367657314e-05
18.40000000000013,0.0009805982747075226,0.003132125701959507,0.000210099577567338,0.9999999999800547,-5.327795998565512e-05,-3.360577883978116e-15,1.458365793749105e-08,5.329254367657314e-05
18.45000000000013,0.000983262147219369,0.003132125701959507,0.0002176608839418074,0.9999999999801651,-5.327745018480745e-05,-3.342619501043644e-15,1.509345878514853e-08,5.329254367657314e-05
18.50000000000013,0.0009859259934982914,0.003132125701959507,0.0002254505903479722,0.9999999999802746,-5.327692552702949e-05,-3.324781425774162e-15,1.561811656311546e-08,5.329254367657314e-05
18.55000000000013,0.0009885898127846037,0.003132125701959507,0.0002334741316796067,0.9999999999803832,-5.327638567549237e-05,-3.307065562696584e-15,1.615796810023492e-08,5.329254367657314e-05
18.60000000000013,0.0009912536043015726,0.003132125701959507,0.0002417370307449618,0.9999999999804912,-5.327583028834724e-05,-3.28946581653103e-15,1.671335524536796e-08,5.329254367657314e-05
18.65000000000013,0.0009939173672550599,0.003132125701959507,0.0002502448987303552,0.9999999999805987,-5.327525901870823e-05,-3.271985407164949e-15,1.728462488437938e-08,5.329254367657314e-05
18.70000000000013,0.0009965811008332947,0.003132125701959507,0.0002590034356474573,0.9999999999807055,-5.327467151463652e-05,-3.254620474430248e-15,1.787212895608559e-08,5.329254367657314e-05
18.75000000000013,0.0009992448042067748,0.003132125701959507,0.0002680184307640218,0.9999999999808111,-5.327406741912544e-05,-3.237371779367281e-15,1.847622446715441e-08,5.329254367657314e-05
18.80000000000013,0.001001908476527762,0.003132125701959507,0.0002772957630178142,0.9999999999809166,-5.327344637008666e-05,-3.220237964533678e-15,1.90972735059466e-08,5.329254367657314e-05
18.85000000000013,0.00100457211693027,0.003132125701959507,0.0002868414014135062,0.9999999999810211,-5.327280800033731e-05,-3.203217130319923e-15,1.973564325528921e-08,5.329254367657314e-05
18.90000000000013,0.00100723572452961,0.003132125701959507,0.0002966614054022966,0.999999999981125,-5.327215193758843e-05,-3.186309934504993e-15,2.039170600417225e-08,5.329254367657314e-05
18.95000000000013,0.001009899298422297,0.003132125701959507,0.0003067619252440415,0.999999999981228,-5.327147780443425e-05,-3.169511636392432e-15,2.106583915835906e-08,5.329254367657314e-05
19.00000000000014,0.001012562837685649,0.003132125701959507,0.0003171492023516728,0.9999999999813306,-5.32707852183427e-05,-3.152825693115302e-15,2.17584252499029e-08,5.329254367657314e-05
19.05000000000014,0.001015226341377673,0.003132125701959507,0.0003278295696176961,0.9999999999814324,-5.327007379164704e-05,-3.136249693145024e-15,2.246985194556105e-08,5.329254367657314e-05
19.10000000000014,0.001017889808536658,0.003132125701959507,0.0003388094517225608,0.9999999999815337,-5.32693431315385e-05,-3.119781471670893e-15,2.320051205409977e-08,5.329254367657314e-05
19.15000000000014,0.001020553238181076,0.003132125701959507,0.0003500953654247125,0.9999999999816339,-5.326859284006012e-05,-3.103418095394875e-15,2.395080353248263e-08,5.329254367657314e-05
19.20000000000014,0.001023216629309167,0.003132125701959507,0.000361693919832132,0.9999999999817338,-5.326782251410167e-05,-3.087163211717522e-15,2.472112949093564e-08,5.329254367657314e-05
19.25000000000014,0.001025879980898821,0.003132125701959507,0.0003736118166551822,0.9999999999818332,-5.326703174539572e-05,-3.071013873627661e-15,2.551189819688353e-08,5.329254367657314e-05
19.30000000000014,0.001028543291907222,0.003132125701959507,0.0003858558504405884,0.9999999999819313,-5.326622012051485e-05,-3.054969738783821e-15,2.632352307775096e-08,5.329254367657314e-05
19.35000000000014,0.001031206561270643,0.003132125701959507,0.0003984329087862633,0.9999999999820296,-5.326538722087001e-05,-3.039014062686157e-15,2.715642272259681e-08,5.329254367657314e-05
19.40000000000014,0.001033869787904183,0.003132125701959507,0.0004113499725374735,0.999999999982127,-5.326453262270988e-05,-3.023173436126721e-15,2.801102088271657e-08,5.329254367657314e-05
19.45000000000014,0.001036532970701387,0.003132125701959507,0.0004246141159627397,0.9999999999822237,-5.326365589712168e-05,-3.007437816472492e-15,2.888774647092301e-08,5.329254367657314e-05
19.50000000000014,0.001039196108534249,0.003132125701959507,0.0004382325069109708,0.9999999999823197,-5.326275661003282e-05,-2.991799749846732e-15,2.97870335597831e-08,5.329254367657314e-05
19.55000000000014,0.001041859200252706,0.003132125701959507,0.0004522124069487396,0.9999999999824153,-5.326183432221392e-05,-2.976264512751455e-15,3.070932137868089e-08,5.329254367657314e-05
19.60000000000014,0.001044522244684501,0.003132125701959507,0.0004665611714777993,0.9999999999825098,-5.326088858928289e-05,-2.960826262758701e-15,3.165505430971793e-08,5.329254367657314e-05
19.65000000000014,0.001047185240634903,0.003132125701959507,0.0004812862498327247,0.9999999999826041,-5.325991896171015e-05,-2.945487265210318e-15,3.262468188245003e-08,5.329254367657314e-05
19.70000000000014,0.001049848186886443,0.003132125701959507,0.0004963951853585568,0.9999999999826977,-5.325892498482514e-05,-2.930245368808993e-15,3.361865876746019e-08,5.329254367657314e-05
19.75000000000015,0.001052511082198703,0.003132125701959507,0.0005118956154683452,0.9999999999827907,-5.325790619882383e-05,-2.915099048540572e-15,3.463744476876561e-08,5.329254367657314e-05
19.80000000000015,0.00105517392530793,0.003132125701959507,0.0005277952716804902,0.9999999999828831,-5.325686213877754e-05,-2.900047767997745e-15,3.56815048150581e-08,5.329254367657314e-05
19.85000000000015,0.001057836714926907,0.003132125701959507,0.0005441019796357903,0.9999999999829752,-5.325579233464283e-05,-2.885093999212612e-15,3.675130894977696e-08,5.329254367657314e-05
19.90000000000015,0.00106049944974475,0.003132125701959507,0.0005608236590941133,0.9999999999830663,-5.325469631127259e-05,-2.870230574194789e-15,3.784733232001401e-08,5.329254367657314e-05
19.95000000000015,0.001063162128426425,0.003132125701959507,0.0005779683239106117,0.999999999983157,-5.325357358842835e-05,-2.855462083830887e-15,3.897005516425065e-08,5.329254367657314e-05
20.00000000000015,0.001065824749612705,0.003132125701959507,0.0005955440819914191,0.9999999999832472,-5.325242368079367e-05,-2.840785360546481e-15,4.011996279892793e-08,5.329254367657314e-05
20.05000000000015,0.001068487311919821,0.003132125701959507,0.0006135591352287631,0.9999999999833366,-5.325124609798876e-05,-2.826199647303672e-15,4.129754560384996e-08,5.329254367657314e-05
20.10000000000015,0.001071149813939264,0.003132125701959507,0.0006320217794154395,0.9999999999834258,-5.325004034458619e-05,-2.811706145248828e-15,4.250329900642274e-08,5.329254367657314e-05
20.15000000000015,0.001073812254237465,0.003132125701959507,0.0006509404041386083,0.9999999999835141,-5.324880592012788e-05,-2.797300983714098e-15,4.373772346472931e-08,5.329254367657314e-05
20.20000000000015,0.001076474631355644,0.003132125701959507,0.0006703234926528696,0.9999999999836021,-5.324754231914316e-05,-2.782987113137878e-15,4.500132444944442e-08,5.329254367657314e-05
20.25000000000015,0.001079136943809377,0.003132125701959507,0.0006901796217325889,0.9999999999836896,-5.324624903116802e-05,-2.768759344475209e-15,4.629461242459067e-08,5.329254367657314e-05
20.30000000000015,0.001081799190088576,0.003132125701959507,0.0007105174615034504,0.9999999999837763,-5.324492554076546e-05,-2.754619341483425e-15,4.761810282713938e-08,5.329254367657314e-05
20.35000000000015,0.00108446136865715,0.003132125701959507,0.0007313457752532232,0.9999999999838627,-5.324357132754715e-05,-2.740569578936785e-15,4.897231604545938e-08,5.329254367657314e-05
20.40000000000015,0.001087123477952573,0.003132125701959507,0.0007526734192217338,0.9999999999839485,-5.324218586619599e-05,-2.726603337155729e-15,5.035777739661835e-08,5.329254367657314e-05
20.45000000000016,0.001089785516386069,0.003132125701959507,0.0007745093423700385,0.9999999999840337,-5.324076862649006e-05,-2.71272302455053e-15,5.177501710253972e-08,5.329254367657314e-05
20.50000000000016,0.001092447482341839,0.003132125701959507,0.0007968625861288153,0.9999999999841185,-5.323931907332758e-05,-2.698927634247568e-15,5.322457026502093e-08,5.329254367657314e-05
20.55000000000016,0.001095109374177297,0.003132125701959507,0.0008197422841259737,0.9999999999842025,-5.323783666675299e-05,-2.685215077306801e-15,5.470697683961709e-08,5.329254367657314e-05
20.60000000000016,0.001097771190222523,0.003132125701959507,0.0008431576618935198,0.9999999999842862,-5.32363208619842e-05,-2.671588642950556e-15,5.622278160839628e-08,5.329254367657314e-05
20.65000000000016,0.001100432928780084,0.003132125701959507,0.0008671180365536974,0.9999999999843695,-5.323477110944104e-05,-2.658042006052144e-15,5.777253415157186e-08,5.329254367657314e-05
20.70000000000016,0.001103094588124895,0.003132125701959507,0.0008916328164844412,0.9999999999844522,-5.323318685477458e-05,-2.644580124712652e-15,5.935678881801744e-08,5.329254367657314e-05
20.75000000000016,0.001105756166503917,0.003132125701959507,0.0009167115009641893,0.9999999999845344,-5.323156753889794e-05,-2.631195794766664e-15,6.09761046946722e-08,5.329254367657314e-05
20.80000000000016,0.001108417662135885,0.003132125701959507,0.0009423636797961057,0.9999999999846161,-5.322991259801776e-05,-2.617893103698821e-15,6.263104557484228e-08,5.329254367657314e-05
20.85000000000016,0.001111079073211124,0.003132125701959507,0.0009685990329117657,0.9999999999846974,-5.32282214636672e-05,-2.604672723771689e-15,6.432217992540597e-08,5.329254367657314e-05
20.90000000000016,0.00111374039789132,0.003132125701959507,0.0009954273299543751,0.999999999984778,-5.322649356273967e-05,-2.591531326158816e-15,6.605008085293077e-08,5.329254367657314e-05
20.95000000000016,0.001116401634309224,0.003132125701959507,0.001022858429841592,0.9999999999848583,-5.32247283175239e-05,-2.578468998688983e-15,6.781532606870862e-08,5.329254367657314e-05
21.00000000000016,0.001119062780568545,0.003132125701959507,0.001050902280308025,0.999999999984938,-5.322292514573988e-05,-2.565483690994683e-15,6.961849785271987e-08,5.329254367657314e-05
21.05000000000016,0.001121723834743576,0.003132125701959507,0.001079568917427505,0.9999999999850174,-5.322108346057607e-05,-2.552573634833842e-15,7.146018301653229e-08,5.329254367657314e-05
21.10000000000016,0.001124384794879135,0.003132125701959507,0.001108868465115209,0.9999999999850961,-5.321920267072746e-05,-2.539742658596121e-15,7.334097286514585e-08,5.329254367657314e-05
21.15000000000017,0.001127045658990162,0.003132125701959507,0.00113881113460974,0.9999999999851743,-5.321728218043481e-05,-2.526986686139974e-15,7.526146315779109e-08,5.329254367657314e-05
21.20000000000017,0.001129706425061636,0.003132125701959507,0.001169407223935272,0.9999999999852522,-5.321532138952492e-05,-2.514309573862681e-15,7.722225406769172e-08,5.329254367657314e-05
21.25000000000017,0.001132367091048268,0.003132125701959507,0.001200667117343864,0.9999999999853298,-5.321331969345181e-05,-2.501702997773509e-15,7.922395014080059e-08,5.329254367657314e-05
21.30000000000017,0.001135027654874392,0.003132125701959507,0.001232601284738067,0.9999999999854066,-5.321127648333908e-05,-2.48917520097136e-15,8.126716025351956e-08,5.329254367657314e-05
21.35000000000017,0.001137688114433658,0.003132125701959507,0.001265220281073938,0.9999999999854832,-5.32091911460232e-05,-2.476718104734992e-15,8.335249756941305e-08,5.329254367657314e-05
21.40000000000017,0.001140348467588831,0.003132125701959507,0.001298534745744605,0.9999999999855592,-5.320706306409767e-05,-2.464336578344672e-15,8.548057949492755e-08,5.329254367657314e-05
21.45000000000017,0.001143008712171571,0.003132125701959507,0.001332555401944507,0.999999999985635,-5.320489161595848e-05,-2.452025374434664e-15,8.765202763412573e-08,5.329254367657314e-05
21.50000000000017,0.001145668845982288,0.003132125701959507,0.001367293056014458,0.99999999998571,-5.320267617585016e-05,-2.439787927388506e-15,8.986746774244907e-08,5.329254367657314e-05
21.55000000000017,0.001148328866789893,0.003132125701959507,0.001402758596767675,0.9999999999857846,-5.320041611391309e-05,-2.427620085593762e-15,9.212752967951792e-08,5.329254367657314e-05
21.60000000000017,0.001150988772331621,0.003132125701959507,0.001438962994796936,0.999999999985859,-5.319811079623162e-05,-2.415525929104003e-15,9.44328473609834e-08,5.329254367657314e-05
21.65000000000017,0.001153648560312752,0.003132125701959507,0.001475917301763011,0.999999999985933,-5.319575958488316e-05,-2.403500625190095e-15,9.678405870944081e-08,5.329254367657314e-05
21.70000000000017,0.001156308228406268,0.003132125701959507,0.001513632649840381,0.9999999999860179,-5.319336183799576e-05,-2.389335425175965e-15,9.918180559684311e-08,5.329254367657314e-05
21.75000000000017,0.00115896777425338,0.003132125701959507,0.001552120250405534,0.9999999999860909,-5.319091690976834e-05,-2.377422329621642e-15,1.016267338242667e-07,5.329254367657314e-05
21.80000000000017,0.001161627195462496,0.003132125701959507,0.00159139139383705,0.9999999999861636,-5.318842415056478e-05,-2.365617720061674e-15,1.041194930278251e-07,5.329254367657314e-05
21.85000000000018,0.001164286489609426,0.003132125701959507,0.001631457448609518,0.9999999999862357,-5.318588290694765e-05,-2.353879918287487e-15,1.066607366449525e-07,5.329254367657314e-05
21.90000000000018,0.001166945654237085,0.003132125701959507,0.001672329860425668,0.9999999999863075,-5.318329252172948e-05,-2.34221098005492e-15,1.092511218631257e-07,5.329254367657314e-05
21.95000000000018,0.001169604686855354,0.003132125701959507,0.001714020151395054,0.9999999999863783,-5.318065233402801e-05,-2.330612884289909e-15,1.118913095645917e-07,5.329254367657314e-05
22.00000000000018,0.001172263584940875,0.003132125701959507,0.001756539919199899,0.9999999999864494,-5.317796167932235e-05,-2.319076837202592e-15,1.145819642702467e-07,5.329254367657314e-05
22.05000000000018,0.001174922345936918,0.003132125701959507,0.001799900836242305,0.9999999999865198,-5.317521988950949e-05,-2.307609252470603e-15,1.173237540831146e-07,5.329254367657314e-05
22.10000000000018,0.001177580967253116,0.003132125701959507,0.001844114648773411,0.9999999999865901,-5.317242629296133e-05,-2.296205324279976e-15,1.201173506312706e-07,5.329254367657314e-05
22.15000000000018,0.001180239446265378,0.003132125701959507,0.001889193176005169,0.9999999999866596,-5.316958021458254e-05,-2.28486839742218e-15,1.229634290100682e-07,5.329254367657314e-05
22.20000000000018,0.001182897780315722,0.003132125701959507,0.001935148309205214,0.9999999999867289,-5.3166680975869e-05,-2.273595981930624e-15,1.25862667723612e-07,5.329254367657314e-05
22.25000000000018,0.001185555966712007,0.003132125701959507,0.001981992010775166,0.9999999999867977,-5.316372789496715e-05,-2.262386688315039e-15,1.288157486254613e-07,5.329254367657314e-05
22.30000000000018,0.001188214002727857,0.003132125701959507,0.002029736313312662,0.9999999999868663,-5.316072028673403e-05,-2.251244113990057e-15,1.318233568585712e-07,5.329254367657314e-05
22.35000000000018,0.001190871885602498,0.003132125701959507,0.002078393318657382,0.9999999999869345,-5.315765746279812e-05,-2.240160979396783e-15,1.348861807944829e-07,5.329254367657314e-05
22.40000000000018,0.001193529612540588,0.003132125701959507,0.002127975196921316,0.9999999999870018,-5.315453873162082e-05,-2.229142250519391e-15,1.380049119717816e-07,5.329254367657314e-05
22.45000000000018,0.001196187180711997,0.003132125701959507,0.002178494185503509,0.9999999999870693,-5.315136339855877e-05,-2.218184851705636e-15,1.411802450338347e-07,5.329254367657314e-05
22.50000000000018,0.001198844587251809,0.003132125701959507,0.002229962588089547,0.9999999999871362,-5.314813076592677e-05,-2.207291472490298e-15,1.44412877665829e-07,5.329254367657314e-05
22.55000000000019,0.001201501829259949,0.003132125701959507,0.002282392773636005,0.9999999999872027,-5.314484013306149e-05,-2.196457853727915e-15,1.477035105311217e-07,5.329254367657314e-05
22.60000000000019,0.001204158903801224,0.003132125701959507,0.002335797175340132,0.9999999999872687,-5.314149079638568e-05,-2.185685305585382e-15,1.510528472069206e-07,5.329254367657314e-05
22.65000000000019,0.001206815807905152,0.003132125701959507,0.00239018828959499,0.9999999999873345,-5.313808204947329e-05,-2.174973593918877e-15,1.544615941193106e-07,5.329254367657314e-05
22.70000000000019,0.00120947253856578,0.003132125701959507,0.002445578674930321,0.9999999999874002,-5.313461318311496e-05,-2.164322080812698e-15,1.579304604776417e-07,5.329254367657314e-05
22.75000000000019,0.001212129092741482,0.003132125701959507,0.002501980950939401,0.9999999999874651,-5.313108348538431e-05,-2.153730341901565e-15,1.614601582082937e-07,5.329254367657314e-05
22.80000000000019,0.001214785467355025,0.003132125701959507,0.00255940779719211,0.9999999999875298,-5.312749224170476e-05,-2.143197437196286e-15,1.650514018878363e-07,5.329254367657314e-05
22.85000000000019,0.00121744165929324,0.003132125701959507,0.002617871952134512,0.9999999999875943,-5.312383873491701e-05,-2.132723386711238e-15,1.687049086755966e-07,5.329254367657314e-05
22.90000000000019,0.001220097665406906,0.003132125701959507,0.00267738621197518,0.9999999999876581,-5.312012224534695e-05,-2.122307420455286e-15,1.724213982456536e-07,5.329254367657314e-05
22.95000000000019,0.001222753482510702,0.003132125701959507,0.002737963430181329,0.9999999999877257,-5.311634205085773e-05,-2.112265486407611e-15,1.762015927348768e-07,5.329254367657314e-05
23.00000000000019,0.001225409107383265,0.003132125701959507,0.002799616514180812,0.9999999999877895,-5.311249742696921e-05,-2.101938316414363e-15,1.800462166233913e-07,5.329254367657314e-05
23.05000000000019,0.001228064536766833,0.003132125701959507,0.002862358426822844,0.9999999999878524,-5.310858764688413e-05,-2.091690187700996e-15,1.839559967084746e-07,5.329254367657314e-05
23.10000000000019,0.001230719767367139,0.003132125701959507,0.002926202184038486,0.9999999999879148,-5.310461198155857e-05,-2.081503619556653e-15,1.879316620340286e-07,5.329254367657314e-05
23.15000000000019,0.001233374795853347,0.003132125701959507,0.002991160853726723,0.9999999999879771,-5.310056969978082e-05,-2.071370969644912e-15,1.919739438117787e-07,5.329254367657314e-05
23.20000000000019,0.001236029618857989,0.003132125701959507,0.003057247554589838,0.999999999988039,-5.30964600682445e-05,-2.061297199576945e-15,1.960835753480975e-07,5.329254367657314e-05
23.2500000000002,0.001238684232976746,0.003132125701959507,0.003124475454942582,0.9999999999881005,-5.309228235162019e-05,-2.051277075952791e-15,2.002612919724226e-07,5.329254367657314e-05
23.3000000000002,0.001241338634768581,0.003132125701959507,0.003192857771505463,0.9999999999881617,-5.308803581262701e-05,-2.041312758498214e-15,2.045078309655972e-07,5.329254367657314e-05
23.3500000000002,0.001243992820755384,0.003132125701959507,0.003262407768185516,0.9999999999882228,-5.308371971210489e-05,-2.031399930610506e-15,2.088239314877088e-07,5.329254367657314e-05
23.4000000000002,0.001246646787422023,0.003132125701959507,0.003333138754845865,0.9999999999882829,-5.30793333090872e-05,-2.021544910514167e-15,2.132103345054039e-07,5.329254367657314e-05
23.4500000000002,0.001249300531216227,0.003132125701959507,0.003405064086064766,0.9999999999883431,-5.307487586087388e-05,-2.011744483894438e-15,2.176677827187284e-07,5.329254367657314e-05
23.5000000000002,0.001251954048548543,0.003132125701959507,0.003478197159884568,0.9999999999884031,-5.307034662310505e-05,-2.00199573716062e-15,2.221970204875494e-07,5.329254367657314e-05
23.5500000000002,0.001254607335792217,0.003132125701959507,0.00355255141655096,0.9999999999884626,-5.306574484983502e-05,-1.992300091033188e-15,2.267987937575917e-07,5.329254367657314e-05
23.6000000000002,0.001257260389283056,0.003132125701959507,0.003628140337242825,0.9999999999885217,-5.306106979360648e-05,-1.982658974684089e-15,2.314738499861234e-07,5.329254367657314e-05
23.6500000000002,0.001259913205319458,0.003132125701959507,0.00370497744279303,0.9999999999885806,-5.30563207055253e-05,-1.973071709594249e-15,2.362229380673073e-07,5.329254367657314e-05
23.7000000000002,0.001262565780162411,0.003132125701959507,0.00378307629240042,0.9999999999886392,-5.305149683533536e-05,-1.963532923073152e-15,2.410468082572402e-07,5.329254367657314e-05
23.7500000000002,0.001265218110035098,0.003132125701959507,0.003862450482333339,0.9999999999886975,-5.30465974314939e-05,-1.954046975701255e-15,2.459462120986975e-07,5.329254367657314e-05
23.8000000000002,0.001267870191123305,0.003132125701959507,0.003943113644624971,0.9999999999887553,-5.3041621741247e-05,-1.944612916237736e-15,2.509219023456009e-07,5.329254367657314e-05
23.8500000000002,0.001270522019574967,0.003132125701959507,0.004025079445760778,0.9999999999888131,-5.303656901070538e-05,-1.935229779795237e-15,2.559746328872234e-07,5.329254367657314e-05
23.9000000000002,0.001273173591500352,0.003132125701959507,0.004108361585358366,0.9999999999888703,-5.303143848492045e-05,-1.925898452540501e-15,2.611051586721515e-07,5.329254367657314e-05
23.95000000000021,0.001275824902971844,0.003132125701959507,0.004192973794840016,0.9999999999889273,-5.302622940796058e-05,-1.916617345117862e-15,2.663142356320175e-07,5.329254367657314e-05
24.00000000000021,0.001278475950024143,0.003132125701959507,0.004278929836098252,0.999999999988984,-5.302094102298758e-05,-1.907384970878453e-15,2.716026206050215e-07,5.329254367657314e-05
24.05000000000021,0.00128112672865384,0.003132125701959507,0.004366243500154664,0.9999999999890402,-5.301557257233334e-05,-1.898203701378493e-15,2.76971071259258e-07,5.329254367657314e-05
24.10000000000021,0.001283777234819833,0.003132125701959507,0.004454928605812326,0.9999999999890964,-5.301012329757674e-05,-1.889069917644546e-15,2.8242034601586e-07,5.329254367657314e-05
24.15000000000021,0.001286427464442917,0.003132125701959507,0.004544998998302094,0.9999999999891521,-5.300459243962062e-05,-1.879983884350286e-15,2.879512039719857e-07,5.329254367657314e-05
24.20000000000021,0.001289077413405935,0.003132125701959507,0.004636468547923075,0.9999999999892075,-5.299897923876895e-05,-1.870951343632562e-15,2.935644048236523e-07,5.329254367657314e-05
24.25000000000021,0.001291727077553764,0.003132125701959507,0.004729351148677557,0.9999999999892627,-5.299328293480417e-05,-1.861965191287438e-15,2.992607087884423e-07,5.329254367657314e-05
24.30000000000021,0.001294376452693197,0.003132125701959507,0.004823660716900696,0.9999999999893178,-5.298750276706451e-05,-1.853026339536101e-15,3.050408765280938e-07,5.329254367657314e-05
24.35000000000021,0.001297025534593008,0.003132125701959507,0.004919411189885276,0.9999999999893722,-5.298163797452161e-05,-1.844136650571713e-15,3.109056690709915e-07,5.329254367657314e-05
24.40000000000021,0.001299674318983862,0.003132125701959507,0.005016616524501778,0.9999999999894267,-5.297568779585803e-05,-1.835293904946845e-15,3.168558477345743e-07,5.329254367657314e-05
24.45000000000021,0.001302322801558402,0.003132125701959507,0.005115290695814114,0.9999999999894807,-5.296965146954493e-05,-1.826496525495597e-15,3.228921740476743e-07,5.329254367657314e-05
24.50000000000021,0.00130497097797116,0.003132125701959507,0.005215447695691285,0.9999999999895344,-5.29635282339198e-05,-1.817748288912888e-15,3.290154096728071e-07,5.329254367657314e-05
24.55000000000021,0.001307618843838584,0.003132125701959507,0.005317101531415242,0.9999999999895877,-5.295731732726418e-05,-1.80904698012388e-15,3.352263163284203e-07,5.329254367657314e-05
24.60000000000021,0.001310266394739018,0.003132125701959507,0.00542026622428527,0.9999999999896408,-5.295101798788148e-05,-1.800388421341484e-15,3.415256557111256e-07,5.329254367657314e-05
24.65000000000022,0.001312913626212762,0.003132125701959507,0.005524955808219166,0.9999999999896937,-5.294462945417468e-05,-1.791780136746807e-15,3.479141894179223e-07,5.329254367657314e-05
24.70000000000022,0.001315560533762029,0.003132125701959507,0.005631184328351488,0.9999999999897464,-5.293815096472417e-05,-1.783214598510508e-15,3.543926788684309e-07,5.329254367657314e-05
24.75000000000022,0.001318207112851004,0.003132125701959507,0.005738965839629207,0.9999999999897989,-5.293158175836545e-05,-1.774695909925095e-15,3.609618852271518e-07,5.329254367657314e-05
24.80000000000022,0.001320853358905747,0.003132125701959507,0.005848314405404975,0.9999999999898508,-5.292492107426684e-05,-1.766221270849785e-15,3.676225693257627e-07,5.329254367657314e-05
24.85000000000022,0.00132349926731436,0.003132125701959507,0.005959244096028361,0.9999999999899023,-5.291816815200713e-05,-1.757791009888822e-15,3.743754915854701e-07,5.329254367657314e-05
24.90000000000022,0.001326144833426984,0.003132125701959507,0.006071768987435301,0.9999999999899539,-5.291132223165317e-05,-1.74940639160113e-15,3.812214119394321e-07,5.329254367657314e-05
24.95000000000022,0.001328790052555644,0.003132125701959507,0.006185903159736056,0.9999999999900051,-5.290438255383734e-05,-1.741065385522446e-15,3.881610897552601e-07,5.329254367657314e-05
25.00000000000022,0.001331434919974682,0.003132125701959507,0.006301660695801946,0.9999999999900561,-5.289734835983498e-05,-1.732768951913667e-15,3.951952837576251e-07,5.329254367657314e-05
25.05000000000022,0.001334079430920248,0.003132125701959507,0.006419055679851162,0.9999999999901069,-5.289021889164163e-05,-1.724513469435314e-15,4.023247519509711e-07,5.329254367657314e-05
25.10000000000022,0.001336723580590873,0.003132125701959507,0.006538102196033909,0.9999999999901571,-5.288299339205025e-05,-1.716304399969837e-15,4.095502515423581e-07,5.329254367657314e-05
25.15000000000022,0.001339367364147111,0.003132125701959507,0.006658814327017154,0.9999999999902074,-5.287567110472816e-05,-1.708137492298189e-15,4.168725388644453e-07,5.329254367657314e-05
25.20000000000022,0.001342010776711799,0.003132125701959507,0.006781206152569279,0.9999999999902572,-5.286825127429397e-05,-1.700013591048908e-15,4.24292369298629e-07,5.329254367657314e-05
25.25000000000022,0.001344653813370111,0.003132125701959507,0.006905291748144884,0.9999999999903069,-5.286073314639425e-05,-1.6919310921545e-15,4.318104971983485e-07,5.329254367657314e-05
25.30000000000022,0.001347296469169452,0.003132125701959507,0.007031085183470029,0.9999999999903562,-5.285311596778003e-05,-1.683891337714498e-15,4.394276758125776e-07,5.329254367657314e-05
25.35000000000023,0.001349938739119755,0.003132125701959507,0.007158600521128154,0.9999999999904053,-5.28453989863831e-05,-1.675894303961437e-15,4.471446572095064e-07,5.329254367657314e-05
25.40000000000023,0.001352580618193315,0.003132125701959507,0.007287851815146983,0.9999999999904542,-5.283758145139217e-05,-1.667936626036935e-15,4.549621922004365e-07,5.329254367657314e-05
25.45000000000023,0.001355222101324942,0.003132125701959507,0.007418853109586631,0.9999999999905027,-5.282966261332871e-05,-1.660022016284718e-15,4.628810302638988e-07,5.329254367657314e-05
25.50000000000023,0.001357863183412113,0.003132125701959507,0.007551618437129221,0.999999999990551,-5.28216417241226e-05,-1.652148508435494e-15,4.709019194700033e-07,5.329254367657314e-05
25.55000000000023,0.001360503859314944,0.003132125701959507,0.007686161817670229,0.9999999999905992,-5.281351803718756e-05,-1.64431496094309e-15,4.790256064050408e-07,5.329254367657314e-05
25.60000000000023,0.001363144123856285,0.003132125701959507,0.007822497256911844,0.9999999999906471,-5.280529080749625e-05,-1.636524029944331e-15,4.872528360963445e-07,5.329254367657314e-05
25.65000000000023,0.001365783971821812,0.003132125701959507,0.00796063874495859,0.9999999999906947,-5.279695929165518e-05,-1.628772176394837e-15,4.955843519374239e-07,5.329254367657314e-05
25.70000000000023,0.001368423397960149,0.003132125701959507,0.008100600254915425,0.9999999999907421,-5.278852274797921e-05,-1.62106139949006e-15,5.040208956133891e-07,5.329254367657314e-05
25.75000000000023,0.001371062396982925,0.003132125701959507,0.008242395741488655,0.999999999990789,-5.277998043656594e-05,-1.61338828358825e-15,5.125632070266674e-07,5.329254367657314e-05
25.80000000000023,0.001373700963564854,0.003132125701959507,0.008386039139589813,0.9999999999908359,-5.277133161936957e-05,-1.605757984587247e-15,5.212120242230362e-07,5.329254367657314e-05
25.85000000000023,0.001376339092343791,0.003132125701959507,0.008531544362942799,0.9999999999908827,-5.276257556027463e-05,-1.598165304873261e-15,5.299680833179757e-07,5.329254367657314e-05
25.90000000000023,0.001378976777920984,0.003132125701959507,0.008678925302694528,0.9999999999909291,-5.275371152516925e-05,-1.590612915066188e-15,5.388321184233551e-07,5.329254367657314e-05
25.95000000000023,0.001381614014861028,0.003132125701959507,0.008828195826029304,0.9999999999909751,-5.274473878201813e-05,-1.583100214090473e-15,5.478048615744666e-07,5.329254367657314e-05
26.00000000000023,0.001384250797691991,0.003132125701959507,0.008979369774787168,0.9999999999910208,-5.273565660093519e-05,-1.575623757163907e-15,5.568870426574165e-07,5.329254367657314e-05
26.05000000000024,0.00138688712090562,0.003132125701959507,0.009132460964086441,0.9999999999910666,-5.272646425425572e-05,-1.568186085374285e-15,5.660793893368824e-07,5.329254367657314e-05
26.10000000000024,0.001389522978957442,0.003132125701959507,0.009287483180952183,0.9999999999911127,-5.271716101660896e-05,-1.560774157879051e-15,5.75382626983648e-07,5.329254367657314e-05
26.15000000000024,0.00139215836626664,0.003132125701959507,0.009444450182942743,0.9999999999911577,-5.270774616498803e-05,-1.55341193420308e-15,5.847974786045789e-07,5.329254367657314e-05
26.20000000000024,0.001394793277216565,0.003132125701959507,0.00960337569679272,0.9999999999912028,-5.269821897882169e-05,-1.54608833025598e-15,5.943246647709119e-07,5.329254367657314e-05
26.25000000000024,0.001397427706154531,0.003132125701959507,0.009764273417051455,0.9999999999912476,-5.26885787400455e-05,-1.538803092070653e-15,6.039649035471101e-07,5.329254367657314e-05
26.30000000000024,0.001400061647392152,0.003132125701959507,0.009927157004730413,0.9999999999912923,-5.267882473317184e-05,-1.531554981091001e-15,6.137189104207579e-07,5.329254367657314e-05
26.35000000000024,0.001402695095205354,0.003132125701959507,0.0100920400859558,0.9999999999913364,-5.266895624535974e-05,-1.524342766821639e-15,6.235873982328681e-07,5.329254367657314e-05
26.40000000000024,0.001405328043834639,0.003132125701959507,0.01025893625062691,0.9999999999913801,-5.265897256648404e-05,-1.517170916305649e-15,6.335710771085688e-07,5.329254367657314e-05
26.45000000000024,0.001407960487485026,0.003132125701959507,0.01042785905108044,0.9999999999914243,-5.264887298920439e-05,-1.510032445151257e-15,6.43670654388207e-07,5.329254367657314e-05
26.50000000000024,0.001410592420326411,0.003132125701959507,0.01059882200076104,0.9999999999914676,-5.26386568090337e-05,-1.502930515556625e-15,6.538868345589004e-07,5.329254367657314e-05
26.55000000000024,0.001413223836493585,0.003132125701959507,0.01077183857289821,0.9999999999915111,-5.262832332440604e-05,-1.495866362253966e-15,6.642203191865611e-07,5.329254367657314e-05
26.60000000000024,0.001415854730086346,0.003132125701959507,0.01094692219918983,0.9999999999915543,-5.26178718367442e-05,-1.488836267391292e-15,6.746718068483958e-07,5.329254367657314e-05
26.65000000000024,0.001418485095169783,0.003132125701959507,0.01112408626849243,0.9999999999915972,-5.260730165052671e-05,-1.481843350401811e-15,6.852419930658994e-07,5.329254367657314e-05
26.70000000000024,0.001421114925774389,0.003132125701959507,0.0113033441255186,0.9999999999916399,-5.259661207335426e-05,-1.474883880903439e-15,6.959315702383494e-07,5.329254367657314e-05
26.75000000000025,0.001423744215896119,0.003132125701959507,0.01148470906954142,0.9999999999916825,-5.25858024160158e-05,-1.467962332264497e-15,7.067412275768037e-07,5.329254367657314e-05
26.80000000000025,0.001426372959496665,0.003132125701959507,0.01166819435310637,0.999999999991725,-5.257487199255398e-05,-1.461074832671924e-15,7.176716510386191e-07,5.329254367657314e-05
26.85000000000025,0.001429001150503571,0.003132125701959507,0.01185381318075083,0.9999999999917666,-5.256382012033011e-05,-1.454222118635295e-15,7.287235232624943e-07,5.329254367657314e-05
26.90000000000025,0.001431628782810495,0.003132125701959507,0.01204157870773126,0.9999999999918088,-5.255264612008857e-05,-1.44740484947697e-15,7.398975235040421e-07,5.329254367657314e-05
26.95000000000025,0.001434255850277204,0.003132125701959507,0.01223150403875839,0.9999999999918503,-5.254134931602069e-05,-1.440622039934225e-15,7.511943275719056e-07,5.329254367657314e-05
27.00000000000025,0.001436882346743386,0.003132125701959507,0.01242360224322013,0.9999999999919192,-5.252992903584519e-05,-1.432074924175983e-15,7.626146077474166e-07,5.329254367657314e-05
27.05000000000025,0.001439508265988231,0.003132125701959507,0.01261788629956247,0.9999999999919607,-5.251838461077608e-05,-1.425345474777324e-15,7.741590328165255e-07,5.329254367657314e-05
27.10000000000025,0.001442133601771289,0.003132125701959507,0.01281436915415063,0.9999999999920015,-5.250671537574472e-05,-1.418671363897264e-15,7.85828267847882e-07,5.329254367657314e-05
27.15000000000025,0.00144475834781894,0.003132125701959507,0.01301306369860097,0.9999999999920423,-5.249492066938107e-05,-1.412034141765462e-15,7.976229742115322e-07,5.329254367657314e-05
27.20000000000025,0.001447382497824779,0.003132125701959507,0.01321398276724346,0.9999999999920828,-5.248299983406017e-05,-1.405430380578733e-15,8.095438095324386e-07,5.329254367657314e-05
27.25000000000025,0.001450006045449649,0.003132125701959507,0.01341713913601357,0.9999999999921231,-5.247095221596715e-05,-1.398859105542199e-15,8.215914276254606e-07,5.329254367657314e-05
27.30000000000025,0.001452628984321886,0.003132125701959507,0.01362254552143149,0.9999999999921629,-5.245877716516214e-05,-1.392320888881151e-15,8.337664784304644e-07,5.329254367657314e-05
27.35000000000025,0.001455251308037594,0.003132125701959507,0.01383021457951974,0.9999999999922029,-5.244647403564223e-05,-1.385815418501467e-15,8.460696079503697e-07,5.329254367657314e-05
27.40000000000025,0.00145787301016075,0.003132125701959507,0.01404015890467879,0.9999999999922424,-5.243404218540115e-05,-1.379340995672546e-15,8.585014581914472e-07,5.329254367657314e-05
27.45000000000026,0.001460494084223379,0.003132125701959507,0.01425239102854383,0.9999999999922822,-5.24214809764876e-05,-1.372902351969224e-15,8.710626671050075e-07,5.329254367657314e-05
27.50000000000026,0.001463114523725896,0.003132125701959507,0.01446692341883653,0.9999999999923214,-5.240878977506263e-05,-1.36649396196866e-15,8.83753868529974e-07,5.329254367657314e-05
27.55000000000026,0.001465734322137141,0.003132125701959507,0.0146837684782188,0.9999999999923607,-5.239596795145645e-05,-1.360118622464813e-15,8.96575692136156e-07,5.329254367657314e-05
27.60000000000026,0.001468353472894777,0.003132125701959507,0.01490293854315219,0.9999999999923991,-5.238301488022446e-05,-1.353774394042853e-15,9.095287633681398e-07,5.329254367657314e-05
27.65000000000026,0.001470971969405351,0.003132125701959507,0.01512444588276515,0.9999999999924378,-5.236992994020281e-05,-1.347460517546562e-15,9.226137033897937e-07,5.329254367657314e-05
27.70000000000026,0.001473589805044577,0.003132125701959507,0.01534830269772913,0.9999999999924765,-5.235671251456322e-05,-1.341181394383446e-15,9.358311290293842e-07,5.329254367657314e-05
27.75000000000026,0.001476206973157559,0.003132125701959507,0.01557452111914418,0.9999999999925149,-5.234336199086728e-05,-1.334932337552317e-15,9.491816527253216e-07,5.329254367657314e-05
27.80000000000026,0.001478823467059001,0.003132125701959507,0.01580311320743473,0.9999999999925528,-5.232987776112006e-05,-1.328711335292105e-15,9.626658824725432e-07,5.329254367657314e-05
27.85000000000026,0.001481439280033394,0.003132125701959507,0.01603409095125558,0.9999999999925907,-5.231625922182306e-05,-1.32252593189879e-15,9.762844217695409e-07,5.329254367657314e-05
27.90000000000026,0.001484054405335349,0.003132125701959507,0.01626746626640852,0.9999999999926286,-5.230250577402656e-05,-1.316370460204474e-15,9.90037869566039e-07,5.329254367657314e-05
27.95000000000026,0.001486668836189743,0.003132125701959507,0.01650325099476971,0.999999999992666,-5.228861682338126e-05,-1.310245667652907e-15,1.003926820211337e-06,5.329254367657314e-05
28.00000000000026,0.001489282565791887,0.003132125701959507,0.01674145690322793,0.9999999999927034,-5.227459178018929e-05,-1.304150550715814e-15,1.017951863403311e-06,5.329254367657314e-05
28.05000000000026,0.001491895587307945,0.003132125701959507,0.01698209568263398,0.9999999999927407,-5.226043005945452e-05,-1.298086756850416e-15,1.032113584138087e-06,5.329254367657314e-05
28.10000000000026,0.001494507893874999,0.003132125701959507,0.01722517894676115,0.9999999999927776,-5.224613108093221e-05,-1.292049870014592e-15,1.046412562660392e-06,5.329254367657314e-05
28.15000000000027,0.001497119478601421,0.003132125701959507,0.01747071823127708,0.9999999999928144,-5.223169426917803e-05,-1.286045011549236e-15,1.060849374414576e-06,5.329254367657314e-05
28.20000000000027,0.001499730334567004,0.003132125701959507,0.01771872499272694,0.9999999999928508,-5.221711905359628e-05,-1.280070598455462e-15,1.075424589996319e-06,5.329254367657314e-05
28.25000000000027,0.001502340454823259,0.003132125701959507,0.01796921060752827,0.9999999999928876,-5.220240486848758e-05,-1.274124454214416e-15,1.090138775105027e-06,5.329254367657314e-05
28.30000000000027,0.001504949832393702,0.003132125701959507,0.01822218637097721,0.9999999999929237,-5.218755115309569e-05,-1.268210530755236e-15,1.104992490496911e-06,5.329254367657314e-05
28.35000000000027,0.001507558460274022,0.003132125701959507,0.01847766349626662,0.9999999999929595,-5.217255735165384e-05,-1.262323908718578e-15,1.119986291938761e-06,5.329254367657314e-05
28.40000000000027,0.001510166331432357,0.003132125701959507,0.01873565311351594,0.9999999999929957,-5.215742291343019e-05,-1.256465199030151e-15,1.135120730162416e-06,5.329254367657314e-05
28.45000000000027,0.001512773438809632,0.003132125701959507,0.01899616626881292,0.999999999993031,-5.214214729277267e-05,-1.2506379054958e-15,1.150396350819928e-06,5.329254367657314e-05
28.50000000000027,0.00151537977531965,0.003132125701959507,0.01925921392326731,0.9999999999930668,-5.212672994915317e-05,-1.244838301921372e-15,1.165813694439431e-06,5.329254367657314e-05
28.55000000000027,0.001517985333849499,0.003132125701959507,0.01952480695207658,0.9999999999931021,-5.21111703472109e-05,-1.239065530666584e-15,1.181373296381706e-06,5.329254367657314e-05
28.60000000000027,0.001520590107259767,0.003132125701959507,0.01979295614360384,0.9999999999931373,-5.209546795679514e-05,-1.233324306917731e-15,1.197075686797463e-06,5.329254367657314e-05
28.65000000000027,0.001523194088384806,0.003132125701959507,0.02006367219846789,0.9999999999931724,-5.207962225300729e-05,-1.227609388900866e-15,1.212921390585315e-06,5.329254367657314e-05
28.70000000000027,0.001525797270032942,0.003132125701959507,0.02033696572864553,0.9999999999932071,-5.206363271624213e-05,-1.221924077958041e-15,1.228910927350472e-06,5.329254367657314e-05
28.75000000000027,0.001528399644986846,0.003132125701959507,0.02061284725658628,0.9999999999932421,-5.204749883222846e-05,-1.216265325181363e-15,1.245044811364144e-06,5.329254367657314e-05
28.80000000000027,0.001531001206003681,0.003132125701959507,0.02089132721433936,0.9999999999932763,-5.203122009206895e-05,-1.210637259158008e-15,1.261323551523653e-06,5.329254367657314e-05
28.85000000000027,0.00153360194581544,0.003132125701959507,0.02117241594269332,0.9999999999933107,-5.201479599227934e-05,-1.205033061972755e-15,1.277747651313268e-06,5.329254367657314e-05
28.90000000000028,0.001536201857129287,0.003132125701959507,0.02145612369032803,0.9999999999933449,-5.199822603482686e-05,-1.199458463260665e-15,1.294317608765739e-06,5.329254367657314e-05
28.95000000000028,0.001538800932627722,0.003132125701959507,0.02174246061297929,0.9999999999933791,-5.198150972716804e-05,-1.193910913747353e-15,1.311033916424568e-06,5.329254367657314e-05
29.00000000000028,0.001541399164968829,0.003132125701959507,0.02203143677261613,0.9999999999934127,-5.196464658228562e-05,-1.188391422926859e-15,1.327897061306984e-06,5.329254367657314e-05
29.05000000000028,0.001543996546786735,0.003132125701959507,0.02232306213663068,0.9999999999934465,-5.194763611872496e-05,-1.182897029917598e-15,1.344907524867644e-06,5.329254367657314e-05
29.10000000000028,0.001546593070691645,0.003132125701959507,0.02261734657704089,0.9999999999934798,-5.193047786062956e-05,-1.177432009228666e-15,1.362065782963045e-06,5.329254367657314e-05
29.15000000000028,0.001549188729270365,0.003132125701959507,0.02291429986970586,0.9999999999935132,-5.191317133777594e-05,-1.171993109980331e-15,1.379372305816665e-06,5.329254367657314e-05
29.20000000000028,0.001551783515086439,0.003132125701959507,0.02321393169355413,0.9999999999935466,-5.189571608560778e-05,-1.166579519495021e-15,1.396827557984828e-06,5.329254367657314e-05
29.25000000000028,0.001554377420680431,0.003132125701959507,0.02351625162982473,0.9999999999935795,-5.187811164526933e-05,-1.16119176641822e-15,1.414431998323272e-06,5.329254367657314e-05
29.30000000000028,0.00155697043857031,0.003132125701959507,0.02382126916132115,0.9999999999936121,-5.186035756363814e-05,-1.155833197493003e-15,1.43218607995446e-06,5.329254367657314e-05
29.35000000000028,0.001559562561251588,0.003132125701959507,0.02412899367167822,0.9999999999936446,-5.184245339335701e-05,-1.150499987658201e-15,1.450090250235596e-06,5.329254367657314e-05
29.40000000000028,0.001562153781197799,0.003132125701959507,0.02443943444464189,0.9999999999936775,-5.182439869286523e-05,-1.145192535388355e-15,1.468144950727376e-06,5.329254367657314e-05
29.45000000000028,0.001564744090860666,0.003132125701959507,0.02475260066336203,0.9999999999937097,-5.180619302642916e-05,-1.139911366574452e-15,1.486350617163447e-06,5.329254367657314e-05
29.50000000000028,0.001567333482670344,0.003132125701959507,0.02506850140969831,0.999999999993742,-5.1787835964172e-05,-1.134656213010884e-15,1.504707679420599e-06,5.329254367657314e-05
29.55000000000028,0.001569921949035825,0.003132125701959507,0.02538714566353887,0.9999999999937741,-5.176932708210294e-05,-1.129424483398407e-15,1.523216561489667e-06,5.329254367657314e-05
29.60000000000029,0.001572509482345342,0.003132125701959507,0.02570854230213226,0.9999999999938061,-5.175066596214544e-05,-1.124220374832103e-15,1.54187768144716e-06,5.329254367657314e-05
29.65000000000029,0.001575096074966266,0.003132125701959507,0.02603270009943233,0.9999999999938377,-5.173185219216499e-05,-1.119039627366879e-15,1.56069145142761e-06,5.329254367657314e-05
29.70000000000029,0.001577681719245813,0.003132125701959507,0.02635962772545621,0.9999999999938692,-5.171288536599597e-05,-1.113885646517258e-15,1.579658277596631e-06,5.329254367657314e-05
29.75000000000029,0.001580266407511227,0.003132125701959507,0.02668933374565538,0.9999999999939008,-5.16937650834679e-05,-1.108758045209664e-15,1.598778560124704e-06,5.329254367657314e-05
29.80000000000029,0.001582850132069918,0.003132125701959507,0.02702182662029979,0.9999999999939321,-5.167449095043092e-05,-1.103652846478184e-15,1.618052693161683e-06,5.329254367657314e-05
29.85000000000029,0.001585432885209946,0.003132125701959507,0.02735711470387517,0.9999999999939631,-5.165506257878061e-05,-1.098573838880202e-15,1.637481064811996e-06,5.329254367657314e-05
29.90000000000029,0.001588014659200322,0.003132125701959507,0.02769520624449336,0.999999999993994,-5.163547958648202e-05,-1.093519345728998e-15,1.657064057110582e-06,5.329254367657314e-05
29.95000000000029,0.001590595446291237,0.003132125701959507,0.02803610938331578,0.9999999999940249,-5.161574159759307e-05,-1.088489578648389e-15,1.676802045999533e-06,5.329254367657314e-05
30.00000000000029,0.001593175238714301,0.003132125701959507,0.02837983215398999,0.9999999999940558,-5.159584824228716e-05,-1.08348384475205e-15,1.696695401305443e-06,5.329254367657314e-05
30.05000000000029,0.001595754028683068,0.003132125701959507,0.0287263824820994,0.9999999999940863,-5.157579915687513e-05,-1.078503353308674e-15,1.716744486717471e-06,5.329254367657314e-05
30.10000000000029,0.001598331808393116,0.003132125701959507,0.02907576818462603,0.9999999999941166,-5.15555939838265e-05,-1.073545973224795e-15,1.736949659766111e-06,5.329254367657314e-05
30.15000000000029,0.001600908570022533,0.003132125701959507,0.02942799696942635,0.9999999999941467,-5.153523237178994e-05,-1.068613168982162e-15,1.757311271802669e-06,5.329254367657314e-05
30.20000000000029,0.001603484305732094,0.003132125701959507,0.02978307643472028,0.9999999999941768,-5.151471397561316e-05,-1.063702724603491e-15,1.777829667979443e-06,5.329254367657314e-05
30.25000000000029,0.001606059007665638,0.003132125701959507,0.03014101406859315,0.9999999999942069,-5.1494038456362e-05,-1.058817465039489e-15,1.798505187230604e-06,5.329254367657314e-05
30.3000000000003,0.001608632667950375,0.003132125701959507,0.03050181724851083,0.9999999999942366,-5.147320548133883e-05,-1.053957533039937e-15,1.819338162253781e-06,5.329254367657314e-05
30.3500000000003,0.00161120527869723,0.003132125701959507,0.03086549324084781,0.9999999999942663,-5.145221472410026e-05,-1.049117720937891e-15,1.840328919492339e-06,5.329254367657314e-05
30.4000000000003,0.001613776832001037,0.003132125701959507,0.03123204920042835,0.9999999999942958,-5.143106586447424e-05,-1.044303762510694e-15,1.861477779118355e-06,5.329254367657314e-05
30.4500000000003,0.001616347319941014,0.003132125701959507,0.0316014921700806,0.9999999999943252,-5.140975858857632e-05,-1.039511501891767e-15,1.882785055016288e-06,5.329254367657314e-05
30.5000000000003,0.001618916734580946,0.003132125701959507,0.03197382908020376,0.9999999999943543,-5.138829258882528e-05,-1.034746374107785e-15,1.904251054767331e-06,5.329254367657314e-05
30.5500000000003,0.001621485067969574,0.003132125701959507,0.03234906674834812,0.9999999999943833,-5.136666756395813e-05,-1.02999865120416e-15,1.925876079634475e-06,5.329254367657314e-05
30.6000000000003,0.001624052312140963,0.003132125701959507,0.03272720705527023,0.9999999999944124,-5.134488321904438e-05,-1.025276877350952e-15,1.94766042454822e-06,5.329254367657314e-05
30.6500000000003,0.001626618459114596,0.003132125701959507,0.03310825982293801,0.9999999999944412,-5.132293926549961e-05,-1.020576853151356e-15,1.969604378092999e-06,5.329254367657314e-05
30.7000000000003,0.001629183500895941,0.003132125701959507,0.03349223304307081,0.9999999999944699,-5.130083542109832e-05,-1.015902480848778e-15,1.991708222494277e-06,5.329254367657314e-05
30.7500000000003,0.001631747429476721,0.003132125701959507,0.03387913307798006,0.9999999999944983,-5.12785714099863e-05,-1.011245917445575e-15,2.01397223360631e-06,5.329254367657314e-05
30.8000000000003,0.001634310236835048,0.003132125701959507,0.03426896617522988,0.9999999999945268,-5.1256146962692e-05,-1.006614550331876e-15,2.0363966809006e-06,5.329254367657314e-05
30.8500000000003,0.001636871914936037,0.003132125701959507,0.03466173846729425,0.999999999994555,-5.12335618161376e-05,-1.002003368436589e-15,2.058981827454998e-06,5.329254367657314e-05
30.9000000000003,0.001639432455731845,0.003132125701959507,0.03505745597122691,0.999999999994583,-5.121081571364911e-05,-9.974171951473747e-16,2.081727929943489e-06,5.329254367657314e-05
30.9500000000003,0.001641991851162172,0.003132125701959507,0.03545612458834375,0.9999999999946112,-5.118790840496596e-05,-9.92850918760946e-16,2.104635238626641e-06,5.329254367657314e-05
31.00000000000031,0.001644550093154512,0.003132125701959507,0.0358577501039182,0.999999999994639,-5.11648396462499e-05,-9.883100855184767e-16,2.127703997342701e-06,5.329254367657314e-05
31.05000000000031,0.001647107173624509,0.003132125701959507,0.03626233818688888,0.9999999999946666,-5.114160920009323e-05,-9.83787775630827e-16,2.150934443499371e-06,5.329254367657314e-05
31.10000000000031,0.001649663084476231,0.003132125701959507,0.03666989438957997,0.9999999999946941,-5.11182168355264e-05,-9.792874709167016e-16,2.1743268080662e-06,5.329254367657314e-05
31.15000000000031,0.00165221781760252,0.003132125701959507,0.03708042414743414,0.9999999999947218,-5.109466232802493e-05,-9.748097262668187e-16,2.197881315567673e-06,5.329254367657314e-05
31.20000000000031,0.001654771364885368,0.003132125701959507,0.03749393277875777,0.999999999994749,-5.107094545951569e-05,-9.703537271369183e-16,2.221598184076908e-06,5.329254367657314e-05
31.25000000000031,0.0016573237181961,0.003132125701959507,0.0379104254844787,0.9999999999947761,-5.10470660183826e-05,-9.659175335009838e-16,2.24547762521001e-06,5.329254367657314e-05
31.30000000000031,0.001659874869395837,0.003132125701959507,0.0383299073479164,0.9999999999948032,-5.102302379947154e-05,-9.615039443203261e-16,2.26951984412107e-06,5.329254367657314e-05
31.35000000000031,0.00166242481033575,0.003132125701959507,0.03875238333456425,0.9999999999948301,-5.099881860409482e-05,-9.571117864031185e-16,2.293725039497781e-06,5.329254367657314e-05
31.40000000000031,0.001664973532857436,0.003132125701959507,0.03917785829188423,0.9999999999948567,-5.09744502400349e-05,-9.527410929358539e-16,2.318093403557702e-06,5.329254367657314e-05
31.45000000000031,0.001667521028793138,0.003132125701959507,0.03960633694911384,0.9999999999948834,-5.094991852154746e-05,-9.483883154902748e-16,2.342625122045141e-06,5.329254367657314e-05
31.50000000000031,0.001670067289966196,0.003132125701959507,0.0400378239170849,0.9999999999949102,-5.092522326936395e-05,-9.44059589898976e-16,2.367320374228658e-06,5.329254367657314e-05
31.55000000000031,0.001672612308191286,0.003132125701959507,0.04047232368805485,0.9999999999949365,-5.090036431069341e-05,-9.397499502166707e-16,2.392179332899193e-06,5.329254367657314e-05
31.60000000000031,0.001675156075274765,0.003132125701959507,0.04090984063554956,0.9999999999949625,-5.08753414792238e-05,-9.354608244937809e-16,2.417202164368804e-06,5.329254367657314e-05
31.65000000000031,0.001677698583014971,0.003132125701959507,0.04135037901421859,0.9999999999949889,-5.085015461512259e-05,-9.311956489959785e-16,2.44238902847001e-06,5.329254367657314e-05
31.70000000000032,0.001680239823202648,0.003132125701959507,0.04179394295970191,0.9999999999950151,-5.082480356503684e-05,-9.26946234774348e-16,2.467740078555759e-06,5.329254367657314e-05
31.75000000000032,0.001682779787621139,0.003132125701959507,0.0422405364885089,0.9999999999950411,-5.079928818209264e-05,-9.227204928594804e-16,2.493255461499968e-06,5.329254367657314e-05
31.80000000000032,0.001685318468046763,0.003132125701959507,0.04269016349790859,0.9999999999950666,-5.077360832589391e-05,-9.185149085364639e-16,2.518935317698692e-06,5.329254367657314e-05
31.85000000000032,0.001687855856249178,0.003132125701959507,0.04314282776583206,0.9999999999950924,-5.074776386252075e-05,-9.143259731106584e-16,2.544779781071856e-06,5.329254367657314e-05
31.90000000000032,0.001690391943991689,0.003132125701959507,0.04359853295078617,0.9999999999951178,-5.072175466452701e-05,-9.101577886552152e-16,2.570788979065594e-06,5.329254367657314e-05
31.95000000000032,0.001692926723031451,0.003132125701959507,0.04405728259177904,0.9999999999951432,-5.069558061093743e-05,-9.060103913702495e-16,2.596963032655171e-06,5.329254367657314e-05
32.00000000000032,0.001695460185119971,0.003132125701959507,0.04451908010825687,0.9999999999951686,-5.066924158724413e-05,-9.018842823358518e-16,2.623302056348472e-06,5.329254367657314e-05
32.05000000000032,0.001697992322003373,0.003132125701959507,0.04498392880005222,0.9999999999951936,-5.064273748540253e-05,-8.977762547688638e-16,2.64980615819007e-06,5.329254367657314e-05
32.10000000000031,0.001700523125422643,0.003132125701959507,0.04545183184734369,0.9999999999952187,-5.061606820382673e-05,-8.93690586311358e-16,2.676475439765878e-06,5.329254367657314e-05
32.15000000000031,0.001703052587114048,0.003132125701959507,0.04592279231062673,0.9999999999952439,-5.058923364738426e-05,-8.896216608248956e-16,2.703309996208341e-06,5.329254367657314e-05
32.20000000000031,0.001705580698809448,0.003132125701959507,0.04639681313069586,0.9999999999952683,-5.05622337273904e-05,-8.855725742005311e-16,2.730309916202208e-06,5.329254367657314e-05
32.25000000000031,0.001708107452236499,0.003132125701959507,0.04687389712863777,0.9999999999952932,-5.053506836160176e-05,-8.815431225187845e-16,2.757475281990845e-06,5.329254367657314e-05
32.3000000000003,0.001710632839119112,0.003132125701959507,0.04735404700583556,0.9999999999953181,-5.050773747420949e-05,-8.77533764196386e-16,2.784806169383112e-06,5.329254367657314e-05
32.3500000000003,0.001713156851177776,0.003132125701959507,0.04783726534398407,0.9999999999953423,-5.048024099583182e-05,-8.735417326457747e-16,2.812302647760778e-06,5.329254367657314e-05
32.4000000000003,0.001715679480129816,0.003132125701959507,0.04832355460511573,0.9999999999953666,-5.045257886350612e-05,-8.695699360313743e-16,2.839964780086477e-06,5.329254367657314e-05
32.45000000000029,0.001718200717689649,0.003132125701959507,0.04881291713163774,0.999999999995391,-5.042475102068041e-05,-8.656154635843743e-16,2.867792622912194e-06,5.329254367657314e-05
32.50000000000029,0.001720720555569291,0.003132125701959507,0.04930535514637939,0.9999999999954151,-5.039675741720431e-05,-8.616810525491866e-16,2.895786226388299e-06,5.329254367657314e-05
32.55000000000029,0.001723238985478479,0.003132125701959507,0.04980087075265043,0.999999999995439,-5.036859800931952e-05,-8.577633479463608e-16,2.923945634273082e-06,5.329254367657314e-05
32.60000000000029,0.001725755999125143,0.003132125701959507,0.05029946593430992,0.9999999999954629,-5.034027275964976e-05,-8.538684681540462e-16,2.95227088394284e-06,5.329254367657314e-05
32.65000000000028,0.001728271588215678,0.003132125701959507,0.05080114255584536,0.9999999999954865,-5.031178163719016e-05,-8.499882614878958e-16,2.980762006402447e-06,5.329254367657314e-05
32.70000000000028,0.001730785744455163,0.003132125701959507,0.05130590236246242,0.9999999999955103,-5.028312461729615e-05,-8.461289854968412e-16,3.009419026296455e-06,5.329254367657314e-05
32.75000000000028,0.001733298459547797,0.003132125701959507,0.05181374698018486,0.9999999999955337,-5.025430168167192e-05,-8.422874640517243e-16,3.038241961920691e-06,5.329254367657314e-05
32.80000000000027,0.001735809725197243,0.003132125701959507,0.05232467791596478,0.9999999999955572,-5.022531281835823e-05,-8.38462374854355e-16,3.067230825234369e-06,5.329254367657314e-05
32.85000000000027,0.001738319533106832,0.003132125701959507,0.05283869655780273,0.9999999999955806,-5.019615802171993e-05,-8.346577612459398e-16,3.096385621872675e-06,5.329254367657314e-05
32.90000000000027,0.001740827874979922,0.003132125701959507,0.05335580417487828,0.9999999999956038,-5.016683729243275e-05,-8.308690777533417e-16,3.125706351159854e-06,5.329254367657314e-05
32.95000000000027,0.001743334742520205,0.003132125701959507,0.05387600191769011,0.9999999999956269,-5.013735063746982e-05,-8.270989729320826e-16,3.155193006122791e-06,5.329254367657314e-05
33.00000000000026,0.001745840127432082,0.003132125701959507,0.05439929081820627,0.9999999999956498,-5.010769807008755e-05,-8.233496304180498e-16,3.184845573505051e-06,5.329254367657314e-05
33.05000000000026,0.001748344021420949,0.003132125701959507,0.05492567179002411,0.9999999999956728,-5.007787960981119e-05,-8.196146814876706e-16,3.214664033781409e-06,5.329254367657314e-05
33.10000000000026,0.001750846416193358,0.003132125701959507,0.0554551456285399,0.9999999999956956,-5.004789528241976e-05,-8.158983865335302e-16,3.244648361172843e-06,5.329254367657314e-05
33.15000000000025,0.001753347303457622,0.003132125701959507,0.05598771301112797,0.9999999999957182,-5.001774511993061e-05,-8.121988725418973e-16,3.274798523661988e-06,5.329254367657314e-05
33.20000000000025,0.001755846674923873,0.003132125701959507,0.0565233744973295,0.9999999999957407,-4.998742916058354e-05,-8.085190081350107e-16,3.305114483009062e-06,5.329254367657314e-05
33.25000000000025,0.001758344522304543,0.003132125701959507,0.05706213052905066,0.9999999999957633,-4.995694744882439e-05,-8.04854265216104e-16,3.335596194768219e-06,5.329254367657314e-05
33.30000000000025,0.001760840837314446,0.003132125701959507,0.05760398143077,0.9999999999957855,-4.992630003528822e-05,-8.012087107029858e-16,3.366243608304388e-06,5.329254367657314e-05
33.35000000000024,0.001763335611671417,0.003132125701959507,0.05814892740975525,0.9999999999958078,-4.989548697678209e-05,-7.975798568953278e-16,3.397056666810512e-06,5.329254367657314e-05
33.40000000000024,0.001765828837096322,0.003132125701959507,0.05869696855628895,0.99999999999583,-4.986450833626735e-05,-7.939682381245891e-16,3.428035307325259e-06,5.329254367657314e-05
33.45000000000024,0.001768320505313511,0.003132125701959507,0.05924810484390351,0.999999999995852,-4.983336418284146e-05,-7.903727577857397e-16,3.459179460751144e-06,5.329254367657314e-05
33.50000000000023,0.001770810608051105,0.003132125701959507,0.05980233612962491,0.9999999999958741,-4.980205459171951e-05,-7.867956420396214e-16,3.490489051873086e-06,5.329254367657314e-05
33.55000000000023,0.001773299137041314,0.003132125701959507,0.06035966215422542,0.9999999999958959,-4.977057964421521e-05,-7.832329567958826e-16,3.521963999377386e-06,5.329254367657314e-05
33.60000000000023,0.001775786084020612,0.003132125701959507,0.06092008254248501,0.9999999999959173,-4.973893942772148e-05,-7.796901999743701e-16,3.553604215871126e-06,5.329254367657314e-05
33.65000000000023,0.001778271440730331,0.003132125701959507,0.06148359680346144,0.999999999995939,-4.970713403569065e-05,-7.761645222314962e-16,3.585409607901954e-06,5.329254367657314e-05
33.70000000000022,0.001780755198916562,0.003132125701959507,0.06205020433076894,0.9999999999959607,-4.96751635676143e-05,-7.726519782570019e-16,3.617380075978311e-06,5.329254367657314e-05
33.75000000000022,0.001783237350330862,0.003132125701959507,0.06261990440286537,0.9999999999959821,-4.964302812900257e-05,-7.691583749874456e-16,3.649515514590032e-06,5.329254367657314e-05
33.80000000000022,0.001785717886730236,0.003132125701959507,0.06319269618334769,0.9999999999960034,-4.961072783136326e-05,-7.65681639900227e-16,3.681815812229345e-06,5.329254367657314e-05
33.85000000000021,0.001788196799877597,0.003132125701959507,0.06376857872125591,0.9999999999960246,-4.957826279218034e-05,-7.622206770726689e-16,3.71428085141227e-06,5.329254367657314e-05
33.90000000000021,0.001790674081542087,0.003132125701959507,0.06434755095138489,0.9999999999960457,-4.954563313489222e-05,-7.587761041762306e-16,3.746910508700386e-06,5.329254367657314e-05
33.95000000000021,0.001793149723499253,0.003132125701959507,0.06492961169460458,0.9999999999960669,-4.951283898886961e-05,-7.553455291670707e-16,3.779704654722999e-06,5.329254367657314e-05
34.00000000000021,0.00179562371753136,0.003132125701959507,0.06551475965818811,0.9999999999960875,-4.947988048939296e-05,-7.519340319932234e-16,3.812663154199649e-06,5.329254367657314e-05
34.0500000000002,0.001798096055427883,0.003132125701959507,0.06610299343614769,0.9999999999961086,-4.944675777762959e-05,-7.485374865709551e-16,3.845785865963018e-06,5.329254367657314e-05
34.1000000000002,0.001800566728985501,0.003132125701959507,0.06669431150957848,0.9999999999961293,-4.941347100061042e-05,-7.45157419014748e-16,3.879072642982183e-06,5.329254367657314e-05
34.1500000000002,0.001803035730008614,0.003132125701959507,0.06728871224701011,0.9999999999961497,-4.938002031120638e-05,-7.417933042394117e-16,3.912523332386232e-06,5.329254367657314e-05
34.20000000000019,0.001805503050309554,0.003132125701959507,0.06788619390476565,0.9999999999961702,-4.934640586810438e-05,-7.384447842076752e-16,3.94613777548822e-06,5.329254367657314e-05
34.25000000000019,0.001807968681708829,0.003132125701959507,0.06848675462732835,0.9999999999961907,-4.93126278357831e-05,-7.35112510889096e-16,3.979915807809498e-06,5.329254367657314e-05
34.30000000000019,0.001810432616035534,0.003132125701959507,0.06909039244771577,0.9999999999962111,-4.927868638448826e-05,-7.317939764811929e-16,4.013857259104344e-06,5.329254367657314e-05
34.35000000000019,0.00181289484512746,0.003132125701959507,0.06969710528786074,0.9999999999962313,-4.924458169020764e-05,-7.284937600275185e-16,4.04796195338496e-06,5.329254367657314e-05
34.40000000000018,0.001815355360831599,0.003132125701959507,0.07030689095900056,0.9999999999962514,-4.92103139346458e-05,-7.252069374441845e-16,4.082229708946804e-06,5.329254367657314e-05
34.45000000000018,0.001817814155004195,0.003132125701959507,0.07091974716207211,0.9999999999962714,-4.91758833051984e-05,-7.219395162470007e-16,4.116660338394206e-06,5.329254367657314e-05
34.50000000000018,0.00182027121951128,0.003132125701959507,0.07153567148811485,0.9999999999962913,-4.914128999492625e-05,-7.186806482964923e-16,4.151253648666352e-06,5.329254367657314e-05
34.55000000000017,0.001822726546228723,0.003132125701959507,0.07215466141868046,0.9999999999963111,-4.910653420252905e-05,-7.154425222439794e-16,4.186009441063554e-06,5.329254367657314e-05
34.60000000000017,0.001825180127042583,0.003132125701959507,0.07277671432624924,0.999999999996331,-4.907161613231877e-05,-7.122180329655192e-16,4.220927511273835e-06,5.329254367657314e-05
34.65000000000017,0.001827631953849523,0.003132125701959507,0.07340182747465342,0.9999999999963507,-4.903653599419279e-05,-7.090070651813678e-16,4.256007649399823e-06,5.329254367657314e-05
34.70000000000017,0.001830082018556905,0.003132125701959507,0.07402999801950699,0.9999999999963705,-4.900129400360666e-05,-7.05815407869887e-16,4.291249639985936e-06,5.329254367657314e-05
34.75000000000016,0.001832530313083151,0.003132125701959507,0.07466122300864203,0.9999999999963897,-4.896589038154673e-05,-7.026371988029413e-16,4.32665326204587e-06,5.329254367657314e-05
34.80000000000016,0.001834976829358009,0.003132125701959507,0.07529549938255156,0.999999999996409,-4.893032535450224e-05,-6.994710570252632e-16,4.362218289090361e-06,5.329254367657314e-05
34.85000000000016,0.00183742155932282,0.003132125701959507,0.07593282397483883,0.9999999999964285,-4.889459915443736e-05,-6.963216622379514e-16,4.397944489155248e-06,5.329254367657314e-05
34.90000000000015,0.001839864494930827,0.003132125701959507,0.07657319351267257,0.9999999999964477,-4.88587120187628e-05,-6.931863384711723e-16,4.433831624829803e-06,5.329254367657314e-05
34.95000000000015,0.001842305628147391,0.003132125701959507,0.07721660461724875,0.9999999999964669,-4.882266419030728e-05,-6.900667629816501e-16,4.469879453285326e-06,5.329254367657314e-05
35.00000000000015,0.001844744950950256,0.003132125701959507,0.07786305380425806,0.9999999999964858,-4.878645591728857e-05,-6.869617387791706e-16,4.506087726304029e-06,5.329254367657314e-05
35.05000000000015,0.001847182455329906,0.003132125701959507,0.0785125374843597,0.9999999999965049,-4.875008745328444e-05,-6.838712821143527e-16,4.542456190308165e-06,5.329254367657314e-05
35.10000000000014,0.001849618133289703,0.003132125701959507,0.07916505196366064,0.9999999999965238,-4.871355905720319e-05,-6.807952935193737e-16,4.578984586389416e-06,5.329254367657314e-05
35.15000000000014,0.001852051976846254,0.003132125701959507,0.07982059344420094,0.9999999999965425,-4.867687099325406e-05,-6.777342675111965e-16,4.615672650338548e-06,5.329254367657314e-05
35.20000000000014,0.001854483978029727,0.003132125701959507,0.08047915802444462,0.9999999999965609,-4.864002353091732e-05,-6.746849861990858e-16,4.65252011267529e-06,5.329254367657314e-05
35.25000000000014,0.001856914128883817,0.003132125701959507,0.08114074169977628,0.9999999999965796,-4.860301694491414e-05,-6.716528237879064e-16,4.689526698678472e-06,5.329254367657314e-05
35.30000000000013,0.001859342421466376,0.003132125701959507,0.08180534036300285,0.9999999999965982,-4.85658515151762e-05,-6.686341119236856e-16,4.7266921284164e-06,5.329254367657314e-05
35.35000000000013,0.001861768847849514,0.003132125701959507,0.08247294980486104,0.9999999999966167,-4.852852752681515e-05,-6.656297847887257e-16,4.764016116777452e-06,5.329254367657314e-05
35.40000000000013,0.001864193400119791,0.003132125701959507,0.08314356571452999,0.999999999996635,-4.849104527009169e-05,-6.626376915876282e-16,4.801498373500914e-06,5.329254367657314e-05
35.45000000000012,0.001866616070378539,0.003132125701959507,0.08381718368014898,0.9999999999966531,-4.845340504038459e-05,-6.596616767723788e-16,4.839138603208019e-06,5.329254367657314e-05
35.50000000000012,0.001869036850742147,0.003132125701959507,0.08449379918934069,0.9999999999966713,-4.841560713815936e-05,-6.566987140972057e-16,4.876936505433238e-06,5.329254367657314e-05
35.55000000000012,0.001871455733342252,0.003132125701959507,0.08517340762973864,0.9999999999966896,-4.837765186893686e-05,-6.537479010634393e-16,4.914891774655743e-06,5.329254367657314e-05
35.60000000000012,0.00187387271032608,0.003132125701959507,0.08585600428952045,0.9999999999967074,-4.833953954326149e-05,-6.508145473003192e-16,4.953004100331108e-06,5.329254367657314e-05
35.65000000000011,0.001876287773856551,0.003132125701959507,0.08654158435794546,0.9999999999967254,-4.830127047666942e-05,-6.478942114344232e-16,4.991273166923181e-06,5.329254367657314e-05
35.70000000000011,0.001878700916112606,0.003132125701959507,0.08723014292589697,0.9999999999967432,-4.826284498965639e-05,-6.449864350325112e-16,5.029698653936212e-06,5.329254367657314e-05
35.75000000000011,0.001881112129289574,0.003132125701959507,0.08792167498642942,0.9999999999967607,-4.822426340764552e-05,-6.420909464196439e-16,5.068280235947087e-06,5.329254367657314e-05
35.8000000000001,0.001883521405599164,0.003132125701959507,0.08861617543531991,0.9999999999967785,-4.818552606095477e-05,-6.392106139206545e-16,5.10701758263784e-06,5.329254367657314e-05
35.8500000000001,0.00188592873726991,0.003132125701959507,0.08931363907162441,0.999999999996796,-4.814663328476433e-05,-6.363448161229714e-16,5.145910358828278e-06,5.329254367657314e-05
35.9000000000001,0.001888334116547311,0.003132125701959507,0.09001406059823795,0.9999999999968137,-4.810758541908376e-05,-6.334894707229839e-16,5.184958224508839e-06,5.329254367657314e-05
35.9500000000001,0.001890737535694204,0.003132125701959507,0.09071743462245929,0.999999999996831,-4.806838280871902e-05,-6.306488291742862e-16,5.22416083487358e-06,5.329254367657314e-05
36.00000000000009,0.00189313898699079,0.003132125701959507,0.09142375565655998,0.9999999999968484,-4.802902580323925e-05,-6.278227666283646e-16,5.26351784035336e-06,5.329254367657314e-05
36.05000000000009,0.001895538462735036,0.003132125701959507,0.09213301811835711,0.9999999999968654,-4.798951475694342e-05,-6.250097931446991e-16,5.303028886649179e-06,5.329254367657314e-05
36.10000000000009,0.00189793595524284,0.003132125701959507,0.0928452163317904,0.9999999999968826,-4.794985002882692e-05,-6.222093849292554e-16,5.342693614765684e-06,5.329254367657314e-05
36.15000000000008,0.001900331456848296,0.003132125701959507,0.09356034452750281,0.9999999999968998,-4.791003198254779e-05,-6.19421183666524e-16,5.382511661044817e-06,5.329254367657314e-05
36.20000000000008,0.00190272495990393,0.003132125701959507,0.09427839684342541,0.9999999999969168,-4.787006098639296e-05,-6.16646383136331e-16,5.42248265719964e-06,5.329254367657314e-05
36.25000000000008,0.001905116456780849,0.003132125701959507,0.09499936732536582,0.9999999999969336,-4.782993741324434e-05,-6.138860048521152e-16,5.462606230348264e-06,5.329254367657314e-05
36.30000000000008,0.001907505939869138,0.003132125701959507,0.09572324992760002,0.9999999999969504,-4.778966164054464e-05,-6.111356281701241e-16,5.502882003047965e-06,5.329254367657314e-05
36.35000000000007,0.001909893401577881,0.003132125701959507,0.09645003851346814,0.9999999999969672,-4.774923405026319e-05,-6.084006084763111e-16,5.543309593329408e-06,5.329254367657314e-05
36.40000000000007,0.001912278834335542,0.003132125701959507,0.09717972685597341,0.999999999996984,-4.770865502886159e-05,-6.056777561927782e-16,5.583888614731016e-06,5.329254367657314e-05
36.45000000000007,0.001914662230590045,0.003132125701959507,0.09791230863838468,0.9999999999970006,-4.766792496725914e-05,-6.029672324743445e-16,5.624618676333458e-06,5.329254367657314e-05
36.50000000000006,0.001917043582809264,0.003132125701959507,0.09864777745486956,0.9999999999970181,-4.762704426079664e-05,-6.00185404019793e-16,5.665499382795965e-06,5.329254367657314e-05
36.55000000000006,0.001919422883480882,0.003132125701959507,0.09938612681099775,0.9999999999970345,-4.758601330921098e-05,-5.975016667203486e-16,5.70653033438162e-06,5.329254367657314e-05
36.60000000000006,0.001921800125112836,0.003132125701959507,0.1001273501245033,0.9999999999970507,-4.754483251658395e-05,-5.948284816114467e-16,5.747711127008652e-06,5.329254367657314e-05
36.65000000000006,0.001924175300233493,0.003132125701959507,0.1008714407258083,0.9999999999970671,-4.750350229131664e-05,-5.921703526400891e-16,5.789041352275971e-06,5.329254367657314e-05
36.70000000000005,0.001926548401391856,0.003132125701959507,0.1016183918586584,0.9999999999970833,-4.746202304609477e-05,-5.895210544923735e-16,5.830520597497832e-06,5.329254367657314e-05
36.75000000000005,0.001928919421157797,0.003132125701959507,0.1023681966807461,0.9999999999970995,-4.742039519785305e-05,-5.868862509535611e-16,5.872148445739555e-06,5.329254367657314e-05
36.80000000000005,0.001931288352122179,0.003132125701959507,0.1031208482643336,0.9999999999971156,-4.73786191677394e-05,-5.842638720053186e-16,5.913924475853203e-06,5.329254367657314e-05
36.85000000000004,0.001933655186897231,0.003132125701959507,0.1038763395968799,0.9999999999971315,-4.73366953810795e-05,-5.816557842180746e-16,5.955848262513108e-06,5.329254367657314e-05
36.90000000000004,0.001936019918116566,0.003132125701959507,0.1046346635816697,0.9999999999971475,-4.729462426734117e-05,-5.790562888587693e-16,5.997919376251424e-06,5.329254367657314e-05
36.95000000000004,0.001938382538435501,0.003132125701959507,0.1053958130384451,0.9999999999971632,-4.725240626009895e-05,-5.764706016172149e-16,6.040137383493657e-06,5.329254367657314e-05
37.00000000000004,0.00194074304053125,0.003132125701959507,0.106159780704039,0.999999999997179,-4.721004179699829e-05,-5.738961672742428e-16,6.082501846594316e-06,5.329254367657314e-05
37.05000000000003,0.001943101417103128,0.003132125701959507,0.1069265592330125,0.9999999999971947,-4.716753131972002e-05,-5.713333642580207e-16,6.12501232387258e-06,5.329254367657314e-05
37.10000000000003,0.001945457660872671,0.003132125701959507,0.1076961411982928,0.9999999999972103,-4.712487527394449e-05,-5.687837871024131e-16,6.167668369648109e-06,5.329254367657314e-05
37.15000000000003,0.001947811764583963,0.003132125701959507,0.1084685190918147,0.999999999997226,-4.708207410931577e-05,-5.662440738677341e-16,6.210469534276837e-06,5.329254367657314e-05
37.20000000000002,0.001950163721003754,0.003132125701959507,0.1092436853251633,0.9999999999972415,-4.703912827940566e-05,-5.637190237937064e-16,6.253415364186938e-06,5.329254367657314e-05
37.25000000000002,0.001952513522921628,0.003132125701959507,0.1100216322302193,0.9999999999972567,-4.699603824167784e-05,-5.61204126829835e-16,6.296505401914767e-06,5.329254367657314e-05
37.30000000000002,0.001954861163150262,0.003132125701959507,0.1108023520598064,0.9999999999972723,-4.69528044574517e-05,-5.587014567471198e-16,6.339739186140907e-06,5.329254367657314e-05
37.35000000000002,0.001957206634525574,0.003132125701959507,0.1115858369883397,0.9999999999972875,-4.690942739186634e-05,-5.562086093801498e-16,6.383116251726257e-06,5.329254367657314e-05
37.40000000000001,0.001959549929906946,0.003132125701959507,0.1123720791124772,0.9999999999973028,-4.686590751384441e-05,-5.537296547233328e-16,6.426636129748191e-06,5.329254367657314e-05
37.45000000000001,0.001961891042177435,0.003132125701959507,0.113161070451772,0.9999999999973177,-4.682224529605587e-05,-5.512615293619053e-16,6.470298347536726e-06,5.329254367657314e-05
37.50000000000001,0.001964229964243836,0.003132125701959507,0.1139528029493267,0.9999999999973328,-4.677844121488183e-05,-5.488058639883957e-16,6.514102428710767e-06,5.329254367657314e-05
37.55,0.001966566689036984,0.003132125701959507,0.1147472684724496,0.9999999999973477,-4.673449575037823e-05,-5.463599591319334e-16,6.558047893214375e-06,5.329254367657314e-05
37.6,0.001968901209511893,0.003132125701959507,0.1155444588133116,0.9999999999973628,-4.669040938623952e-05,-5.439260068039674e-16,6.602134257353087e-06,5.329254367657314e-05
37.65,0.001971233518647977,0.003132125701959507,0.1163443656896056,0.9999999999973775,-4.664618260976235e-05,-5.415026634007517e-16,6.646361033830255e-06,5.329254367657314e-05
37.7,0.001973563609449102,0.003132125701959507,0.1171469807452063,0.9999999999973924,-4.66018159118092e-05,-5.390906576118756e-16,6.690727731783406e-06,5.329254367657314e-05
37.74999999999999,0.001975891474943958,0.003132125701959507,0.1179522955508322,0.999999999997407,-4.655730978677195e-05,-5.366916974448397e-16,6.735233856820655e-06,5.329254367657314e-05
37.79999999999999,0.001978217108186069,0.003132125701959507,0.1187603016047081,0.9999999999974216,-4.651266473253549e-05,-5.343025889237865e-16,6.779878911057112e-06,5.329254367657314e-05
37.84999999999999,0.001980540502254082,0.003132125701959507,0.1195709903332293,0.9999999999974366,-4.646788125044127e-05,-5.319235528116225e-16,6.824662393151337e-06,5.329254367657314e-05
37.89999999999998,0.001982861650251797,0.003132125701959507,0.1203843530916264,0.9999999999974509,-4.642295984525083e-05,-5.295577358591442e-16,6.869583798341776e-06,5.329254367657314e-05
37.94999999999998,0.001985180545308487,0.003132125701959507,0.1212003811646317,0.9999999999974652,-4.637790102510939e-05,-5.272025845245883e-16,6.914642618483216e-06,5.329254367657314e-05
37.99999999999998,0.001987497180578955,0.003132125701959507,0.1220190657671461,0.9999999999974796,-4.633270530150931e-05,-5.248582653918102e-16,6.959838342083297e-06,5.329254367657314e-05
38.04999999999998,0.001989811549243809,0.003132125701959507,0.1228403980449073,0.9999999999974937,-4.628737318925366e-05,-5.225241676280456e-16,7.005170454338942e-06,5.329254367657314e-05
38.09999999999997,0.001992123644509475,0.003132125701959507,0.1236643690751579,0.999999999997508,-4.624190520641972e-05,-5.20200066987055e-16,7.05063843717288e-06,5.329254367657314e-05
38.14999999999997,0.001994433459608554,0.003132125701959507,0.1244909698673158,0.9999999999975223,-4.619630187432253e-05,-5.178864665316726e-16,7.096241769270075e-06,5.329254367657314e-05
38.19999999999997,0.001996740987799705,0.003132125701959507,0.1253201913636437,0.9999999999975363,-4.615056371747835e-05,-5.155866338553924e-16,7.141979926114259e-06,5.329254367657314e-05
38.24999999999996,0.001999046222368169,0.003132125701959507,0.1261520244399203,0.9999999999975504,-4.610469126356826e-05,-5.132947535345198e-16,7.187852380024345e-06,5.329254367657314e-05
38.29999999999996,0.002001349156625612,0.003132125701959507,0.1269864599061115,0.9999999999975644,-4.60586850434017e-05,-5.110160175696216e-16,7.233858600190901e-06,5.329254367657314e-05
38.34999999999996,0.002003649783910379,0.003132125701959507,0.1278234885070424,0.9999999999975783,-4.601254559088001e-05,-5.087446954204174e-16,7.279998052712594e-06,5.329254367657314e-05
38.39999999999996,0.002005948097587744,0.003132125701959507,0.1286631009230695,0.9999999999975923,-4.596627344296e-05,-5.064869667734697e-16,7.326270200632603e-06,5.329254367657314e-05
38.44999999999995,0.002008244091049905,0.003132125701959507,0.1295052877707534,0.999999999997606,-4.591986913961757e-05,-5.042356882794415e-16,7.372674503975029e-06,5.329254367657314e-05
38.49999999999995,0.00201053775771628,0.003132125701959507,0.1303500396035314,0.9999999999976198,-4.587333322381135e-05,-5.019975433586492e-16,7.419210419781254e-06,5.329254367657314e-05
38.54999999999995,0.002012829091033487,0.003132125701959507,0.1311973469123915,0.9999999999976336,-4.582666624144628e-05,-4.997688034359504e-16,7.465877402146322e-06,5.329254367657314e-05
38.59999999999994,0.002015118084475697,0.003132125701959507,0.1320472001265447,0.9999999999976469,-4.577986874133735e-05,-4.975529323093826e-16,7.512674902255245e-06,5.329254367657314e-05
38.64999999999994,0.002017404731544546,0.003132125701959507,0.1328995896140993,0.9999999999976602,-4.573294127517333e-05,-4.953449359019748e-16,7.559602368419279e-06,5.329254367657314e-05
38.69999999999994,0.002019689025769479,0.003132125701959507,0.133754505682734,0.999999999997674,-4.568588439748038e-05,-4.931483058179122e-16,7.606659246112225e-06,5.329254367657314e-05
38.74999999999994,0.002021970960707814,0.003132125701959507,0.1346119385803714,0.9999999999976872,-4.563869866558603e-05,-4.909623501035145e-16,7.653844978006577e-06,5.329254367657314e-05
38.79999999999993,0.002024250529944842,0.003132125701959507,0.1354718784958515,0.9999999999977006,-4.559138463958284e-05,-4.887854949518304e-16,7.701159004009764e-06,5.329254367657314e-05
38.84999999999993,0.002026527727093954,0.003132125701959507,0.1363343155596053,0.9999999999977142,-4.554394288229237e-05,-4.866188705538742e-16,7.748600761300237e-06,5.329254367657314e-05
38.89999999999993,0.002028802545796934,0.003132125701959507,0.1371992398443273,0.9999999999977273,-4.549637395922901e-05,-4.844611724137883e-16,7.79616968436359e-06,5.329254367657314e-05
38.94999999999992,0.002031074979723799,0.003132125701959507,0.1380666413656489,0.9999999999977403,-4.544867843856404e-05,-4.823155354136338e-16,7.843865205028561e-06,5.329254367657314e-05
38.99999999999992,0.002033345022573296,0.003132125701959507,0.1389365100828107,0.9999999999977535,-4.540085689108955e-05,-4.801786767162109e-16,7.891686752503057e-06,5.329254367657314e-05
39.04999999999992,0.002035612668072717,0.003132125701959507,0.1398088358993347,0.9999999999977665,-4.535290989018256e-05,-4.78051506274221e-16,7.939633753410041e-06,5.329254367657314e-05
39.09999999999992,0.002037877909978216,0.003132125701959507,0.1406836086636965,0.9999999999977794,-4.530483801176914e-05,-4.7593479226268e-16,7.987705631823461e-06,5.329254367657314e-05
39.14999999999991,0.002040140742074804,0.003132125701959507,0.1415608181699959,0.9999999999977924,-4.52566418342886e-05,-4.738272533755948e-16,8.035901809304001e-06,5.329254367657314e-05
39.19999999999991,0.00204240115817659,0.003132125701959507,0.1424404541586286,0.9999999999978052,-4.520832193865772e-05,-4.717313908311113e-16,8.084221704934885e-06,5.329254367657314e-05
39.24999999999991,0.002044659152126827,0.003132125701959507,0.1433225063169556,0.9999999999978181,-4.515987890823506e-05,-4.696424689652217e-16,8.132664735357543e-06,5.329254367657314e-05
39.2999999999999,0.002046914717798082,0.003132125701959507,0.1442069642799734,0.9999999999978306,-4.511131332878536e-05,-4.675660091542478e-16,8.181230314807236e-06,5.329254367657314e-05
39.3499999999999,0.002049167849092301,0.003132125701959507,0.1450938176309828,0.9999999999978435,-4.506262578844398e-05,-4.654965469037833e-16,8.229917855148619e-06,5.329254367657314e-05
39.3999999999999,0.002051418539940964,0.003132125701959507,0.1459830559022569,0.9999999999978558,-4.501381687768142e-05,-4.63437448161042e-16,8.278726765911183e-06,5.329254367657314e-05
39.4499999999999,0.002053666784305154,0.003132125701959507,0.1468746685757088,0.9999999999978685,-4.49648871892679e-05,-4.613877524633892e-16,8.327656454324706e-06,5.329254367657314e-05
39.49999999999989,0.002055912576175815,0.003132125701959507,0.1477686450835578,0.9999999999978813,-4.491583731823803e-05,-4.593489219658074e-16,8.37670632535458e-06,5.329254367657314e-05
39.54999999999989,0.002058155909573588,0.003132125701959507,0.1486649748089957,0.9999999999978935,-4.486666786185559e-05,-4.573196164595211e-16,8.425875781737014e-06,5.329254367657314e-05
39.59999999999989,0.002060396778549268,0.003132125701959507,0.149563647086851,0.9999999999979059,-4.481737941957834e-05,-4.552990399201932e-16,8.475164224014259e-06,5.329254367657314e-05
39.64999999999988,0.002062635177183584,0.003132125701959507,0.1504646512042528,0.9999999999979183,-4.476797259302294e-05,-4.53286616560779e-16,8.524571050569666e-06,5.329254367657314e-05
39.69999999999988,0.002064871099587513,0.003132125701959507,0.151367976401294,0.9999999999979303,-4.471844798592994e-05,-4.512841264185678e-16,8.57409565766267e-06,5.329254367657314e-05
39.74999999999988,0.002067104539902342,0.003132125701959507,0.1522736118716925,0.9999999999979426,-4.466880620412883e-05,-4.492918958538955e-16,8.623737439463771e-06,5.329254367657314e-05
39.79999999999988,0.002069335492299744,0.003132125701959507,0.1531815467634518,0.999999999997955,-4.461904785550333e-05,-4.473076800243754e-16,8.67349578808927e-06,5.329254367657314e-05
39.84999999999987,0.002071563950981802,0.003132125701959507,0.1540917701795206,0.9999999999979671,-4.456917354995654e-05,-4.45333539350152e-16,8.723370093636067e-06,5.329254367657314e-05
39.89999999999987,0.00207378991018134,0.003132125701959507,0.1550042711784513,0.9999999999979791,-4.451918389937636e-05,-4.433674003638416e-16,8.773359744216254e-06,5.329254367657314e-05
39.94999999999987,0.002076013364161739,0.003132125701959507,0.1559190387750555,0.9999999999979912,-4.446907951760091e-05,-4.414111998241517e-16,8.823464125991697e-06,5.329254367657314e-05
39.99999999999986,0.002078234307217304,0.003132125701959507,0.1568360619410616,0.9999999999980029,-4.441886102038416e-05,-4.394653459205967e-16,8.873682623208442e-06,5.329254367657314e-05
