# Probe 0 (0 0 -0.156)
# Probe 1 (0.02 0 -0.156)
# Probe 2 (-0.02 0 -0.156)
# Probe 3 (0 0.02 -0.156)
# Probe 4 (0 -0.02 -0.156)
# Probe 5 (0.0141421356 0.0141421356 -0.156)
# Probe 6 (-0.0141421356 0.0141421356 -0.156)
# Probe 7 (0.0141421356 -0.0141421356 -0.156)
# Probe 8 (-0.0141421356 -0.0141421356 -0.156)
# Time              0                   1                   2                   3                   4                   5                   6                   7                   8                  
0.05                2.09318785913e-13   1.99024712986e-13   2.43404745522e-13   3.28573415312e-13   3.11163660632e-13   2.09275141264e-13   2.51999707125e-13   2.49678431337e-13   3.43491352351e-13  
0.1                 1.95167549203e-13   1.76731253337e-13   2.21559343372e-13   2.57004390524e-13   2.61170652554e-13   1.6407296894e-13    2.10551061237e-13   2.19049684145e-13   2.89440166111e-13  
0.15                2.49682127671e-13   1.96571058575e-13   2.71372369008e-13   2.46129283543e-13   2.82141050197e-13   1.71324158324e-13   2.38446138291e-13   2.45276355239e-13   3.11913745677e-13  
0.2                 7.28371439518e-13   5.36616258393e-13   7.39422234961e-13   6.27128178461e-13   7.03883247413e-13   5.0059292615e-13    6.53972524352e-13   6.29762573566e-13   7.76788521357e-13  
0.25                2.2904388393e-12    1.61857911503e-12   2.01049502624e-12   1.79679759e-12      1.90103647706e-12   1.56382993124e-12   1.84844297084e-12   1.7606029911e-12    2.03564676548e-12  
0.3                 7.44637189956e-12   5.12484065016e-12   5.74765124434e-12   5.41864633267e-12   5.53143984857e-12   5.01243530245e-12   5.46133888449e-12   5.27701432582e-12   5.70735495566e-12  
0.35                2.46683577176e-11   1.68938883047e-11   1.81070242404e-11   1.74742188111e-11   1.76002420356e-11   1.66047103332e-11   1.74629130178e-11   1.70023884384e-11   1.78452838478e-11  
0.4                 7.43302768609e-11   5.09938231392e-11   5.28181054943e-11   5.1879061272e-11    5.19731712986e-11   5.01729351874e-11   5.14669023796e-11   5.06748879096e-11   5.19308815667e-11  
0.45                2.07584369084e-10   1.43321111471e-10   1.45745703518e-10   1.44520021593e-10   1.44530749853e-10   1.41049522659e-10   1.42781888858e-10   1.41616302282e-10   1.43277024889e-10  
0.5                 5.38542710665e-10   3.74886297438e-10   3.77809548788e-10   3.76362686823e-10   3.76225363863e-10   3.69028714964e-10   3.71131982816e-10   3.69590369997e-10   3.71585898659e-10  
0.55                1.30334749244e-09   9.15247038792e-10   9.18561116312e-10   9.17004251837e-10   9.16599973189e-10   9.01220311356e-10   9.0363231121e-10    9.01690113963e-10   9.0395947249e-10   
0.6                 2.958851933e-09     2.09605824399e-09   2.0995530757e-09    2.09809010929e-09   2.0972129975e-09    2.06465076788e-09   2.06724786019e-09   2.06488822926e-09   2.06729829551e-09  
0.65                6.33902824381e-09   4.52931048146e-09   4.53261930352e-09   4.53161319672e-09   4.52989791595e-09   4.46307589417e-09   4.46564834241e-09   4.46284884551e-09   4.46515573926e-09  
0.7                 1.28895329091e-08   9.2871059511e-09    9.28961749125e-09   9.28968480678e-09   9.28650547653e-09   9.15468031174e-09   9.15689389795e-09   9.15361523275e-09   9.15539723081e-09  
0.75                2.50033968186e-08   1.81624876781e-08   1.81632224406e-08   1.81653695089e-08   1.81596926468e-08   1.79100535016e-08   1.79114007713e-08   1.79075677211e-08   1.79081287571e-08  
0.8                 4.64812320214e-08   3.40319265236e-08   3.40292788635e-08   3.40351062537e-08   3.40253201998e-08   3.35709138207e-08   3.35705814494e-08   3.35661220503e-08   3.35642773004e-08  
0.85                8.31387587383e-08   6.13403863321e-08   6.13321141269e-08   6.13440140163e-08   6.13276080728e-08   6.05304525236e-08   6.05274245427e-08   6.05220881436e-08   6.05161724934e-08  
0.9                 1.43579611701e-07   1.06726788828e-07   1.0670962349e-07    1.0673109062e-07    1.06704373349e-07   1.05353002152e-07   1.05345894202e-07   1.05339295459e-07   1.05326817585e-07  
0.95                2.40150954025e-07   1.79807798339e-07   1.79778067088e-07   1.79813517827e-07   1.7977109329e-07    1.77551198859e-07   1.77538752491e-07   1.77529606643e-07   1.77507844804e-07  
1                   3.9007559866e-07    2.94120087762e-07   2.94071277277e-07   2.94127661914e-07   2.94062259934e-07   2.90520226134e-07   2.90500042392e-07   2.90487616819e-07   2.90451346402e-07  
1.05                6.16786017977e-07   4.68244388899e-07   4.68167962037e-07   4.68254494779e-07   4.68156360581e-07   4.62653774186e-07   4.62623046851e-07   4.62606241152e-07   4.62548515586e-07  
1.1                 9.51424502679e-07   7.27088431949e-07   7.26973437985e-07   7.27102061287e-07   7.26958425302e-07   7.186180016e-07     7.18573589373e-07   7.18550817503e-07   7.18462534611e-07  
1.15                1.43450517038e-06   1.1033282263e-06    1.103160941e-06     1.10334677186e-06   1.10314133479e-06   1.09078359617e-06   1.09072218763e-06   1.0906912527e-06    1.09056072906e-06  
1.2                 2.11770944848e-06   1.63898785529e-06   1.63875147488e-06   1.63901321095e-06   1.63872565664e-06   1.6207964223e-06    1.62071481086e-06   1.62067276258e-06   1.62048531616e-06  
1.25                3.06578272511e-06   2.38713345958e-06   2.38680788543e-06   2.38716813491e-06   2.3867737062e-06    2.3612627143e-06    2.36115820756e-06   2.36110118094e-06   2.36083874469e-06  
1.3                 4.35849430852e-06   3.41365127522e-06   3.41321289073e-06   3.41369837944e-06   3.41316768663e-06   3.3775189539e-06    3.37738987083e-06   3.37731307069e-06   3.37695365996e-06  
1.35                6.09262085669e-06   4.7990768781e-06    4.79849895337e-06   4.79914061e-06      4.79843915408e-06   4.74945407367e-06   4.74930065806e-06   4.74919778198e-06   4.74871573351e-06  
1.4                 8.38390769969e-06   6.6404360764e-06    6.63968884204e-06   6.64052165523e-06   6.63960999074e-06   6.5733442626e-06    6.57316949729e-06   6.57303275899e-06   6.57239829121e-06  
1.45                1.13689678935e-05   9.05306195911e-06   9.05211313022e-06   9.05317580142e-06   9.0520097457e-06    8.96366555258e-06   8.96347629431e-06   8.96329619468e-06   8.96247543635e-06  
1.5                 1.52070764131e-05   1.2172348739e-05    1.21711642979e-05   1.21724986405e-05   1.21710297252e-05   1.20548447387e-05   1.20546530541e-05   1.20544181457e-05   1.20533733251e-05  
1.55                2.00818216082e-05   1.61554062306e-05   1.61539514959e-05   1.61556015553e-05   1.61537777485e-05   1.60029126306e-05   1.60027373385e-05   1.60024339851e-05   1.60011238123e-05  
1.6                 2.62025798017e-05   2.11825811563e-05   2.11808221388e-05   2.11828330187e-05   2.11805997397e-05   2.09870258804e-05   2.09868942731e-05   2.09865064117e-05   2.09848866479e-05  
1.65                3.38057844248e-05   2.7458815409e-05    2.74567204828e-05   2.74591368692e-05   2.74564382997e-05   2.72108275054e-05   2.72107772689e-05   2.72102861692e-05   2.72083104387e-05  
1.7                 4.3155966004e-05    3.52148153783e-05   3.52123572491e-05   3.52152216306e-05   3.52120023297e-05   3.49036201583e-05   3.49037014457e-05   3.49030854781e-05   3.49007062965e-05  
1.75                5.45465457204e-05   4.47080116007e-05   4.47051695628e-05   4.47085201582e-05   4.47047269733e-05   4.43213313024e-05   4.43216089469e-05   4.43208433583e-05   4.43180133873e-05  
1.8                 6.83003709072e-05   5.62232929296e-05   5.62200553934e-05   5.6223923802e-05    5.62195080602e-05   5.57472543532e-05   5.57478101907e-05   5.57468668932e-05   5.57435404158e-05  
1.85                8.47699866981e-05   7.00735045253e-05   7.00698718513e-05   7.00742803806e-05   7.00692003736e-05   6.94925548531e-05   6.94934901401e-05   6.9492337519e-05    6.94884721732e-05  
1.9                 0.000104337642745   8.6599704157e-05    8.65956914884e-05   8.66006504976e-05   8.65948740804e-05   8.58965363416e-05   8.58979741657e-05   8.58965768893e-05   8.58921354201e-05  
1.95                0.000127415040454   0.000106171175433   0.000106166815934   0.000106172320724   0.00010616582824    0.000105326663553   0.000105328751311   0.000105327070187   0.000105322022564  
2                   0.000154442828102   0.00012918520167    0.000129180549798   0.000129186577466   0.000129179364775   0.000128178347342   0.000128181259175   0.000128179251014   0.000128173576604  
2.05                0.000185889856773   0.000156066607326   0.000156061742183   0.000156068248383   0.000156060329996   0.000154874497541   0.000154878436704   0.000154876054208   0.000154869744063  
2.1                 0.000222252212268   0.000187267077516   0.000187262106231   0.000187269021876   0.000187260434165   0.000185864854181   0.000185870055325   0.000185867247011   0.000185860306224  
2.15                0.000264052040674   0.000223264268855   0.000223259329949   0.000223266557918   0.000223257362338   0.000221625110179   0.000221631841504   0.000221628551643   0.000221621001759  
2.2                 0.000311836187076   0.000264560727145   0.000264555993833   0.000264563405716   0.000264553692004   0.000262655840793   0.000262664406047   0.000262660574642   0.000262652456068  
2.25                0.000366174668119   0.000311682629134   0.00031167831251    0.000311685745444   0.000311675634747   0.000309481256947   0.000309491997245   0.000309487560032   0.000309478934419  
2.3                 0.000427658999858   0.000365178366822   0.000365174718888   0.000365181972533   0.000365171620415   0.000362647800755   0.000362661096193   0.000362655984673   0.000362646937242  
2.35                0.000496900402561   0.000425616993563   0.000425614310065   0.000425621143749   0.000425610743047   0.000422722602385   0.000422738873432   0.000422733014927   0.000422723656696  
2.4                 0.000574527904017   0.000493586551609   0.000493585174631   0.000493591304708   0.000493581088199   0.000490291817797   0.000490311526444   0.000490304844182   0.000490295314076  
2.45                0.000661186362409   0.00056969230071    0.00056969262101    0.000569697718466   0.000569687961298   0.000565958866913   0.000565982517572   0.0005659749308     0.000565965397604  
2.5                 0.000757534429106   0.000654554867155   0.000654557326205   0.000654561014532   0.000654552036411   0.000650342591521   0.000650370731666   0.000650362155783   0.000650352819931  
2.55                0.000864242470662   0.000748808331996   0.000748813423704   0.000748815277072   0.000748807444165   0.000744075351627   0.000744108572163   0.000744098918883   0.000744090014042  
2.6                 0.000981990472736   0.000853098280739   0.000853106552329   0.000853106093881   0.000853099820021   0.000847801083177   0.000847840016491   0.000847829193526   0.000847820988286  
2.65                0.00111146592081    0.000968079809204   0.000968091863919   0.000968088564779   0.000968084313441   0.000962173307514   0.000962218631779   0.000962206543924   0.000962199342488  
2.7                 0.00125336171623    0.00109441554941    0.00109443204529    0.00109442532424    0.0010944236092     0.00108785316839    0.00108790560474    0.00108789215372    0.00108788629652   
2.75                0.00140837410159    0.00123277367734    0.00123279532841    0.00123278455069    0.00123278593683    0.00122550744002    0.00122556775177    0.00122555283653    0.00122554870151   
2.8                 0.00157720062506    0.00138382594572    0.00138385352219    0.00138383799921    0.00138384310355    0.00137580656782    0.00137587556053    0.00137585907707    0.00137585707913   
2.85                0.00176053815251    0.00154824575517    0.00154828008229    0.00154825907248    0.00154826856233    0.00153942273701    0.00153950125515    0.00153948309702    0.00153948369039   
2.9                 0.00195908094087    0.00172670625323    0.00172674821123    0.00172672091994    0.0017267355137     0.00171702798083    0.00171711690782    0.00171709696699    0.00171710064355   
2.95                0.00217351877565    0.00191987849584    0.00191992901885    0.00191989459927    0.00191991506581    0.00190929234188    0.00190939259849    0.00190937076518    0.00190937805439   
3                   0.00240453518375    0.00212842966593    0.00212848974061    0.0021284472949     0.00212847445259    0.0021168820921     0.00211699463465    0.00211697079756    0.00211698226592   
3.05                0.00265280572668    0.00235302135958    0.00235309202344    0.00235304060418    0.00235307531966    0.00234045801984    0.00234058383825    0.00234055788479    0.00234057413517   
3.1                 0.0029189963791     0.00259430794603    0.00259439028556    0.00259432889742    0.00259437208412    0.00258067379019    0.0025808139059     0.00258078572251    0.00258080739319   
3.15                0.00320376199673    0.00285293500658    0.00285303015505    0.00285295775672    0.00285301037316    0.00283817438375    0.00283832984749    0.00283829931996    0.00283832708347   
3.2                 0.00350774487647    0.00312953785641    0.00312964699151    0.00312956249785    0.00312962554566    0.00311359461782    0.00311376650729    0.00311373352101    0.00311376808284   
3.25                0.00383157341076    0.00342474015253    0.00342486449378    0.00342476677816    0.00342484129997    0.00340755775331    0.00340774717076    0.00340771161102    0.00340775370808   
3.3                 0.00417586083748    0.00373915259006    0.00373929339604    0.00373918129291    0.00373926836997    0.00372067418964    0.00372088225931    0.0037208440116     0.0037208944106    
3.35                0.00454120408578    0.00407337168837    0.00407353025378    0.00407340256135    0.00407350331107    0.00405354024901    0.0040537681146     0.00405372706488    0.00405378656055   
3.4                 0.00492818271758    0.00442797866767    0.00442815632026    0.00442801180337    0.00442812737667    0.004406737051      0.00440698587303    0.00440694190798    0.00440701132116   
3.45                0.00533735796409    0.00480353841624    0.00480373651366    0.00480357390671    0.00480370548526    0.00478082947743    0.00478110043058    0.0047810534379     0.00478113361353   
3.5                 0.00576927185584    0.00520059854773    0.00520081847425    0.00520063648426    0.00520078527761    0.0051763652271     0.00517665949753    0.00517660936617    0.00517670117122   
3.55                0.00622444644465    0.00561968854746    0.00561993171063    0.00561972902039    0.00561989626306    0.00559387395931    0.00559419274202    0.00559413936241    0.00559424368371   
3.6                 0.00670338311516    0.00606131900627    0.00606158683356    0.00606136210478    0.00606154905325    0.00603386652479    0.00603421102092    0.00603415428523    0.00603427202727   
3.65                0.00720656198353    0.00652598093998    0.00652627487538    0.00652602675189    0.00652623468159    0.00649683428205    0.00649720569628    0.00649714549862    0.00649727758128   
3.7                 0.00773444138054    0.0070141451922     0.00701446669279    0.00701419380382    0.00701442400604    0.00698324849703    0.006983648035      0.00698358427162    0.00698373162793   
3.75                0.00828745741591    0.00752626191796    0.00752661245056    0.00752631341392    0.00752656719277    0.00749355982349    0.0074939886892     0.00749392125874    0.00749408483253   
3.8                 0.00886602362081    0.00806276014547    0.00806314118326    0.0080628146085     0.00806309327791    0.00802819786135    0.00802865725471    0.00802858605832    0.008028766802     
3.85                0.00947053066511    0.00862404741286    0.00862446043205    0.0086241049237     0.00862440980434    0.00858757079008    0.00858806190449    0.00858798684605    0.0085881857183    
3.9                 0.0101013461459     0.00921050947688    0.00921095595348    0.00921057011412    0.00921090253048    0.00917206507402    0.00917258909401    0.00917251008027    0.00917272804379   
3.95                0.0107588144437     0.00982251009037    0.00982299149698    0.00982257393029    0.00982293520772    0.00978204523634    0.00978260333532    0.00978252027607    0.00978275829538   
4                   0.0114432566428     0.0104603908449     0.0104609086477     0.0104604579614     0.0104608494233     0.0104178536984     0.0104184470365     0.0104183598447     0.0104186188839    
4.05                0.0121549705125     0.0111244710758     0.0111250267313     0.0111245415402     0.0111249645052     0.0110798106811     0.011080440403      0.0110803489948     0.0110806300157    
4.1                 0.0128942305445     0.0118150478249     0.0118156427774     0.0118151217059     0.0118155774853     0.0117682141646     0.0117688813977     0.0117687856928     0.0117690896525    
4.15                0.0136612880445     0.0125323958593     0.012533031538      0.012532473223      0.0125329631178     0.0124833399036     0.0124840457561     0.0124839456775     0.0124842735267    
4.2                 0.0144563712733     0.0132767677415     0.0132774455575     0.013276848651      0.01327737395       0.013225441494      0.0132261870529     0.0132260825273     0.0132264352082    
4.25                0.0152796856337     0.0140483939474     0.0140491152917     0.0140484784632     0.01404904044       0.0139947504879     0.0139955368177     0.0139954277755     0.01399580622      
4.3                 0.0161314139018     0.0148474830304     0.014848249271      0.0148475712098     0.014848171121      0.0147914765545     0.0147923046954     0.0147921910706     0.0147925961986    
4.35                0.0170117164962     0.015674221826      0.0156750343059     0.0156743137233     0.015674952806      0.0156158076815     0.0156166786478     0.0156165603783     0.0156169930959    
4.4                 0.017920731785      0.0165287756959     0.0165296357309     0.0165288713625     0.0165295508325     0.0164679104163     0.0164688251955     0.0164687022229     0.0164691634211    
4.45                0.0188585764253     0.0174112888074     0.0174121976841     0.0174113882916     0.0174121093413     0.0173479301423     0.0173488896934     0.0173487619632     0.017349252516     
4.5                 0.0198253457337     0.0183218844451     0.0183228434191     0.018321987792      0.0183227515887     0.018255991388      0.0182569966407     0.0182568641022     0.0182573848656    
4.55                0.0208211140838     0.0192606653526     0.0192616756465     0.0192607726042     0.0192615802883     0.0191921981654     0.0191932500189     0.0191931126254     0.0191936644357    
4.6                 0.0218459353283     0.0202277141006     0.0202287769028     0.0202278252959     0.0202286779794     0.0201566343361     0.0201577336582     0.0201575913669     0.0201581750397    
4.65                0.0228998432434     0.0212230934797     0.0212242099427     0.0212232086544     0.0212241074196     0.0211493640011     0.0211505116274     0.0211503643992     0.0211509807284    
4.7                 0.0239828519927     0.0222468469144     0.0222480181535     0.0222469661011     0.0222479119991     0.0221704319121     0.0221716286454     0.0221714764451     0.0221721262017    
4.75                0.0250949566079     0.0232989988967     0.0233002259889     0.0232991221249     0.0233001161745     0.0232198639033     0.0232211105126     0.023220953309      0.02322163724      
4.8                 0.0262361334844     0.0243795554363     0.0243808394191     0.0243796827323     0.0243807259189     0.0242976673384     0.0242989645588     0.0242988023243     0.0242995211523    
4.85                0.0274063408897     0.0254885045254     0.025489846396      0.0254886359125     0.025489729187      0.025403831574      0.0254051801059     0.025405012817      0.0254057672389    
4.9                 0.0286055194825     0.0266258166164     0.0266272173309     0.0266259521147     0.026627096393      0.0265383284346     0.0265397289438     0.0265395565805     0.0265403472671    
4.95                0.0298335928397     0.0277914451101     0.0277929055828     0.0277915847368     0.0277927808987     0.0277011126991     0.0277025658161     0.027702388362      0.0277032159577    
5                   0.0310904679911     0.0289853268526     0.0289868479554     0.0289854706219     0.0289867195106     0.0288921225954     0.0288936289154     0.0288934463579     0.0288943114796    
5.05                0.0323760359588     0.0302073826392     0.0302089652011     0.0302075305622     0.0302088329838     0.0301112803027     0.0301128403853     0.0301126527154     0.0301135559524    
5.1                 0.0336901723005     0.0314575177239     0.0314591625306     0.0314576698088     0.0314590265318     0.0313584924587     0.0313601068282     0.0313599140404     0.0313608559541    
5.15                0.0350327376545     0.0327356223321     0.0327373301261     0.0327357785844     0.0327371903394     0.0326336506715     0.0326353198167     0.0326351219089     0.0326361030323    
5.2                 0.0364035782875     0.0340415721673     0.0340433436539     0.0340417325925     0.034043200072      0.0339366320122     0.0339383563864     0.0339381533601     0.0339391742013    
5.25                0.0378025266326     0.0353752289597     0.0353770647917     0.035375393557      0.0353769174147     0.0352672996041     0.0352690796262     0.0352688714853     0.0352699325188    
5.3                 0.0392294018417     0.0367364409449     0.0367383417324     0.0367366097108     0.0367381905625     0.0366255030467     0.0366273391        0.0366271258524     0.0366282275246    
5.35                0.0406840103223     0.0381250433947     0.0381270097048     0.0381252163232     0.0381268547464     0.038011078971      0.038012971404      0.0380127530608     0.03801389579      
5.4                 0.0421661462743     0.0395408591299     0.0395428914866     0.0395410362126     0.0395427327464     0.0394238515488     0.0394258006758     0.039425577251      0.039426761427     
5.45                0.0436755922219     0.0409836990291     0.0409857979138     0.0409838802552     0.0409856354006     0.0408636330003     0.0408656391015     0.0408654106122     0.0408666365961    
5.5                 0.04521211954       0.0424533625344     0.0424555283859     0.0424535478908     0.0424553621106     0.0423302240977     0.0423322874198     0.0423320538861     0.0423333220107    
5.55                0.0467754889739     0.0439496381512     0.0439518713659     0.0439498276224     0.0439517013419     0.0438234146644     0.0438255354209     0.0438252968656     0.0438266074355    
5.6                 0.0483654511525     0.0454723039426     0.0454746048752     0.0454724975107     0.0454744311178     0.045342984068      0.0453451624399     0.0453449188884     0.0453462721803    
5.65                0.049981747093      0.0470211280173     0.0470234969813     0.0470213256624     0.047023319508      0.0468887017072     0.0468909378435     0.0468906893239     0.0468920855868    
5.7                 0.0516241086976     0.0485958690106     0.0485983062788     0.0485960707106     0.048598125109      0.0484603274923     0.0484626215103     0.0484623680534     0.0484638075089    
5.75                0.0532922592421     0.0501962765576     0.0501987823626     0.0501964822883     0.0501985975178     0.0500576123169     0.0500599643033     0.050059705942      0.0500611887847    
5.8                 0.0549859138537     0.0518220917584     0.0518246662934     0.0518223014936     0.051824477797      0.0516802985229     0.0516827085339     0.0516824453037     0.0516839717016    
5.85                0.0567047799811     0.0534730476346     0.0534756910541     0.0534732613463     0.0534754989312     0.0533281203561     0.0533305884183     0.0533303203569     0.0533318904519    
5.9                 0.058448557853      0.0551488695773     0.0551515819978     0.0551490872355     0.0551513862753     0.0550008044134     0.0550033305243     0.0550030576716     0.0550046715798    
5.95                0.0602169409274     0.0568492757854     0.0568520572861     0.0568494973583     0.0568518579926     0.0566980700805     0.0567006542096     0.0567003766075     0.0567020344197    
6                   0.0620096163299     0.0585739776945     0.0585768283183     0.0585742031488     0.0585766254841     0.0584196299607     0.0584222720496     0.0584219897421     0.0584236915245    
6.05                0.0638262652817     0.0603226803966     0.0603256001508     0.0603229096972     0.0603253938077     0.0601651902933     0.0601678902569     0.0601676032899     0.0601693490843    
6.1                 0.0656665635197     0.062095083052      0.0620980719091     0.0620953161624     0.0620978620902     0.0619344513654     0.061937209093      0.061936917514      0.0619387073391    
6.15                0.0675301816912     0.0638908792781     0.0638939371768     0.0638911161602     0.0638937239168     0.063727107901      0.0637299232555     0.0637296271141     0.0637314609647    
6.2                 0.0694167857623     0.0657097575511     0.0657128843971     0.0657099981653     0.0657126677321     0.0655428494613     0.0655457222812     0.0655454216283     0.0655472994769    
6.25                0.0713260373958     0.0675514015789     0.0675545972459     0.0675516458843     0.0675543772131     0.0673813608176     0.0673842909175     0.0673839858056     0.0673859076028    
6.3                 0.0732575943247     0.0694154906696     0.069418755         0.0694157386242     0.0694185316381     0.0692423223196     0.0692453094909     0.0692449999742     0.0692469656491    
6.35                0.0752111107132     0.0713017000897     0.0713050328956     0.0713019516501     0.0713048062441     0.0711254102533     0.0711284542649     0.0711281403986     0.0711301498598    
6.4                 0.0771862375072     0.0732097014108     0.0732131024751     0.0732099565326     0.0732128725749     0.0730302971875     0.0730333977868     0.0730330796277     0.0730351327633    
6.45                0.0791826227742     0.0751391628471     0.0751426319242     0.0751394214849     0.0751423988171     0.0749566523114     0.0749598092246     0.0749594868306     0.0749615835094    
6.5                 0.081199912031      0.0770897495819     0.0770932863988     0.0770900116891     0.0770930501274     0.0769041417602     0.0769073546934     0.0769070281236     0.0769091681954    
6.55                0.0832377485616     0.0790611240836     0.0790647283406     0.0790613896127     0.0790644889487     0.0788724289318     0.0788756975717     0.0788753668862     0.0788775501824    
6.6                 0.0852957737235     0.0810529464114     0.0810566177834     0.0810532153142     0.0810563753154     0.0808611747924     0.0808644988067     0.0808641640666     0.0808663904012    
6.65                0.0873736272438     0.0830648745119     0.0830686126489     0.0830651467392     0.0830683671501     0.0828700381719     0.0828734172106     0.082873078478      0.0828753476475    
6.7                 0.0894709475043     0.0850965645038     0.0851003690322     0.0850968400058     0.0851001205486     0.0848986760503     0.084902109746      0.0849017670836     0.0849040788684    
6.75                0.0915873718165     0.0871476709542     0.0871515414775     0.0871479496802     0.0871512900556     0.0869467438326     0.0869502318013     0.0869498852729     0.0869522394373    
6.8                 0.0937225366861     0.0892178471443     0.089221783244      0.0892181290433     0.0892215289312     0.0890138956153     0.0890174374573     0.0890170871271     0.0890194834204    
6.85                0.0958760780676     0.0913067453258     0.0913107465623     0.091307030346      0.0913104894064     0.0910997844427     0.0911033797428     0.0911030256759     0.0911054638324    
6.9                 0.0980476316087     0.0934140169673     0.0934180828809     0.0934143050563     0.0934178229302     0.0932040625529     0.0932077108817     0.0932073531436     0.093209832884     
6.95                0.100236832885      0.0955393129919     0.0955434431035     0.095539604097      0.0955431804068     0.0953263816163     0.0953300825305     0.0953297211872     0.0953322422185    
7                   0.102443317626      0.0976822840051     0.0976864778172     0.0976825780731     0.0976862124237     0.0974663929629     0.0974701460061     0.0974697811241     0.0974723431404    
7.05                0.104666721929      0.099842580514      0.0998468375115     0.0998428774914     0.0998465694707     0.0996237478022     0.0996275525055     0.0996271841516     0.0996297868349    
7.1                 0.106906682467      0.102019853137      0.102024172788      0.10202015297       0.10202390215       0.101798097433      0.101801953316      0.101801581557      0.101804224577     
7.15                0.109162836689      0.104213752795      0.10421813455       0.104214055432      0.104217861371      0.103989093443      0.103993000014      0.103992624915      0.103995307926     
7.2                 0.111434823007      0.106423930949      0.106428374243      0.106424236335      0.106428098572      0.10619638792       0.106200344675      0.1061999663        0.106202688953     
7.25                0.113722280967      0.108650039719      0.108654543974      0.108650347799      0.108654265861      0.108419633596      0.108423640023      0.10842325844       0.108426020374     
7.3                 0.116024851437      0.110891732103      0.110896296728      0.11089204282       0.110896016222      0.110658484061      0.110662539637      0.110662154917      0.110664955761     
7.35                0.118342176771      0.113148662122      0.113153286521      0.113148975431      0.113153003671      0.112912593914      0.11291669811       0.112916310311      0.112919149685     
7.4                 0.120673900939      0.115420485024      0.11542516858       0.115420800869      0.115424883436      0.115181618955      0.115185771231      0.115185380415      0.115188257933     
7.45                0.123019669704      0.11770685739       0.117711599475      0.117707175715      0.117711312085      0.117465216291      0.117469416099      0.117469022337      0.117471937602     
7.5                 0.125379130753      0.120007437298      0.120012237274      0.120007758047      0.120011947689      0.119763044508      0.119767291295      0.119766894657      0.119769847265     
7.55                0.127751933829      0.122321884464      0.122326741682      0.122322207581      0.122326449954      0.122074763813      0.122079057018      0.122078657574      0.122081647113     
7.6                 0.130137730859      0.124649860374      0.124654774176      0.124650185803      0.124654480355      0.12440003616       0.124404375215      0.124403973036      0.124406999088     
7.65                0.132536176072      0.126991028405      0.126995998127      0.126991356093      0.126995702263      0.126738525377      0.126742909711      0.126742504865      0.126745567005     
7.7                 0.134946926113      0.129345053952      0.129350078918      0.129345383841      0.129349781063      0.129089897288      0.129094326321      0.129093918879      0.129097016677     
7.75                0.137369640148      0.13171160453       0.131716684061      0.131711936568      0.131716384264      0.131453819823      0.131458292972      0.131457883001      0.131461016022     
7.8                 0.139803979966      0.134090349891      0.134095483297      0.134090684022      0.13409518161       0.133829963122      0.133834479801      0.133834067369      0.133837235173     
7.85                0.142249610081      0.1364809621        0.136486148706      0.136481298282      0.136485845167      0.136217999593      0.136222559211      0.136222144382      0.136225346535     
7.9                 0.144706197792      0.138883115689      0.13888835479       0.138883453865      0.138888049452      0.138617604177      0.13862220614       0.138621788982      0.13862502503      
7.95                0.147173413297      0.141296487683      0.14130177857       0.141296827796      0.141301471485      0.141028454225      0.141033097936      0.141032678514      0.141035948003     
8                   0.149650929758      0.143720757704      0.143726099665      0.143721099701      0.143725790884      0.143450229676      0.143454914535      0.143454492916      0.143457795387     
8.05                0.152138423373      0.146155608058      0.146161000376      0.146155951884      0.146160689949      0.145882613135      0.145887338538      0.145886914787      0.145890249783     
8.1                 0.154635573451      0.148600723809      0.148606165765      0.14860106941       0.148605853741      0.148325289952      0.148330055295      0.148329629478      0.148332996536     
8.15                0.157142062445      0.151055792818      0.151061283691      0.151056140142      0.15106097012       0.150777948258      0.150782752934      0.150782325116      0.150785723771     
8.2                 0.159657576043      0.153520505848      0.153526044915      0.153520854842      0.153525729845      0.153240279069      0.153245122471      0.153244692715      0.153248122501     
8.25                0.162181803206      0.155994556604      0.156000143138      0.155994907217      0.155999826617      0.155711976327      0.155716857845      0.155716426215      0.155719886664     
8.3                 0.164714436219      0.158477641788      0.158483275062      0.158477993969      0.158482957137      0.158192736956      0.158197655982      0.15819722254       0.158200713183     
8.35                0.167255170733      0.160969461151      0.160975140436      0.160969814849      0.160974821154      0.160682260915      0.160687216838      0.160686781646      0.160690302013     
8.4                 0.169803705802      0.163469717541      0.163475442106      0.163470072706      0.163475121514      0.16318025124       0.163185243451      0.163184806571      0.163188356191     
8.45                0.172359743925      0.165978116941      0.165983886056      0.165978473523      0.165983564201      0.165686414094      0.165691441984      0.165691003477      0.165694581877     
8.5                 0.174922991075      0.168494368513      0.168500181448      0.168494726464      0.168499858374      0.168200458801      0.16820552176       0.168205081686      0.168208688395     
8.55                0.177493156725      0.171018184631      0.171024040656      0.171018543901      0.171023716407      0.170722097883      0.170727195303      0.170726753722      0.170730388268     
8.6                 0.18006995388       0.173549280912      0.173555179296      0.173549641454      0.173554853919      0.173251047092      0.173256178367      0.173255735338      0.173259397247     
8.65                0.182653099092      0.176087376247      0.17609331626       0.176087738013      0.176092989798      0.17578702544       0.175792189963      0.175791745544      0.175795434347     
8.7                 0.18524231248       0.178632192822      0.178638173737      0.178632555765      0.178637846233      0.178329755222      0.17833495239       0.178334506639      0.178338221863     
8.75                0.187837317751      0.181183456144      0.181189477235      0.181183820218      0.181189148733      0.180878962042      0.180884191252      0.180883744226      0.180887485401     
8.8                 0.190437842204      0.18374089506       0.1837469556        0.183741260219      0.183746626142      0.183434374828      0.18343963548       0.183439187234      0.183442953891     
8.85                0.193043616755      0.18630424178       0.186310341045      0.186304607976      0.186310010673      0.185995725861      0.186001017356      0.186000567948      0.186004359618     
8.9                 0.195654375913      0.188873231857      0.188879369127      0.188873599047      0.188879037882      0.188562750756      0.188568072498      0.188567621982      0.188571438198     
8.95                0.198269857818      0.191447604243      0.191453778799      0.191447972382      0.191453446723      0.191135188512      0.191140539907      0.191140088336      0.191143928634     
9                   0.200889804229      0.194027101275      0.194033312401      0.19402747032       0.194032979534      0.193712781503      0.193718161959      0.193717709388      0.193721573303     
9.05                0.203513960527      0.196611468683      0.196617715668      0.196611838591      0.196617382049      0.196295275485      0.196300684414      0.196300230895      0.196304117967     
9.1                 0.206142075708      0.199200455597      0.199206737729      0.199200826326      0.199206403399      0.198882419602      0.198887856419      0.198887402005      0.198891311772     
9.15                0.208773902384      0.201793814544      0.201800131117      0.201794186051      0.201799796115      0.201473966388      0.20147943051       0.201478975251      0.201482907257     
9.2                 0.211409196771      0.204391301451      0.204397651762      0.204391673695      0.204397316125      0.204069671764      0.204075162611      0.204074706559      0.204078660348     
9.25                0.214047718685      0.20699267564       0.20699905899       0.206993048581      0.206998722757      0.206669295037      0.206674812035      0.20667435524       0.206678330357     
9.3                 0.216689231532      0.209597699828      0.209604115521      0.209598073425      0.209603778728      0.2092725989        0.209278141476      0.209277683986      0.209281679983     
9.35                0.219333502293      0.212206140116      0.21221258746       0.212206514329      0.212212250145      0.211879349421      0.211884917006      0.21188445887       0.211888475298     
9.4                 0.221980301513      0.214817765983      0.214824244292      0.214818140773      0.214823906489      0.214489316036      0.214494908066      0.214494449332      0.214498485745     
9.45                0.224629403283      0.217432350278      0.217438858868      0.217432725607      0.217438520615      0.217102271545      0.217107887458      0.217107428172      0.217111484129     
9.5                 0.227280585237      0.220049669219      0.220056207409      0.220050045046      0.220055868739      0.219717992102      0.219723631342      0.219723171552      0.219727246612     
9.55                0.229933628501      0.222669502342      0.22267606946       0.222669878631      0.222675730408      0.222336257181      0.222341919194      0.222341458945      0.222345552672     
9.6                 0.232588317712      0.225291632534      0.225298227911      0.225292009249      0.225297888511      0.224956849592      0.22496253383       0.224962073167      0.224966185127     
9.65                0.235244440978      0.227915845996      0.227922468968      0.227916223101      0.227922129253      0.227579555454      0.227585261371      0.227584800338      0.227588930102     
9.7                 0.237901789858      0.23054193223       0.230548582137      0.23054230969       0.230548242141      0.230204164179      0.230209891234      0.230209429874      0.230213577014     
9.75                0.240560159344      0.23316968402       0.233176360207      0.233170061798      0.233176019962      0.232830468452      0.232836216109      0.232835754464      0.232839918558     
9.8                 0.243219347834      0.235798897413      0.235805599231      0.235799275476      0.235805258768      0.235458264217      0.235464031945      0.235463570058      0.235467750683     
9.85                0.245879157107      0.238429371701      0.238436098507      0.238429750015      0.238435757857      0.238087350657      0.238093137926      0.238092675839      0.23809687258      
9.9                 0.248539392299      0.2410609094        0.241067660554      0.241061287932      0.241067319749      0.240717530168      0.240723336458      0.24072287421       0.240727086653     
9.95                0.251199861876      0.243693316227      0.243700091097      0.243693694945      0.243699750166      0.243348608347      0.243354433137      0.243353970769      0.243358198505     
10                  0.253860377608      0.246326401081      0.246333199038      0.246326779952      0.246332858011      0.245980393962      0.245986236739      0.245985774289      0.245990016911     
10.05               0.25652075454       0.248959976016      0.248966796437      0.248960355008      0.248966455342      0.24861269893       0.248618559186      0.248618096693      0.248622353798     
10.1                0.259180810962      0.251593856216      0.251600698485      0.251594235298      0.251600357352      0.2512453383        0.251251215529      0.25125075303       0.25125502422      
10.15               0.261840368393      0.254227859982      0.254234723497      0.254228239125      0.254234382343      0.253878130194      0.253884023898      0.25388356143       0.253887846313     
10.2                0.264499251518      0.256861808681      0.256868692834      0.256862187856      0.256868351689      0.256510895876      0.256516805559      0.256516343157      0.256520641341     
10.25               0.267157288195      0.259495526749      0.259502430937      0.259495905926      0.259502089831      0.259143459614      0.259149384788      0.259148922488      0.259153233583     
10.3                0.269814309406      0.262128841647      0.262135765276      0.262129220798      0.262135424237      0.26177564871       0.261781588887      0.261781126725      0.261785450347     
10.35               0.272470149232      0.264761583843      0.264768526322      0.264761962939      0.264768185377      0.264407293461      0.264413248161      0.264412786171      0.264417121939     
10.4                0.275124644815      0.267393586777      0.267400547523      0.267393965788      0.267400206698      0.267038227138      0.267044195885      0.267043734101      0.267048081639     
10.45               0.277777636331      0.270024686836      0.270031665271      0.270025065736      0.270031324591      0.269668285955      0.269674268277      0.269673806733      0.269678165669     
10.5                0.280428966959      0.272654723326      0.272661718879      0.272655102088      0.27266137837       0.272297309042      0.272303304473      0.2723028432        0.272307213165     
10.55               0.283078482843      0.275283538444      0.275290550549      0.275283917041      0.275290210234      0.274925138412      0.27493114649       0.274930685521      0.27493506615      
10.6                0.285726033063      0.277910977246      0.277918005344      0.277911355652      0.277917665248      0.277551618939      0.277557639208      0.277557178574      0.277561569506     
10.65               0.288371469602      0.280536887622      0.280543931158      0.280537265812      0.280543591304      0.280176598323      0.280182630331      0.280182170063      0.28018657094      
10.7                0.291014647313      0.283161120261      0.283168178688      0.28316149821       0.283167839098      0.282799927064      0.282805970364      0.282805510491      0.282809920961     
10.75               0.293655423884      0.285783528626      0.285790601402      0.285783906309      0.285790262098      0.285421458428      0.285427512578      0.28542705313       0.285431472843     
10.8                0.296293659805      0.28840396892       0.288411055509      0.288404346314      0.288410716514      0.288041048423      0.288047112987      0.288046653992      0.288051082603     
10.85               0.298929218337      0.291022300059      0.291029399932      0.291022677141      0.291029061265      0.290658555764      0.290664630309      0.290664171796      0.290668608963     
10.9                0.301561965476      0.29363838364       0.293645496271      0.293638760386      0.293645157955      0.293273841845      0.293279925943      0.29327946794       0.293283913325     
10.95               0.304191769919      0.296252083909      0.29625920878       0.296252460297      0.296258870834      0.295886770708      0.295892863936      0.295892406469      0.29589685974      
11                  0.306818503032      0.298863267732      0.298870404332      0.29886364374       0.298870066776      0.298497209011      0.298503310952      0.298502854047      0.298507314874     
11.05               0.309442038816      0.301471804566      0.301478952388      0.301472180173      0.301478615242      0.301105026         0.301111136242      0.301110679925      0.301115147981     
11.1                0.312062253873      0.304077566425      0.304084724967      0.304077941609      0.30408438825       0.303710093478      0.303716211612      0.303715755909      0.303720230871     
11.15               0.314679027372      0.306680427849      0.306687596618      0.306680802591      0.306687260347      0.306312285772      0.306318411395      0.30631795633       0.306322437882     
11.2                0.317292241015      0.309280265876      0.309287444382      0.309280640156      0.309287108577      0.308911479704      0.308917612418      0.308917158015      0.308921645841     
11.25               0.319901779006      0.31187696001       0.31188414777       0.311877333807      0.311883812447      0.31150755456       0.31151369397       0.311513240253      0.311517734043     
11.3                0.322507528015      0.314470392188      0.314477588724      0.314470765483      0.314477253901      0.314100392059      0.314106537777      0.314106084768      0.314110584215     
11.35               0.325109377145      0.317060446752      0.317067651593      0.317060819527      0.317067317287      0.316689876323      0.316696027964      0.316695575686      0.316700080487     
11.4                0.327707217901      0.319647010418      0.319654223097      0.319647382654      0.319653889325      0.319275893845      0.319282051031      0.319281599505      0.319286109361     
11.45               0.330300944156      0.322229972243      0.322237192301      0.322230343923      0.322236859079      0.321858333461      0.321864495815      0.321864045064      0.321868559679     
11.5                0.332890452116      0.324809223598      0.324816450579      0.324809594703      0.324816117922      0.324437086317      0.324443253469      0.324442803513      0.324447322596     
11.55               0.335475640289      0.327384658133      0.327391891589      0.327385028647      0.327391559513      0.327012045838      0.327018217423      0.327017768283      0.327022291544     
11.6                0.338056409453      0.329956171751      0.329963411238      0.329956541657      0.329963079757      0.329583107701      0.329589283358      0.329588835053      0.329593362209     
11.65               0.340632662623      0.332523662575      0.332530907655      0.332524031857      0.332530576785      0.332150169802      0.332156349175      0.332155901724      0.332160432495     
11.7                0.34320430502       0.335087030919      0.33509428116       0.335087399561      0.335093950914      0.334713132229      0.334719314965      0.334718868388      0.334723402495     
11.75               0.345771244035      0.337646179257      0.337653434233      0.337646547244      0.337653104626      0.337271897227      0.337278082979      0.337277637294      0.337282174465     
11.8                0.348333389203      0.340201012196      0.340208271485      0.340201379512      0.340207942529      0.339826369174      0.339832557599      0.339832112824      0.339836652789     
11.85               0.350890652168      0.342751436442      0.342758699628      0.342751803072      0.342758371337      0.342376454548      0.342382645307      0.34238220146       0.342386743952     
11.9                0.353442946651      0.345297360774      0.345304627446      0.345297726704      0.345304299833      0.344922061898      0.344928254657      0.344927811754      0.344932356511     
11.95               0.355990188424      0.347838696013      0.347845965766      0.347839061228      0.347845638843      0.347463101816      0.347469296245      0.347468854303      0.347473401065     
12                  0.358532295271      0.350375354994      0.350382627428      0.350375719481      0.350382301208      0.349999486906      0.35000568268       0.350005241716      0.350009790227     
12.05               0.361069186966      0.352907252537      0.352914527258      0.352907616283      0.352914201752      0.352531131759      0.352537328558      0.352536888586      0.352541438595     
12.1                0.363600785237      0.355434305415      0.355441582034      0.355434668408      0.355441257255      0.355057952919      0.355064150426      0.355063711462      0.355068262719     
12.15               0.366127013737      0.357956432334      0.357963710466      0.357956794559      0.357963386424      0.35757986886       0.357586066761      0.357585628821      0.357590181081     
12.2                0.368647798017      0.360473553893      0.36048083316       0.360473915338      0.360480509865      0.360096799952      0.36010299794       0.360102561038      0.360107114058     
12.25               0.371163065494      0.362985592566      0.362992872594      0.36298595322       0.362992550058      0.362608668441      0.362614866212      0.362614430361      0.362618983903     
12.3                0.373672745423      0.365492472671      0.365499753091      0.365492832522      0.365499431324      0.365115398413      0.365121595666      0.365121160881      0.36512571471      
12.35               0.376176768867      0.367994120339      0.368001400787      0.367994479375      0.3680010798        0.367616915771      0.367623112212      0.367622678505      0.367627232389     
12.4                0.37867506867       0.370490463492      0.37049774361       0.370490821702      0.370497423411      0.370113148209      0.370119343545      0.37011891093       0.370123464639     
12.45               0.381167579426      0.372981431812      0.372988711247      0.372981789186      0.372988391846      0.37260402518       0.372610219124      0.372609787614      0.372614340922     
12.5                0.383654237455      0.375466956718      0.37547423512       0.375467313245      0.375473916526      0.375089477875      0.375095670143      0.375095239749      0.375099792435     
12.55               0.386134980771      0.377946971334      0.37795424836       0.377947327004      0.377953930582      0.377569439192      0.377575629505      0.377575200239      0.377579752083     
12.6                0.388609749058      0.380421410469      0.38042868578       0.380421765272      0.380428368827      0.380043843711      0.380050031794      0.380049603667      0.380054154454     
12.65               0.391078483642      0.382890210587      0.382897483847      0.382890564513      0.382897167728      0.382512627672      0.382518813252      0.382518386276      0.382522935792     
12.7                0.393541127462      0.38535330978       0.385360580662      0.38535366282       0.385360265384      0.384975728941      0.384981911751      0.384981485936      0.384986033972     
12.75               0.395997625047      0.387810647749      0.387817915926      0.387810999893      0.387817601497      0.387433086994      0.38743926677       0.387438842127      0.387443388475     
12.8                0.398447922486      0.39026216577       0.390269430924      0.39026251701       0.390269117351      0.389884642884      0.389890819366      0.389890395905      0.389894940362     
12.85               0.400891967406      0.392707806676      0.392715068491      0.392708157004      0.392714755783      0.392330339222      0.392336512153      0.392336089883      0.392340632248     
12.9                0.403329708943      0.39514751483       0.395154772994      0.395147864237      0.395154461158      0.394770120146      0.394776289274      0.394775868205      0.394780408281     
12.95               0.405761097721      0.3975812361        0.397588490307      0.397581584578      0.397588179348      0.397203931304      0.397210096381      0.397209676522      0.397214214113     
13                  0.408186085821      0.400008917833      0.400016167782      0.400009265375      0.400015857708      0.399631719825      0.399637880604      0.399637461964      0.399641996879     
13.05               0.410604626762      0.402430508837      0.40243775423       0.402430855435      0.402437445048      0.402053434295      0.402059590536      0.402059173123      0.402063705173     
13.1                0.413016675473      0.404845959352      0.404853199896      0.404846304998      0.404852891611      0.404469024736      0.404475176201      0.404474760023      0.404479289022     
13.15               0.41542218827       0.407255221027      0.407262456434      0.407255565715      0.407262149053      0.406878442582      0.406884589036      0.406884174102      0.406888699866     
13.2                0.417821122834      0.409658246902      0.409665476887      0.409658590624      0.409665170415      0.409281640654      0.409287781867      0.409287368184      0.409291890532     
13.25               0.420213438184      0.412054991378      0.412062215662      0.412055334128      0.412061910104      0.411678573141      0.411684708885      0.41168429646       0.411688815216     
13.3                0.422599094658      0.414445410199      0.414452628506      0.414445751971      0.414452323868      0.414069195572      0.414075325624      0.414074914464      0.414079429452     
13.35               0.424978053887      0.416829460431      0.41683667249       0.416829801219      0.416836368777      0.4164534648        0.416459588939      0.416459179051      0.416463690099     
13.4                0.427350278773      0.419207100436      0.419214305978      0.419207440233      0.419214003196      0.418831338976      0.418837456986      0.418837048376      0.418841555314     
13.45               0.429715733468      0.421578289852      0.421585488615      0.421578628653      0.421585186768      0.421202777528      0.421208889194      0.42120848187       0.421212984532     
13.5                0.432074383352      0.423942989573      0.423950181297      0.423943327372      0.42394988039       0.423567741141      0.423573846254      0.42357344022       0.423577938441     
13.55               0.434426195009      0.426301161726      0.426308346156      0.426301498518      0.426308046192      0.425926191734      0.425932290087      0.42593188535       0.425936378968     
13.6                0.436771136207      0.42865276965       0.428659946536      0.42865310543       0.42865964752       0.428278092441      0.42828418383       0.428283780395      0.428288269251     
13.65               0.439109175904      0.430997777896      0.431004946989      0.43099811266       0.431004648925      0.430623407606      0.430629491833      0.430629089704      0.430633573646     
13.7                0.441440284142      0.433336152142      0.433343313201      0.433336485886      0.433343016092      0.432962102705      0.432968179572      0.432967778756      0.432972257627     
13.75               0.443764432122      0.435667859247      0.435675012032      0.435668191965      0.435674715883      0.435294144396      0.435300213708      0.435299814209      0.435304287857     
13.8                0.446081592144      0.437992867201      0.438000011476      0.437993198889      0.43799971629       0.437619500466      0.437625562032      0.437625163854      0.43762963213      
13.85               0.448391737592      0.440311145105      0.440318280638      0.440311475758      0.440317986418      0.439938139817      0.43994419345       0.439943796598      0.439948259355     
13.9                0.450694842908      0.442622663152      0.442629789715      0.442622992766      0.442629496465      0.442250032445      0.44225607796       0.442255682438      0.442260139531     
13.95               0.45299088358       0.44492739261       0.444934509979      0.444927721181      0.444934217702      0.444555149422      0.444561186636      0.444560792448      0.444565243737     
14                  0.455279836118      0.447225305802      0.447232413756      0.447225633327      0.447232122455      0.446853462874      0.44685949161       0.446859098759      0.446863544103     
14.05               0.457561678038      0.449516376089      0.449523474411      0.449516702563      0.449523184087      0.449144945969      0.449150966051      0.449150574541      0.449155013803     
14.1                0.459836387842      0.451800577847      0.451807666324      0.451800903269      0.451807376981      0.451429572893      0.451435584147      0.451435193981      0.451439627027     
14.15               0.462103945001      0.454077886457      0.454084964879      0.454078210822      0.45408467652       0.453707318833      0.45371332109       0.453712932272      0.453717358969     
14.2                0.464364329936      0.45634827828       0.456355346441      0.456348601586      0.456355059067      0.455978159963      0.455984153057      0.455983765589      0.455988185806     
14.25               0.466617524001      0.458611730644      0.45861878834       0.458612052887      0.458618501954      0.458242073423      0.458248057188      0.458247671073      0.458252084683     
14.3                0.468863509465      0.460868221823      0.460875268856      0.460868543002      0.46087498346       0.460499037301      0.460505011577      0.460504626818      0.460509033695     
14.35               0.471102269496      0.463117731025      0.463124767199      0.463118051137      0.463124482794      0.46274903062       0.462754995249      0.462754611847      0.462759011867     
14.4                0.473333788143      0.465360238371      0.465367263492      0.465360557413      0.465366980081      0.464992033318      0.464997988144      0.464997606102      0.465001999144     
14.45               0.47555805032       0.46759572488       0.467602738759      0.467596042849      0.467602456343      0.467228026232      0.467233971102      0.467233590422      0.467237976366     
14.5                0.477775041787      0.469824172451      0.469831174903      0.469824489346      0.469830893483      0.469456991082      0.469462925846      0.46946254653       0.469466925259     
14.55               0.479984749138      0.472045563851      0.472052554693      0.472045879671      0.472052274271      0.471678910457      0.471684834967      0.471684457017      0.471688828416     
14.6                0.482187159784      0.474259882697      0.474266861749      0.474260197438      0.474266582326      0.473893767796      0.473899681907      0.473899305323      0.473903669279     
14.65               0.484382261935      0.476467113436      0.476474080523      0.476467427098      0.4764738021        0.476101547372      0.476107450942      0.476107075726      0.476111432128     
14.7                0.486570044586      0.47866724134       0.478674196287      0.47866755392       0.478673918866      0.478302234281      0.47830812717       0.478307753324      0.478312102063     
14.75               0.488750497503      0.480860252479      0.480867195117      0.480860563976      0.480866918698      0.480495814423      0.480501696495      0.480501324019      0.480505664988     
14.8                0.490923611207      0.483046133716      0.483053063877      0.483046444129      0.483052788461      0.48268227449       0.482688145608      0.482687774504      0.482692107597     
14.85               0.493089376957      0.485224872685      0.485231790206      0.485225182012      0.485231515794      0.484861601946      0.48486746198       0.484867092248      0.484871417363     
14.9                0.49524778674       0.487396457782      0.487403362502      0.487396766023      0.487403089094      0.487033785021      0.487039633841      0.487039265481      0.487043582516     
14.95               0.497398833254      0.489560878146      0.489567769908      0.4895611853        0.489567497504      0.489198812688      0.489204650166      0.48920428318       0.489208592036     
15                  0.499542509895      0.491718123651      0.491725002299      0.491718429717      0.4917247309        0.491356674656      0.491362500668      0.491362135054      0.491366435634     
15.05               0.501678810742      0.493868184886      0.493875050267      0.493868489862      0.493874779874      0.49350736135       0.493513175773      0.493512811534      0.493517103742     
15.1                0.503807730545      0.496011053143      0.496017905109      0.496011357029      0.496017635722      0.495650863904      0.495656666618      0.495656303752      0.495660587494     
15.15               0.505929264708      0.498146720407      0.498153558812      0.498147023203      0.498153290431      0.497787174141      0.497792965029      0.497792603537      0.497796878721     
15.2                0.508043409284      0.50027517934       0.50028200404       0.500275481046      0.500281736664      0.499916284566      0.499922063512      0.499921703393      0.49992596993      
15.25               0.51015016095       0.502396423268      0.502403234122      0.502396723882      0.502402967752      0.502038188348      0.502043955239      0.502043596493      0.502047854294     
15.3                0.512249517008      0.504510446168      0.504517243038      0.50451074569       0.504516977673      0.504152879309      0.504158634034      0.504158276661      0.504162525639     
15.35               0.514341475359      0.506617242656      0.506624025407      0.506617541087      0.506623761047      0.506260351913      0.506266094364      0.506265738362      0.506269978433     
15.4                0.516426034502      0.508716807977      0.508723576476      0.508717105316      0.508723313121      0.508360601252      0.508366331321      0.508365976691      0.508370207771     
15.45               0.518503193515      0.510809137987      0.510815892105      0.510809434235      0.510815629754      0.510453623032      0.510459340617      0.510458987358      0.510463209365     
15.5                0.520572952045      0.512894229148      0.512900968757      0.512894524304      0.51290070741       0.512539413567      0.512545118564      0.512544766675      0.51254897953      
15.55               0.522635310296      0.51497207851       0.514978803485      0.514972372575      0.514978543142      0.514617969759      0.514623662069      0.514623311548      0.514627515174     
15.6                0.524690269019      0.517042683704      0.517049393923      0.517042976677      0.517049134582      0.516689289094      0.516694968618      0.516694619465      0.516698813784     
15.65               0.5267378295        0.519106042926      0.51911273827       0.519106334809      0.519112479931      0.518753369624      0.518759036268      0.518758688481      0.518762873417     
15.7                0.528777993548      0.521162154931      0.521168835282      0.521162445723      0.521168577945      0.520810209961      0.52081586363       0.520815517208      0.52081969269      
15.75               0.530810763482      0.523211019018      0.523217684262      0.52321130872       0.523217427924      0.522859809263      0.522865449866      0.522865104808      0.522869270762     
15.8                0.532836142125      0.52525263502       0.525259285044      0.525252923633      0.525259029706      0.524902167224      0.524907794671      0.524907450976      0.524911607333     
15.85               0.534854132792      0.527287003294      0.527293637989      0.527287290819      0.52729338365       0.526937284064      0.526942898267      0.526942555932      0.526946702624     
15.9                0.536864739277      0.529314124711      0.529320743969      0.529314411148      0.529320490628      0.528965160516      0.528970761389      0.528970420413      0.528974557372     
15.95               0.538867965844      0.531334000643      0.53134060436       0.531334285994      0.531340352014      0.530985797817      0.530991385277      0.530991045659      0.530995172818     
16                  0.540863817219      0.533346632955      0.533353221027      0.53334691722       0.533352969677      0.532999197699      0.533004771664      0.533004433401      0.533008550698     
16.05               0.542852298577      0.535352023995      0.535358596322      0.535352307175      0.535358345965      0.535005362379      0.535010922768      0.535010585859      0.53501469323      
16.1                0.544833415534      0.537350176583      0.537356733067      0.537350458678      0.537356483702      0.537004294544      0.537009841279      0.537009505723      0.537013603106     
16.15               0.546807174138      0.539341094         0.539347634545      0.539341375012      0.539347386172      0.538995997349      0.539001530355      0.539001196147      0.539005283484     
16.2                0.548773580857      0.541324779983      0.541331304496      0.541325059914      0.541331057112      0.540980474402      0.540985993603      0.540985660744      0.540989737975     
16.25               0.550732642572      0.543301238712      0.5433077471        0.543301517562      0.543307500705      0.542957729756      0.54296323508       0.542962903566      0.542966970635     
16.3                0.552684366569      0.5452704748        0.545276966975      0.545270752571      0.545276721566      0.544927767901      0.544933259277      0.544932929106      0.544936985956     
16.35               0.554628760527      0.547232493286      0.54723896916       0.547232769979      0.547238724737      0.546890593752      0.546896071111      0.546895742281      0.546899788858     
16.4                0.55656583251       0.549187299626      0.549193759114      0.549187575242      0.549193515674      0.548846212644      0.548851675918      0.548851348426      0.548855384678     
16.45               0.55849559096       0.551134899683      0.551141342703      0.551135174224      0.551141100245      0.550794630318      0.550800079441      0.550799753286      0.55080377916      
16.5                0.560418044688      0.553075299718      0.553081726189      0.553075573187      0.553081484711      0.552735852918      0.552741287827      0.552740963005      0.552744978451     
16.55               0.562333202863      0.555008506386      0.555014916228      0.555008778782      0.555014675728      0.554669886979      0.554675307611      0.55467498412       0.554678989089     
16.6                0.564241075009      0.556934526718      0.556940919855      0.556934798044      0.556940680332      0.556596739418      0.556602145713      0.55660182355       0.556605817994     
16.65               0.566141670992      0.558853368124      0.558859744481      0.558853638382      0.558859505933      0.558516417529      0.558521809428      0.55852148859       0.558525472463     
16.7                0.568035001014      0.560765038377      0.560771397881      0.560765307568      0.560771160306      0.560428928973      0.560434306417      0.560433986902      0.560437960158     
16.75               0.569921075605      0.562669545608      0.562675888188      0.562669813734      0.562675651584      0.562334281768      0.562339644702      0.562339326507      0.562343289101     
16.8                0.571799905617      0.564566898299      0.564573223886      0.564567165361      0.56457298825       0.564232484284      0.564237832654      0.564237515775      0.564241467666     
16.85               0.573671502215      0.566457105271      0.566463413798      0.566457371272      0.566463179129      0.566123545235      0.566128878988      0.566128563424      0.566132504568     
16.9                0.575535876868      0.568340175683      0.568346467084      0.568340440624      0.56834623338       0.568007473671      0.568012792755      0.568012478502      0.568016408861     
16.95               0.577393041346      0.570216119019      0.570222393231      0.570216382902      0.57022216049       0.569884278969      0.569889583336      0.56988927039       0.569893189923     
17                  0.579243007707      0.572084945083      0.572091202045      0.572085207911      0.572090970264      0.571753970828      0.571759260429      0.571758948789      0.571762857457     
17.05               0.581085788297      0.573946663992      0.573952903644      0.573946925767      0.573952672822      0.573616559262      0.573621834049      0.573621523711      0.573625421479     
17.1                0.582921395736      0.575801286168      0.575807508452      0.575801546892      0.575807278586      0.575472054588      0.575477314518      0.575477005478      0.575480892309     
17.15               0.584749842919      0.577648822332      0.577655027191      0.577649082006      0.577654798279      0.577320467428      0.577325712455      0.577325404711      0.577329280569     
17.2                0.586571143001      0.579489283496      0.579495470876      0.579489542123      0.579495242915      0.579161808691      0.579167038774      0.579166732322      0.579170597175     
17.25               0.588385309398      0.581322680957      0.581328850805      0.581322938539      0.581328623794      0.580996089578      0.581001304675      0.581000999512      0.581004853326     
17.3                0.590192355773      0.58314902629       0.583155178555      0.583149282829      0.583154952491      0.582823321565      0.582828521637      0.58282821776       0.582832060503     
17.35               0.59199229604       0.584968331342      0.584974465975      0.584968586841      0.584974240856      0.584643516403      0.584648701411      0.584648398816      0.584652230459     
17.4                0.593785144345      0.586780608227      0.586786725179      0.586780862688      0.586786501002      0.58645668611       0.586461856017      0.586461554701      0.586465375214     
17.45               0.595570915073      0.588585869315      0.58859196854       0.588586122741      0.588591745304      0.588262842962      0.588267997734      0.588267697693      0.588271507047     
17.5                0.597349622831      0.590384127232      0.590390208686      0.590384379624      0.590389986387      0.590061999493      0.590067139095      0.590066840326      0.590070638493     
17.55               0.59912128245       0.592175394848      0.592181458488      0.592175646209      0.592181237124      0.591854168483      0.59185929288       0.59185899538       0.591862782334     
17.6                0.600885908975      0.593959685276      0.59396573106       0.593959935609      0.593965510629      0.593639362952      0.593644472115      0.593644175879      0.593647951594     
17.65               0.60264351766       0.595737011864      0.595743039753      0.595737261171      0.595742820252      0.59541759616       0.595422690057      0.595422395083      0.595426159535     
17.7                0.604394123964      0.597507388189      0.597513398143      0.597507636472      0.59751317957       0.597188881595      0.597193960197      0.597193666481      0.597197419646     
17.75               0.606137743544      0.59927082805       0.599276820033      0.599271075312      0.599276602385      0.598953232972      0.598958296251      0.598958003788      0.598961745644     
17.8                0.607874392252      0.601027345467      0.601033319444      0.60102759171       0.601033102718      0.600710664222      0.600715712152      0.60071542094       0.600719151464     
17.85               0.609604086125      0.60277695467       0.602782910607      0.602777199897      0.602782694801      0.602461189494      0.602466222048      0.602465932082      0.602469651254     
17.9                0.611326841385      0.604519670099      0.604525607962      0.604519914313      0.604525393074      0.604204823141      0.604209840295      0.604209551573      0.604213259373     
17.95               0.613042674433      0.606255506393      0.606261426152      0.606255749596      0.606261212179      0.605941579723      0.605946581454      0.605946293971      0.605949990379     
18                  0.614751601839      0.60798447839       0.607990380016      0.607984720585      0.607990166954      0.607671473995      0.60767646028       0.607676174033      0.607679859032     
18.05               0.616453640345      0.60970660112       0.609712484584      0.609706842309      0.609712272431      0.609394520906      0.609399491726      0.60939920671       0.609402880283     
18.1                0.618148806854      0.611421889797      0.611427755072      0.611422129984      0.611427543827      0.611110735595      0.611115690928      0.611115407141      0.61111906927      
18.15               0.619837118429      0.613130359821      0.613136206881      0.613130599008      0.61313599654       0.61282013338       0.612825073209      0.612824790645      0.612828441316     
18.2                0.621518592285      0.614832026764      0.614837855586      0.614832264954      0.614837646146      0.614522729759      0.614527654066      0.614527372722      0.61453101192      
18.25               0.623193245788      0.616526906376      0.616532716936      0.616527143571      0.616532508395      0.616218540405      0.616223449172      0.616223169045      0.616226796755     
18.3                0.62486109645       0.61821501457       0.618220806847      0.618215250774      0.618220599201      0.617907581156      0.617912474369      0.617912195455      0.617915811664     
18.35               0.626522161921      0.619896367424      0.619902141398      0.619896602639      0.619901934645      0.619589868018      0.619594745662      0.619594467956      0.619598072653     
18.4                0.628176459989      0.621570981175      0.621576736826      0.621571215404      0.621576530963      0.621265417154      0.621270279215      0.621270002714      0.621273595886     
18.45               0.629824008575      0.623238872213      0.623244609523      0.623239105458      0.623244404547      0.622934244883      0.622939091349      0.622938816049      0.622942397686     
18.5                0.631464825726      0.624900057078      0.624905776031      0.624900289343      0.62490557194       0.624596367675      0.624601198535      0.624600924431      0.624604494523     
18.55               0.633098929615      0.626554552457      0.626560253037      0.626554783744      0.626560049828      0.626251802146      0.626256617389      0.626256344479      0.626259903016     
18.6                0.634726338534      0.628202375177      0.62820805737       0.628202605489      0.62820785504       0.627900565056      0.627905364673      0.627905092951      0.627908639926     
18.65               0.636347070892      0.629843542202      0.629849205995      0.629843771543      0.629849004542      0.629542673302      0.629547457283      0.629547186746      0.629550722151     
18.7                0.63796114521       0.631478070631      0.631483716012      0.631478299003      0.631483515432      0.631178143914      0.631182912253      0.631182642897      0.631186166724     
18.75               0.639568580116      0.633105977692      0.63311160465       0.633106205097      0.63311140494       0.632806994056      0.632811746745      0.632811478566      0.632814990809     
18.8                0.641169394347      0.634727280736      0.634732889262      0.634727507178      0.63473269042       0.634429241014      0.634433978049      0.634433711043      0.634437211696     
18.85               0.642763606738      0.636341997238      0.636347587324      0.636342222721      0.636347389347      0.6360449022        0.636049623575      0.636049357738      0.636052846797     
18.9                0.644351236222      0.637950144792      0.637955716429      0.637950369317      0.637955519314      0.637653995144      0.637658700855      0.637658436182      0.637661913643     
18.95               0.645932301829      0.639551741102      0.639557294285      0.639551964673      0.639557098029      0.63925653749       0.639261227534      0.639260964022      0.63926442988      
19                  0.647506822678      0.641146803988      0.64115233871       0.641147026608      0.64115214331       0.640852546994      0.640857221369      0.640856959013      0.640860413267     
19.05               0.649074817975      0.642735351372      0.64274086763       0.642735573044      0.642740673084      0.64244204152       0.642446700225      0.642446439022      0.642449881669     
19.1                0.650636307012      0.644317401283      0.644322899074      0.644317622009      0.644322705378      0.644025039039      0.644029682072      0.644029422018      0.644032853056     
19.15               0.652191309161      0.645892971849      0.64589845117       0.645893191633      0.645898258321      0.645601557618      0.645606184981      0.645605926071      0.6456093455       
19.2                0.653739843874      0.647462081294      0.647467542145      0.647462300139      0.647467350141      0.647171615426      0.64717622712       0.64717596935       0.647179377169     
19.25               0.655281930675      0.649024747938      0.649030190318      0.649024965847      0.649029999155      0.648735230725      0.648739826751      0.648739570117      0.648742966327     
19.3                0.656817589162      0.650580990188      0.650586414099      0.650581207164      0.650586223774      0.650292421867      0.650297002228      0.650296746727      0.650300131328     
19.35               0.658346838976      0.652130826518      0.652136231962      0.652131042565      0.652136042474      0.651843207274      0.651847771971      0.651847517598      0.65185089059      
19.4                0.659869699884      0.65367427554       0.653679662519      0.653674490661      0.653679473865      0.6533876055        0.653392154539      0.653391901289      0.653395262676     
19.45               0.661386191678      0.655211355911      0.655216724428      0.655211570109      0.655216536604      0.65492563515       0.654930168535      0.654929916405      0.654933266189     
19.5                0.662896334212      0.656742086368      0.656747436427      0.656742299645      0.656747249431      0.656457314907      0.656461832646      0.656461581631      0.656464919816     
19.55               0.664400147397      0.658266485723      0.65827181733       0.658266698082      0.658271631157      0.657982663533      0.657987165632      0.657986915729      0.657990242319     
19.6                0.665897651202      0.659784572861      0.659789886023      0.659784784306      0.659789700671      0.659501699863      0.659506186329      0.659505937534      0.659509252533     
19.65               0.667388865647      0.661296366738      0.661301661461      0.661296577271      0.661301476927      0.661014442802      0.661018913644      0.661018665951      0.661021969364     
19.7                0.668873810802      0.662801886374      0.662807162667      0.662802096         0.662806978949      0.662520911323      0.662525366548      0.662525119954      0.662528411788     
19.75               0.670352506785      0.664301150857      0.664306408728      0.664301359577      0.664306225822      0.664021124461      0.66402556408       0.664025318582      0.664028598841     
19.8                0.671824973757      0.665794179332      0.665799418791      0.665794387149      0.665799236694      0.665515101318      0.66551952534       0.665519280933      0.665522549624     
19.85               0.673291231923      0.667280991004      0.667286212063      0.667281197923      0.667286030772      0.667002861051      0.667007269488      0.667007026167      0.667010283298     
19.9                0.674751301527      0.668761605135      0.668766807804      0.668761811158      0.668766627316      0.668484422876      0.668488815738      0.668488573499      0.668491819077     
19.95               0.676205202852      0.67023604104       0.670241225332      0.67023624617       0.670241045644      0.669959806061      0.66996418336       0.6699639422        0.669967176234     
20                  0.677652956214      0.671704318084      0.671709484011      0.671704522324      0.671709305121      0.671429029928      0.671433391678      0.671433151592      0.671436374089     
20.05               0.679094581964      0.673166455681      0.673171603257      0.673166659034      0.673171425161      0.672892113847      0.67289646006       0.672896221044      0.672899432015     
20.1                0.680530100481      0.674622473291      0.674627602531      0.674622675761      0.674627425227      0.674349077234      0.674353407925      0.674353169976      0.674356369428     
20.15               0.681959532176      0.676072390419      0.676077501338      0.676072592008      0.676077324822      0.675799939553      0.675804254735      0.675804017848      0.675807205793     
20.2                0.683382897484      0.677516226609      0.677521319224      0.677516427321      0.677521143492      0.677244720305      0.677249019995      0.677248784165      0.677251960613     
20.25               0.684800216865      0.678954001447      0.678959075773      0.678954201284      0.678958900824      0.678683439036      0.678687723248      0.678687488472      0.678690653434     
20.3                0.686211510803      0.680385734554      0.680390790609      0.68038593352       0.68039061644       0.680116115325      0.680120384076      0.68012015035       0.680123303837     
20.35               0.687616799799      0.681811445586      0.681816483389      0.681811643684      0.681816309996      0.681542768791      0.681547022098      0.681546789417      0.681549931441     
20.4                0.689016104376      0.683231154233      0.683236173802      0.683231351466      0.683236001183      0.682963419082      0.682967656962      0.682967425323      0.682970555896     
20.45               0.69040944507       0.684644880215      0.68464988157       0.684645076586      0.684649709721      0.684378085881      0.684382308352      0.68438207775       0.684385196885     
20.5                0.691796842435      0.686052643279      0.686057626441      0.686052838792      0.68605745536       0.685786788899      0.68579099598       0.685790766411      0.685793874121     
20.55               0.693178317036      0.687454463202      0.687459428191      0.68745465786       0.687459257874      0.687189547872      0.687193739582      0.687193511042      0.687196607341     
20.6                0.694553889449      0.688850359783      0.68885530662       0.688850553588      0.688855137066      0.688586382566      0.688590558924      0.688590331409      0.68859341631      
20.65               0.695923580259      0.690240352845      0.690245281552      0.690240545801      0.690245112756      0.689977312766      0.689981473792      0.689981247298      0.689984320816     
20.7                0.697287410059      0.69162446223       0.691629372831      0.69162465434       0.691629204791      0.69136235828       0.691366503995      0.691366278518      0.691369340667     
20.75               0.698645399449      0.693002707801      0.693007600318      0.693002899067      0.693007433031      0.692741538937      0.692745669361      0.692745444897      0.692748495693     
20.8                0.699997569031      0.694375109437      0.694379983895      0.694375299864      0.694379817358      0.694114874581      0.694118989737      0.694118766281      0.694121805739     
20.85               0.70134393941       0.695741687033      0.695746543457      0.695741876623      0.695746377667      0.695482385073      0.695486484983      0.695486262532      0.695489290667     
20.9                0.702684531192      0.697102460497      0.697107298911      0.697102649253      0.697107133865      0.696844090289      0.696848174974      0.696847953525      0.696850970353     
20.95               0.704019364985      0.69845744975       0.69846227018       0.698457637675      0.698462105875      0.698200010119      0.698204079603      0.69820385915       0.698206864689     
21                  0.705348461392      0.699806674722      0.699811477195      0.69980686182       0.699811313629      0.699550164461      0.699554218767      0.699553999306      0.699556993572     
21.05               0.706671841013      0.701150155354      0.701154939896      0.701150341628      0.701154777065      0.700894573222      0.700898612374      0.700898393902      0.700901376913     
21.1                0.707989524443      0.702487911591      0.70249267823       0.702488097043      0.702492516131      0.70223325632       0.702237280342      0.702237062855      0.702240034628     
21.15               0.709301532271      0.703819963384      0.703824712148      0.703820148019      0.703824550779      0.703566233676      0.703570242593      0.703570026086      0.703572986639     
21.2                0.710607885078      0.70514633069       0.705151061607      0.70514651451       0.705150900965      0.704893525215      0.704897519053      0.704897303522      0.704900252873     
21.25               0.711908603434      0.706467033467      0.706471746566      0.706467216474      0.706471586647      0.706215150867      0.706219129651      0.706218915093      0.706221853261     
21.3                0.713203707902      0.707782091673      0.707786786984      0.707782273872      0.707786627785      0.707531130564      0.707535094319      0.707534880729      0.707537807734     
21.35               0.714493219031      0.709091525266      0.709096202819      0.70909170666       0.709096044339      0.708841484234      0.708845432988      0.708845220363      0.708848136222     
21.4                0.715777157355      0.710395354205      0.71040001403       0.710395534795      0.710399856264      0.710146231809      0.710150165588      0.710149953923      0.710152858657     
21.45               0.717055543398      0.71169359844       0.711698240569      0.711693778232      0.711698083515      0.711445393214      0.711449312045      0.711449101336      0.711451994964     
21.5                0.718328397664      0.712986277922      0.712990902385      0.712986456917      0.712990746041      0.712738988371      0.712742892281      0.712742682525      0.712745565068     
21.55               0.719595740643      0.714273412592      0.714278019421      0.714273590794      0.714277863783      0.714027037197      0.714030926215      0.714030717408      0.714033588885     
21.6                0.720857592807      0.715555022385      0.715559611614      0.715555199797      0.715559456679      0.715309559602      0.715313433756      0.715313225893      0.715316086326     
21.65               0.722113974607      0.716831127228      0.716835698888      0.716831303853      0.716835544655      0.716586575488      0.716590434806      0.716590227884      0.716593077293     
21.7                0.723364906446      0.718101747024      0.718106301145      0.718101922859      0.718106147611      0.717858104742      0.71786194925       0.71786174327       0.717864581674     
21.75               0.724610408775      0.719366901697      0.719371438315      0.719367076747      0.719371285476      0.719124167249      0.719127996976      0.719127791937      0.719130619358     
21.8                0.725850501978      0.720626611139      0.720631130288      0.720626785407      0.720630978142      0.72038478288       0.720388597858      0.720388393756      0.720391210216     
21.85               0.727085206416      0.721880895227      0.721885396942      0.721881068718      0.721885245486      0.721639971494      0.721643771754      0.721643568582      0.721646374104     
21.9                0.728314542429      0.723129773826      0.723134258143      0.723129946542      0.723134107373      0.722889752934      0.722893538505      0.722893336259      0.722896130865     
21.95               0.72953853033       0.724373266784      0.724377733739      0.724373438731      0.724377583654      0.724134147026      0.72413791794       0.724137716615      0.724140500328     
22                  0.730757190407      0.725611393936      0.725615843564      0.725611565115      0.725615694159      0.725373173581      0.72537692987       0.72537672946       0.725379502303     
22.05               0.731970542921      0.726844175094      0.726848607431      0.726844345509      0.726848458704      0.726606852393      0.726610594088      0.72661039459       0.726613156585     
22.1                0.733178608104      0.728071630054      0.728076045137      0.728071799709      0.728075897085      0.727835203237      0.727838930369      0.727838731778      0.72784148295      
22.15               0.734381406159      0.729293778592      0.729298176458      0.72929394749       0.729298029079      0.729058245869      0.729061958469      0.729061760782      0.729064501153     
22.2                0.73557895726       0.730510640463      0.730515021148      0.730510808606      0.730514874439      0.730276000022      0.730279698124      0.730279501335      0.73028223093      
22.25               0.736771281549      0.731722235399      0.731726598941      0.731722402791      0.731726452899      0.731488485411      0.731492169046      0.731491973152      0.731494691995     
22.3                0.737958399136      0.73292858311       0.732932929547      0.732928749754      0.732932784169      0.732695721726      0.732699390927      0.732699195925      0.732701904039     
22.35               0.739140330101      0.734129703281      0.734134032651      0.73412986918       0.734133887934      0.733897728635      0.733901383435      0.733901189319      0.733903886729     
22.4                0.740317094486      0.735325615575      0.735329927916      0.735325780732      0.735329783858      0.735094525779      0.735098166212      0.735097972979      0.735100659709     
22.45               0.741488712303      0.736516339625      0.736520634976      0.736516504043      0.736520491574      0.736286132778      0.736289758876      0.736289566523      0.736292242598     
22.5                0.742655203526      0.73770189504       0.737706173441      0.737702058723      0.737706030692      0.737472569222      0.737476181019      0.737475989541      0.737478654986     
22.55               0.743816588096      0.738882301403      0.738886562892      0.738882464352      0.738886420793      0.738653854675      0.738657452205      0.738657261599      0.738659916439     
22.6                0.744972885915      0.740057578265      0.740061822883      0.740057740484      0.740061681431      0.739830008674      0.739833591971      0.739833402234      0.739836046493     
22.65               0.746124116849      0.74122774515       0.741231972937      0.741227906643      0.74123183213       0.741001050726      0.741004619826      0.741004430952      0.741007064657     
22.7                0.747270300727      0.742392821553      0.742397032548      0.742392982322      0.742396892383      0.742167000311      0.742170555246      0.742170367233      0.74217299041      
22.75               0.748411457337      0.743552826937      0.743557021181      0.743552986984      0.743556881655      0.743327876874      0.743331417681      0.743331230525      0.743333843198     
22.8                0.749547606431      0.744707780732      0.744711958267      0.744707940062      0.744711819378      0.744483699834      0.744487226546      0.744487040243      0.74448964244      
22.85               0.750678767719      0.74585770234       0.745861863205      0.745857860954      0.74586172495       0.745634488574      0.745638001228      0.745637815774      0.74564040752      
22.9                0.75180496087       0.747002611125      0.747006755363      0.747002769027      0.747006617739      0.746780262447      0.746783761078      0.74678357647       0.746786157791     
22.95               0.752926205468      0.748142526399      0.748146654031      0.748142683582      0.748146517052      0.747921040788      0.747924525428      0.747924341668      0.747926912574     
23                  0.754042521161      0.749277467495      0.749281578564      0.749277623961      0.749281442225      0.749056842858      0.74906031354       0.749060130625      0.749062691149     
23.05               0.755153927488      0.750407453669      0.750411548222      0.750407609423      0.750411412516      0.75018768791       0.750191144671      0.750190962596      0.750193512768     
23.1                0.756260443947      0.751532504146      0.751536582228      0.751532659192      0.75153644715       0.751313595161      0.751317038038      0.751316856799      0.751319396648     
23.15               0.757362089997      0.752652638116      0.752656699772      0.75265279246       0.752656565319      0.752434583791      0.752438012822      0.752437832414      0.752440361967     
23.2                0.758458885049      0.753767874734      0.753771920009      0.753768028379      0.753771786175      0.753550672942      0.753554088164      0.753553908583      0.753556427869     
23.25               0.759550848474      0.754878233115      0.754882262053      0.754878386065      0.754882128835      0.754661881721      0.75466528317       0.754665104413      0.754667613459     
23.3                0.760637999598      0.755983732339      0.755987744985      0.755983884597      0.755987612379      0.755768229193      0.755771616908      0.75577143897       0.755773937804     
23.35               0.761720357698      0.757084391445      0.757088387842      0.757084543014      0.757088255846      0.756869734389      0.756873108405      0.756872931283      0.756875419934     
23.4                0.762797942011      0.758180229433      0.758184209626      0.758180380317      0.758184078237      0.757966416296      0.757969776653      0.757969600342      0.757972078837     
23.45               0.763870771722      0.759271265265      0.759275229298      0.759271415467      0.759275098513      0.759058293865      0.7590616406        0.759061465096      0.759063933464     
23.5                0.764938865974      0.760357517859      0.760361465778      0.760357667383      0.760361335593      0.760145386006      0.760148719156      0.760148544456      0.760151002724     
23.55               0.76600224386       0.761439006097      0.761442937945      0.761439154944      0.761442808357      0.761227711587      0.761231031191      0.761230857292      0.761233305488     
23.6                0.767060924426      0.762515748814      0.762519664636      0.762515896989      0.762519535644      0.762305289437      0.762308595532      0.762308422429      0.762310860582     
23.65               0.768114926669      0.763587764808      0.763591664648      0.763587912312      0.763591536249      0.763378138342      0.763381430965      0.763381258656      0.763383686794     
23.7                0.769164269541      0.76465507283       0.764658956734      0.764655219667      0.764658828925      0.764446277044      0.764449556236      0.764449384716      0.764451802867     
23.75               0.77020897194       0.765717691592      0.765721559605      0.765717837765      0.765721432382      0.765509724246      0.765512990044      0.765512819309      0.765515227503     
23.8                0.771249052719      0.76677563976       0.766779491926      0.766775785272      0.766779365289      0.766568498606      0.766571751048      0.766571581096      0.76657397936      
23.85               0.772284530679      0.767828935957      0.767832772323      0.76782908081       0.767832646267      0.767622618738      0.767625857862      0.767625688689      0.767628077053     
23.9                0.773315424573      0.768877598762      0.768881419372      0.76887774296       0.768881293896      0.768672103212      0.768675329058      0.76867516066       0.768677539152     
23.95               0.774341753101      0.769921646709      0.769925451609      0.769921790254      0.76992532671       0.769716970555      0.769720183161      0.769720015534      0.769722384184     
24                  0.775363534914      0.770961098286      0.770964887522      0.770961241181      0.770964763197      0.770757239247      0.770760438652      0.770760271794      0.770762630629     
24.05               0.776380788613      0.771995971937      0.771999745555      0.771996114185      0.771999621802      0.771792927724      0.771796113967      0.771795947874      0.771798296925     
24.1                0.777393532747      0.77302628606       0.773030044105      0.773026427663      0.773029920921      0.772824054376      0.772827227496      0.772827062165      0.77282940146      
24.15               0.778401785811      0.774052059004      0.774055801523      0.774052199966      0.774055678906      0.773850637548      0.773853797584      0.773853633011      0.773855962579     
24.2                0.779405566251      0.775073309075      0.775077036114      0.775073449398      0.775076914061      0.774872695537      0.774875842529      0.77487567871       0.77487799858      
24.25               0.780404892461      0.77609005453       0.776093766135      0.776090194217      0.776093644644      0.775890246593      0.77589338058       0.775893217512      0.775895527715     
24.3                0.781399782781      0.777102313579      0.777106009796      0.777102452632      0.777105888864      0.776903308921      0.776906429941      0.776906267622      0.776908568186     
24.35               0.782390255499      0.778110104383      0.77811378526       0.778110242806      0.778113664884      0.777911900676      0.77791500877       0.777914847196      0.77791713815      
24.4                0.783376328849      0.779113445058      0.77911711064       0.779113582853      0.779116990819      0.778916039968      0.778919135174      0.778918974341      0.778921255715     
24.45               0.784358021014      0.780112353668      0.780116004002      0.780112490838      0.780115884733      0.779915744855      0.779918827214      0.779918667119      0.779920938943     
24.5                0.785335350122      0.781106848232      0.781110483365      0.781106984779      0.781110364645      0.78091103335       0.780914102902      0.780913943541      0.780916205844     
24.55               0.786308334248      0.782096946716      0.782100566695      0.782097082643      0.782100448522      0.781901923415      0.781904980199      0.78190482157       0.781907074382     
24.6                0.787276991413      0.783082667041      0.783086271912      0.78308280235       0.783086154284      0.782888432966      0.782891477022      0.782891319121      0.782893562471     
24.65               0.788241339583      0.784064027075      0.784067616886      0.784064161769      0.7840674998        0.783870579866      0.783873611234      0.783873454057      0.783875687976     
24.7                0.789201396671      0.785041044637      0.785044619436      0.78504117872       0.78504450289       0.78484838193       0.78485140065       0.784851244195      0.784853468712     
24.75               0.790157180535      0.786013737499      0.786017297331      0.786013870972      0.786017181322      0.785821856925      0.785824863035      0.7858247073        0.785826922444     
24.8                0.791108708979      0.786982123378      0.786985668291      0.786982256244      0.786985552818      0.786791022564      0.786794016106      0.786793861085      0.786796066888     
24.85               0.792055999751      0.787946219943      0.787949749985      0.787946352206      0.787949635044      0.787755896512      0.787758877526      0.787758723218      0.787760919708     
24.9                0.792999070546      0.788906044813      0.788909560031      0.788906176474      0.78890944562       0.788716496385      0.788719464911      0.788719311311      0.788721498519     
24.95               0.793937939         0.789861615553      0.789865115995      0.789861746615      0.789865002112      0.789672839744      0.789675795822      0.789675642928      0.789677820884     
25                  0.794872622699      0.790812949681      0.790816435393      0.790813080146      0.790816322036      0.790624944103      0.790627887774      0.790627735582      0.790629904315     
25.05               0.795803139169      0.791760064659      0.79176353569       0.791760194531      0.791763422856      0.791572826923      0.791575758226      0.791575606734      0.791577766275     
25.1                0.796729505883      0.792702977901      0.792706434298      0.792703107182      0.792706321985      0.792516505613      0.792519424588      0.792519273792      0.792521424171     
25.15               0.797651740258      0.793641706768      0.793645148578      0.79364183546       0.793645036784      0.793455997531      0.79345890422       0.793458754117      0.793460895364     
25.2                0.798569859653      0.794576268567      0.794579695838      0.794576396673      0.794579584561      0.794391319984      0.794394214426      0.794394065013      0.794396197158     
25.25               0.799483881374      0.795506680556      0.795510093336      0.795506808078      0.795509982573      0.795322490225      0.79532537246       0.795325223735      0.795327346808     
25.3                0.80039382267       0.796432959939      0.796436358276      0.79643308688       0.796436248025      0.796249525456      0.796252395526      0.796252247484      0.796254361516     
25.35               0.801299700732      0.797355123868      0.797358507809      0.79735525023       0.797358398067      0.797172442828      0.797175300772      0.797175153411      0.797177258431     
25.4                0.802201532698      0.798273189441      0.798276559034      0.798273315227      0.7982764498        0.798091259437      0.798094105296      0.798093958613      0.798096054652     
25.45               0.803099335646      0.799187173705      0.799190528998      0.799187298918      0.799190420268      0.799005992328      0.799008826143      0.799008680134      0.799010767222     
25.5                0.803993126601      0.800097093652      0.800100434694      0.800097218294      0.800100326467      0.799916658492      0.799919480302      0.799919334965      0.799921413133     
25.55               0.804882922526      0.801002966222      0.801006293058      0.801003090294      0.801006185332      0.800823274866      0.800826084712      0.800825940044      0.80082800932      
25.6                0.805768740335      0.801904808303      0.801908120983      0.801904931809      0.801908013755      0.801725858338      0.80172865626       0.801728512259      0.801730572674     
25.65               0.806650596882      0.802802636729      0.802805935301      0.802802759671      0.802805828569      0.802624425742      0.802627211781      0.802627068441      0.802629120026     
25.7                0.807528508964      0.80369646828       0.803699752791      0.803696590661      0.803699646553      0.803518993854      0.803521768051      0.803521625371      0.803523668156     
25.75               0.808402493319      0.804586319681      0.804589590179      0.804586441504      0.804589484433      0.804409579402      0.804412341796      0.804412199773      0.804414233789     
25.8                0.809272566632      0.805472207606      0.80547546414       0.805472328872      0.805475358883      0.805296199056      0.805298949689      0.80529880832       0.805300833596     
25.85               0.810138745528      0.806354148674      0.80635739129       0.806354269386      0.806357286521      0.806178869435      0.806181608347      0.806181467629      0.806183484196     
25.9                0.811001046577      0.807232159449      0.807235388196      0.80723227961       0.807235283912      0.807057607105      0.807060334336      0.807060194266      0.807062202154     
25.95               0.811859486291      0.808106256442      0.808109471369      0.808106376054      0.808109367567      0.807932428575      0.807935144166      0.807935004741      0.807937003981     
26                  0.812714081125      0.808976456111      0.808979657264      0.808976575176      0.808979553943      0.808803350303      0.808806054295      0.808805915511      0.808807906133     
26.05               0.813564847478      0.809842774858      0.809845962286      0.80984289338       0.809845859444      0.809670388692      0.809673081124      0.80967294298       0.809674925014     
26.1                0.814411801644      0.810705228985      0.81070840274       0.81070534697       0.810708300378      0.81053356005       0.810536240958      0.81053610345       0.810538076924     
26.15               0.815254959972      0.811563834852      0.811566994979      0.811563952301      0.811566893093      0.811392880727      0.811395550155      0.811395413279      0.811397378226     
26.2                0.816094338681      0.812418608691      0.812421755238      0.812418725605      0.812421653825      0.812248366959      0.812251024947      0.812250888702      0.812252845152     
26.25               0.816929953939      0.813269566683      0.813272699698      0.813269683064      0.813272598755      0.813100034928      0.813102681517      0.813102545899      0.813104493882     
26.3                0.817761821854      0.814116724958      0.814119844487      0.814116840808      0.814119744013      0.813947900763      0.813950535994      0.813950401001      0.813952340547     
26.35               0.818589958482      0.814960099591      0.814963205682      0.814960214912      0.814963105674      0.81479198054       0.814794604454      0.814794470083      0.814796401222     
26.4                0.819414379821      0.815799706603      0.815802799304      0.815799821396      0.815802699759      0.815632290283      0.81563490292       0.815634769167      0.815636691931     
26.45               0.82023510181       0.816635561961      0.81663864132       0.816635676229      0.816638542236      0.816468845959      0.816471447359      0.816471314223      0.81647322864      
26.5                0.821052140335      0.817467681577      0.817470747642      0.817467795324      0.817470649018      0.817301663483      0.817304253686      0.817304121163      0.817306027264     
26.55               0.821865511223      0.818296081312      0.818299134129      0.818296194537      0.818299035962      0.818130758713      0.818133337761      0.818133205848      0.818135103663     
26.6                0.822675230244      0.819120776966      0.819123816584      0.819120889674      0.819123718872      0.818956147456      0.818958715387      0.818958584083      0.818960473642     
26.65               0.82348131311       0.819941784291      0.819944810757      0.819941896483      0.819944713499      0.819777845461      0.819780402317      0.819780271618      0.819782152951     
26.7                0.82428377548       0.820759118981      0.820762132342      0.820759230658      0.820762035535      0.820595868426      0.820598414246      0.820598284149      0.820600157286     
26.75               0.82508263295       0.821572796674      0.821575796978      0.82157290784       0.82157570062       0.821410231991      0.821412766815      0.821412637318      0.821414502288     
26.8                0.825877901065      0.822382832956      0.822385820251      0.822382943613      0.82238572434       0.822220951743      0.822223475612      0.822223346711      0.822225203546     
26.85               0.82666959531       0.823189243359      0.823192217691      0.823189353508      0.823192122226      0.823028043215      0.823030556168      0.823030427862      0.82303227659      
26.9                0.827457731113      0.823992043356      0.823995004774      0.823992153001      0.823994909752      0.823831521884      0.823834023961      0.823833896247      0.823835736899     
26.95               0.828242323846      0.82479124837       0.824794196921      0.824791357512      0.824794102339      0.824631403174      0.824633894416      0.82463376729       0.824635599896     
27                  0.829023388758      0.825586873722      0.825589809436      0.825586982356      0.825589715312      0.825427702442      0.825430182877      0.825430056353      0.825431880926     
27.05               0.829800941197      0.82637893479       0.826381857714      0.826379042914      0.826381764041      0.826220435014      0.826222904684      0.826222778761      0.826224595337     
27.1                0.830574996354      0.827167446819      0.827170357004      0.827167554437      0.827170263778      0.827009616152      0.827012075096      0.827011949772      0.827013758381     
27.15               0.831345569371      0.827952425008      0.827955322503      0.827952532123      0.827955229719      0.827795261058      0.827797709319      0.827797584588      0.827799385262     
27.2                0.832112675333      0.828733884502      0.828736769357      0.828733991118      0.828736677011      0.828577384885      0.828579822503      0.828579698359      0.82858149113      
27.25               0.83287632927       0.829511840393      0.829514712656      0.829511946513      0.829514620745      0.829356002727      0.829358429743      0.829358306182      0.829360091079     
27.3                0.833636546157      0.830286307719      0.830289167438      0.830286413346      0.83028907596       0.830131129626      0.83013354608       0.830133423097      0.830135200152     
27.35               0.834393340912      0.831057301464      0.831060148686      0.831057406601      0.831060057638      0.830902780568      0.8309051865        0.830905064093      0.830906833335     
27.4                0.835146728397      0.831824836556      0.831827671331      0.831824941207      0.83182758071       0.831670970488      0.831673365937      0.831673244101      0.83167500556      
27.45               0.835896723419      0.832588927872      0.832591750246      0.832589032039      0.83259166005       0.832435714261      0.832438099269      0.832437977999      0.832439731707     
27.5                0.83664334073       0.833349590233      0.833352400253      0.833349693918      0.833352310479      0.833197026714      0.833199401319      0.833199280613      0.833201026598     
27.55               0.837386595022      0.834106838404      0.834109636118      0.834106941611      0.834109546763      0.833954922615      0.833957286856      0.833957166712      0.833958905003     
27.6                0.838126500936      0.834860687098      0.834863472553      0.834860789828      0.834863383616      0.83470941668       0.834711770597      0.834711651011      0.834713381638     
27.65               0.838863073053      0.835611150974      0.835613924215      0.83561125323       0.835613835694      0.83546052357       0.835462867203      0.835462748172      0.835464471165     
27.7                0.839596325901      0.836358244634      0.836361005709      0.836358346419      0.836360917601      0.836208257893      0.836210591281      0.836210472801      0.836212188189     
27.75               0.840326273951      0.837101982629      0.837104731584      0.837102083944      0.837104643888      0.836952634202      0.836954957383      0.836954839453      0.836956547266     
27.8                0.841052931619      0.837842379455      0.837845116336      0.837842480303      0.837845029049      0.837693666996      0.83769598001       0.837695862626      0.837697562892     
27.85               0.841776313264      0.838579449552      0.838582174405      0.838579549935      0.838582087526      0.838431370721      0.838433673606      0.838433556766      0.838435249515     
27.9                0.842496433193      0.839313207309      0.839315920181      0.83931330723       0.839315833707      0.839165759767      0.839168052562      0.839167936264      0.839169621524     
27.95               0.843213305653      0.840043667059      0.840046367996      0.840043766519      0.840046281926      0.839896848473      0.839899131217      0.839899015457      0.839900693258     
28                  0.843926944839      0.840770843083      0.84077353213       0.840770942085      0.840773446462      0.840624651122      0.840626923854      0.840626808629      0.840628479001     
28.05               0.844637364891      0.841494749606      0.84149742681       0.841494848152      0.841497341541      0.841349181945      0.841351444702      0.841351330012      0.841352992981     
28.1                0.845344579891      0.842215400802      0.842218066207      0.842215498894      0.842217981336      0.842070455118      0.84207270794       0.84207259378       0.842074249377     
28.15               0.846048603871      0.842932810789      0.842935464442      0.842932908429      0.842935379967      0.842788484764      0.842790727688      0.842790614057      0.84279226231      
28.2                0.846749450802      0.843646993632      0.843649635578      0.843647090822      0.843649551498      0.843503284953      0.843505518018      0.843505404912      0.84350704585      
28.25               0.847447134606      0.844357963345      0.844360593629      0.844358060087      0.844360509941      0.844214869701      0.844217092945      0.844216980363      0.844218614014     
28.3                0.848141669147      0.845065733884      0.845068352552      0.845065830181      0.845068269255      0.844923252971      0.844925466432      0.844925354371      0.844926980764     
28.35               0.848833068236      0.845770319157      0.845772926254      0.84577041501       0.845772843345      0.845628448672      0.845630652389      0.845630540846      0.84563216001      
28.4                0.849521345628      0.846471733015      0.846474328586      0.846471828426      0.846474246064      0.846330470662      0.846332664672      0.846332553645      0.846334165608     
28.45               0.850206515025      0.847169989257      0.847172573347      0.847170084228      0.84717249121       0.847029332744      0.847031517085      0.847031406572      0.847033011361     
28.5                0.850888590076      0.847865101629      0.847867674284      0.847865196163      0.84786759253       0.847725048668      0.847727223378      0.847727113377      0.847728711022     
28.55               0.851567584373      0.848557083826      0.848559645089      0.848557177923      0.848559563717      0.848417632133      0.848419797249      0.848419687757      0.848421278286     
28.6                0.852243511457      0.849245949486      0.849248499403      0.84924604315       0.849248418411      0.849107096783      0.849109252344      0.849109143359      0.849110726799     
28.65               0.852916384813      0.849931712199      0.849934250814      0.849931805431      0.8499341702        0.849793456212      0.849795602254      0.849795493773      0.849797070154     
28.7                0.853586217873      0.850614385499      0.850616912857      0.850614478301      0.85061683262       0.850476723958      0.850478860519      0.850478752541      0.85048032189      
28.75               0.854253024017      0.851293982869      0.851296499014      0.851294075243      0.851296419151      0.851156913509      0.851159040627      0.851158933148      0.851160495494     
28.8                0.854916816569      0.851970517739      0.851973022716      0.851970609688      0.851972943226      0.851834038301      0.851836156013      0.851836049031      0.851837604401     
28.85               0.855577608801      0.852644003487      0.85264649734       0.852644095012      0.852646418221      0.852508111715      0.852510220059      0.852510113572      0.852511661994     
28.9                0.856235413933      0.853314453439      0.853316936212      0.853314544541      0.853316857463      0.853179147083      0.853181246095      0.853181140102      0.853182681603     
28.95               0.85689024513       0.853981880868      0.853984352606      0.853981971551      0.853984274224      0.853847157684      0.853849247401      0.853849141898      0.853850676507     
29                  0.857542115505      0.854646298997      0.854648759743      0.854646389261      0.854648681727      0.854512156743      0.854514237202      0.854514132188      0.854515659932     
29.05               0.858191038118      0.855307720994      0.855310170792      0.855307810842      0.855310093142      0.855174157436      0.855176228674      0.855176124146      0.855177645054     
29.1                0.858837025976      0.855966159979      0.855968598873      0.855966249412      0.855968521585      0.855833172885      0.85583523494       0.855835130896      0.855836644994     
29.15               0.859480092035      0.856621629017      0.85662405705       0.856621718037      0.856623980123      0.856489216163      0.85649126907       0.856491165508      0.856492672824     
29.2                0.860120249196      0.857274141123      0.857276558339      0.857274229733      0.857276481772      0.857142300289      0.857144344085      0.857144241003      0.857145741564     
29.25               0.860757510312      0.857923709261      0.857926115704      0.857923797461      0.857926039494      0.857792438232      0.857794472954      0.857794370349      0.857795864183     
29.3                0.861391888178      0.858570346342      0.858572742055      0.858570434136      0.858572666202      0.858439642909      0.858441668593      0.858441566463      0.858443053597     
29.35               0.862023395542      0.859214065228      0.859216450255      0.859214152617      0.859216374755      0.859083927186      0.859085943868      0.859085842212      0.859087322673     
29.4                0.862652045099      0.859854878729      0.859857253112      0.859854965714      0.859857177965      0.859725303878      0.859727311596      0.85972721041       0.859728684226     
29.45               0.86327784949       0.860492799603      0.860495163385      0.860492886186      0.86049508859       0.86036378575       0.860365784539      0.860365683822      0.860367151019     
29.5                0.863900821308      0.861127840559      0.861130193783      0.861127926742      0.861130119338      0.860999385516      0.861001375411      0.861001275161      0.861002735767     
29.55               0.864520973091      0.861760014253      0.861762356963      0.861760100039      0.861762282865      0.861632115837      0.861634096875      0.86163399709       0.861635451131     
29.6                0.865138317329      0.862389333294      0.862391665531      0.862389418683      0.86239159178       0.862261989326      0.862263961543      0.86226386222       0.862265309723     
29.65               0.865752866459      0.863015810236      0.863018132043      0.863015895231      0.863018058638      0.862889018544      0.862890981976      0.862890883114      0.862892324106     
29.7                0.866364632866      0.863639457586      0.863641769007      0.863639542188      0.863641695944      0.863513216005      0.863515170687      0.863515072283      0.863516506791     
29.75               0.866973628888      0.8642602878        0.864262588876      0.864260372012      0.864262516155      0.864134594167      0.864136540136      0.864136442187      0.864137870238     
29.8                0.867579866808      0.864878313284      0.864880604057      0.864878397106      0.864880531676      0.864753165444      0.864755102734      0.864755005239      0.86475642686      
29.85               0.868183358861      0.865493546393      0.865495826906      0.865493629828      0.865495754864      0.865368942196      0.865370870842      0.8653707738        0.865372189016     
29.9                0.868784117231      0.866105999433      0.866108269728      0.866106082483      0.866108198023      0.865981936734      0.865983856773      0.865983760181      0.865985169018     
29.95               0.869382154052      0.866715684661      0.866717944779      0.866715767327      0.86671787341       0.866592161321      0.866594072788      0.866593976643      0.866595379129     
30                  0.869977481406      0.867322614283      0.867324864267      0.867322696566      0.867324793231      0.867199628169      0.867201531098      0.8672014354        0.867202831561     
30.05               0.870570111329      0.867926800456      0.867929040347      0.86792688236       0.867928969644      0.867804349442      0.867806243868      0.867806148613      0.867807538475     
30.1                0.871160055803      0.86852825529       0.868530485129      0.868528336814      0.868530414756      0.868406337251      0.86840822321       0.868408128397      0.868409511986     
30.15               0.871747326763      0.869126990841      0.869129210671      0.869127071988      0.869129140627      0.869005603663      0.869007481189      0.869007386815      0.869008764158     
30.2                0.872331936093      0.86972301912       0.869725228982      0.869723099893      0.869725159266      0.869602160692      0.86960402982       0.869603935885      0.869605307006     
30.25               0.872913895629      0.870316352089      0.870318552023      0.870316432487      0.870318482633      0.870196020306      0.870197881071      0.870197787571      0.870199152497     
30.3                0.873493217151      0.870907001654      0.870909191701      0.870907081679      0.870909122636      0.870787194417      0.870789046851      0.870788953786      0.870790312542     
30.35               0.874069912405      0.871494979686      0.871497159887      0.87149505934       0.871497091146      0.871375694902      0.871377539042      0.871377446409      0.871378799021     
30.4                0.874643993076      0.872080297999      0.872082468395      0.872080377284      0.872082399976      0.871961533581      0.87196336946       0.871963277258      0.871964623751     
30.45               0.875215470805      0.872662968358      0.872665128991      0.872663047277      0.872665060893      0.872544722226      0.872546549879      0.872546458104      0.872547798506     
30.5                0.875784357181      0.873243002483      0.873245153393      0.873243081036      0.873245085614      0.87312527256       0.873127092021      0.873127000672      0.873128335007     
30.55               0.876350663747      0.873820412044      0.873822553271      0.873820490234      0.873822485809      0.87370319626       0.873705007563      0.873704916639      0.873706244933     
30.6                0.876914401997      0.874395208663      0.874397340248      0.87439528649       0.874397273101      0.874278504955      0.874280308134      0.874280217631      0.874281539909     
30.65               0.877475583376      0.874967403914      0.874969525897      0.874967481381      0.874969459065      0.874851210224      0.874853005313      0.87485291523       0.874854231518     
30.7                0.878034219282      0.875537009325      0.875539121746      0.875537086434      0.875539055227      0.875421323601      0.875423110634      0.875423020969      0.875424331292     
30.75               0.878590321066      0.876104036375      0.876106139275      0.876104113127      0.876106073068      0.875988856572      0.875990635582      0.875990546333      0.875991850716     
30.8                0.87914390003       0.876668496497      0.876670589915      0.876668572894      0.876670524018      0.876553820574      0.876555591595      0.87655550276       0.876556801229     
30.85               0.879694967428      0.877230401075      0.877232485051      0.877230477119      0.877232419463      0.877116226999      0.877117990064      0.877117901642      0.87711919422      
30.9                0.880243534468      0.877789761448      0.877791836022      0.877789837139      0.87779177074       0.87767608719       0.877677842332      0.877677754321      0.877679041034     
30.95               0.880789612311      0.878346588906      0.878348654117      0.878346664247      0.878348589141      0.878233412445      0.878235159698      0.878235072094      0.878236352968     
31                  0.881333212069      0.878900894694      0.878902950581      0.878900969686      0.87890288591       0.878788214013      0.87878995341       0.878789866213      0.878791141271     
31.05               0.88187434481       0.879452690009      0.879454736612      0.879452764653      0.879454672243      0.879340503099      0.879342234672      0.87934214788       0.879343417147     
31.1                0.882413021551      0.880001986002      0.88000402336       0.880002060301      0.880003959293      0.879890290858      0.879892014641      0.879891928252      0.879893191753     
31.15               0.882949253268      0.880548793778      0.880550821929      0.880548867732      0.880550758163      0.880437588403      0.880439304428      0.88043921844       0.8804404762       
31.2                0.883483050885      0.881093124395      0.881095143379      0.881093198007      0.881095079911      0.880982406798      0.880984115097      0.880984029509      0.880985281551     
31.25               0.884014425285      0.881634988866      0.881636998722      0.881635062137      0.881636935551      0.88152475706       0.881526457667      0.881526372476      0.881527618826     
31.3                0.884543387299      0.882174398157      0.882176398923      0.882174471088      0.882176336048      0.882064650163      0.88206634311       0.882066258314      0.882067498996     
31.35               0.885069947718      0.882711363189      0.882713354904      0.882711435782      0.882713292324      0.882602097033      0.882603782353      0.882603697951      0.882604932988     
31.4                0.885594117282      0.883245894836      0.883247877539      0.883245967094      0.883247815252      0.883137108552      0.883138786276      0.883138702266      0.883139931683     
31.45               0.88611590669       0.88377800393       0.883779977658      0.883778075852      0.883779915663      0.883669695556      0.883671365716      0.883671282096      0.883672505917     
31.5                0.886635326592      0.884307701253      0.884309666044      0.884307772842      0.88430960434       0.884199868834      0.884201531463      0.884201448231      0.88420266648      
31.55               0.887152387594      0.884834997545      0.884836953438      0.884835068803      0.884836892023      0.884727639132      0.884729294261      0.884729211416      0.884730424117     
31.6                0.887667100257      0.8853599035        0.885361850532      0.885359974427      0.885361789405      0.885253017149      0.885254664811      0.885254582351      0.885255789527     
31.65               0.888179475097      0.885882429767      0.885884367977      0.885882500365      0.885884307136      0.885776013543      0.885777653768      0.885777571692      0.885778773367     
31.7                0.888689522585      0.88640258695       0.886404516375      0.886402657222      0.88640445582       0.886296638922      0.886298271743      0.886298190048      0.886299386246     
31.75               0.889197253146      0.88692038561       0.886922306287      0.886920455555      0.886922246015      0.886814903852      0.886816529301      0.886816447985      0.88681763873      
31.8                0.889702677163      0.887435836261      0.887437748228      0.887435905882      0.887437688239      0.887330818856      0.887332436964      0.887332356025      0.88733354134      
31.85               0.890205804972      0.887948949375      0.887950852668      0.887949018673      0.887950792961      0.887844394411      0.887846005208      0.887845924646      0.887847104554     
31.9                0.890706646867      0.888459735378      0.888461630036      0.888459804355      0.888461570608      0.888355640949      0.888357244467      0.888357164279      0.888358338803     
31.95               0.891205213096      0.888968204653      0.888970090712      0.88896827331       0.888970031563      0.888864568859      0.888866165129      0.888866085314      0.888867254478     
32                  0.891701513865      0.889474367539      0.889476245037      0.889474435878      0.889476186165      0.889371188487      0.88937277754       0.889372698096      0.889373861923     
32.05               0.892195559335      0.889978234332      0.889980103304      0.889978302354      0.889980044709      0.889875510134      0.889877092001      0.889877012926      0.88987817144      
32.1                0.892687359624      0.890479815284      0.890481675767      0.89047988299       0.890481617447      0.890377544058      0.89037911877       0.890379040062      0.890380193285     
32.15               0.893176924805      0.890979120602      0.890980972633      0.890979187994      0.890980914586      0.890877300474      0.890878868061      0.890878789719      0.890879937674     
32.2                0.893664264909      0.891476160451      0.891478004067      0.891476227531      0.891477946292      0.891374789553      0.891376350045      0.891376272068      0.891377414778     
32.25               0.894149389925      0.891970944955      0.891972780191      0.891971011723      0.891972722687      0.891870021422      0.891871574851      0.891871497236      0.891872634723     
32.3                0.894632309797      0.892463484191      0.892465311083      0.892463550649      0.892465253849      0.892363006168      0.892364552563      0.892364475309      0.892365607597     
32.35               0.895113034427      0.892953788195      0.892955606781      0.892953854345      0.892955549815      0.892853753832      0.892855293224      0.892855216329      0.892856343439     
32.4                0.895591573674      0.893441866962      0.893443677276      0.893441932805      0.893443620578      0.893342274414      0.893343806833      0.893343730295      0.893344852251     
32.45               0.896067937356      0.893927730442      0.89392953252       0.89392779598       0.893929476088      0.893828577871      0.893830103347      0.893830027165      0.893831143989     
32.5                0.896542135246      0.894411388544      0.894413182422      0.894411453778      0.894413126255      0.894312674119      0.894314192681      0.894314116854      0.894315228568     
32.55               0.897014177077      0.894892851134      0.894894636847      0.894892916065      0.894894580944      0.894794573029      0.894796084708      0.894796009233      0.894797115859     
32.6                0.897484072539      0.895372128037      0.895373905621      0.895372192666      0.895373849979      0.895274284432      0.895275789257      0.895275714133      0.895276815694     
32.65               0.897951831281      0.895849229034      0.895850998524      0.895849293363      0.895850943144      0.895751818117      0.895753316118      0.895753241343      0.895754337861     
32.7                0.898417462909      0.896324163867      0.896325925298      0.896324227898      0.896325870177      0.89622718383       0.896228675036      0.89622860061       0.896229692106     
32.75               0.898880976987      0.896796942234      0.896798695641      0.896797005968      0.89679864078       0.896700391277      0.896701875718      0.896701801637      0.896702888134     
32.8                0.899342383041      0.897267573794      0.897269319211      0.897267637231      0.897269264607      0.897171450121      0.897172927826      0.89717285409       0.897173935609     
32.85               0.899801690552      0.897736068161      0.897737805624      0.897736131304      0.897737751277      0.897640369985      0.897641840983      0.89764176759       0.897642844153     
32.9                0.90025890896       0.898202434912      0.898204164455      0.898202497762      0.898204110363      0.898107160449      0.898108624769      0.898108551718      0.898109623347     
32.95               0.900714047668      0.89866668358       0.898668405238      0.898666746138      0.898668351399      0.898571831055      0.898573288726      0.898573216014      0.898574282731     
33                  0.901167116034      0.899128823658      0.899130537464      0.899128885925      0.899130483879      0.8990343913        0.899035842351      0.899035769978      0.899036831804     
33.05               0.901618123376      0.899588864598      0.899590570588      0.899588926577      0.899590517254      0.899494850645      0.899496295104      0.899496223067      0.899497280025     
33.1                0.902067078974      0.900046815813      0.90004851402       0.900046877504      0.900048460936      0.899953218506      0.899954656402      0.899954584701      0.89995563681      
33.15               0.902513992066      0.900502686674      0.900504377132      0.900502748078      0.900504324297      0.900409504261      0.900410935623      0.900410864255      0.900411911538     
33.2                0.902958871849      0.900956486511      0.900958169254      0.90095654763       0.900958116668      0.900863717247      0.900865142103      0.900865071068      0.900866113545     
33.25               0.903401727481      0.901408224615      0.901409899677      0.90140828545       0.901409847338      0.901315866762      0.90131728514       0.901317214435      0.901318252128     
33.3                0.90384256808       0.901857910239      0.901859577653      0.901857970791      0.901859525559      0.901765962061      0.90176737399       0.901767303614      0.901768336544     
33.35               0.904281402724      0.902305552591      0.902307212391      0.902305612862      0.902307160542      0.902214012364      0.902215417871      0.902215347823      0.90221637601      
33.4                0.904718240452      0.902751160844      0.902752813063      0.902751220835      0.902752761458      0.902660026846      0.90266142596       0.902661356238      0.902662379704     
33.45               0.905153090264      0.90319474413       0.903196388802      0.903194803843      0.903196337439      0.903104014646      0.903105407395      0.903105337997      0.903106356763     
33.5                0.905585961118      0.903636311541      0.903637948698      0.903636370976      0.903637897577      0.903545984862      0.903547371273      0.903547302199      0.903548316284     
33.55               0.906016861937      0.90407587213       0.904077501805      0.904075931289      0.904077450924      0.903985946554      0.903987326655      0.903987257902      0.903988267329     
33.6                0.906445801602      0.904513434912      0.904515057138      0.904513493795      0.904515006496      0.904423908741      0.90442528256       0.904425214127      0.904426218915     
33.65               0.906872788956      0.90494900886       0.90495062367       0.90494906747       0.904950573266      0.904859880405      0.904861247969      0.904861179855      0.904862180025     
33.7                0.907297832804      0.905382602912      0.905384210338      0.905382661249      0.905384160171      0.905293870489      0.905295231825      0.905295164028      0.905296159601     
33.75               0.907720941911      0.905814225964      0.90581582604       0.90581428403       0.905815776108      0.905725887895      0.905727243031      0.905727175549      0.905728166545     
33.8                0.908142125005      0.906243886877      0.906245479633      0.906243944673      0.906245429937      0.906155941488      0.906157290451      0.906157223284      0.906158209723     
33.85               0.908561390776      0.90667159447       0.90667317994       0.906671651997      0.906673130477      0.906584040097      0.906585382913      0.906585316059      0.906586297961     
33.9                0.908978747875      0.907097357526      0.907098935742      0.907097414786      0.907098886511      0.907010192508      0.907011529205      0.907011462662      0.907012440048     
33.95               0.909394204915      0.907521184789      0.907522755782      0.907521241783      0.907522706783      0.907434407472      0.907435738077      0.907435671844      0.907436644733     
34                  0.909807770472      0.907943084966      0.907944648769      0.907943141695      0.9079446           0.907856693702      0.907858018242      0.907857952317      0.907858920729     
34.05               0.910219453084      0.908363066725      0.908364623369      0.90836312319       0.908364574829      0.908277059872      0.908278378373      0.908278312756      0.908279276711     
34.1                0.910629261252      0.908781138697      0.908782688214      0.9087811949        0.908782639903      0.90869551462       0.908696827108      0.908696761797      0.908697721315     
34.15               0.911037203438      0.909197309476      0.909198851897      0.909197365417      0.909198803813      0.909112066544      0.909113373046      0.909113308039      0.90911426314      
34.2                0.91144328807       0.909611587617      0.909613122973      0.909611643298      0.909613075115      0.909526724206      0.909528024749      0.909527960045      0.909528910748     
34.25               0.911847523536      0.910023981639      0.910025509963      0.910024037062      0.910025462329      0.909939496132      0.909940790741      0.909940726338      0.909941672664     
34.3                0.912249918187      0.910434500025      0.910436021346      0.910434555189      0.910435973937      0.910350390808      0.91035167951       0.910351615408      0.910352557375     
34.35               0.912650480341      0.910843151218      0.910844665567      0.910843206125      0.910844618381      0.910759416687      0.910760699507      0.910760635704      0.910761573332     
34.4                0.913049218276      0.911249943626      0.911251451036      0.911249998279      0.911251404072      0.911166582181      0.911167859146      0.91116779564       0.911168728948     
34.45               0.913446140234      0.911654885622      0.911656386122      0.91165494002       0.911656339379      0.911571895668      0.911573166804      0.911573103593      0.911574032601     
34.5                0.913841254421      0.912057985539      0.91205947916       0.912058039684      0.912059432637      0.911975365488      0.91197663082       0.911976567905      0.911977492631     
34.55               0.914234569008      0.912459251677      0.912460738449      0.91245930557       0.912460692145      0.912376999947      0.912378259501      0.912378196878      0.912379117343     
34.6                0.914626092129      0.912858692296      0.912860172251      0.912858745939      0.912860126165      0.912776807311      0.912778061112      0.912777998782      0.912778915004     
34.65               0.915015831881      0.913256315625      0.913257788792      0.913256369017      0.913257742922      0.913174795814      0.913176043888      0.913175981848      0.913176893845     
34.7                0.915403796328      0.913652129852      0.913653596261      0.913652182996      0.913653550608      0.913570973651      0.913572216023      0.913572154272      0.913573062064     
34.75               0.915789993497      0.914046143132      0.914047602814      0.914046196028      0.914047557375      0.913965348982      0.913966585677      0.913966524215      0.91396742782      
34.8                0.916174431378      0.914438363583      0.914439816568      0.914438416234      0.914439771343      0.914357929932      0.914359160975      0.9143590998        0.914359999238     
34.85               0.916557117929      0.91482879929       0.914830245606      0.914828851695      0.914830200594      0.91474872459       0.914749950007      0.914749889117      0.914750784405     
34.9                0.91693806107       0.915217458299      0.915218897977      0.91521751046       0.915218853177      0.915137741009      0.915138960825      0.915138900219      0.915139791377     
34.95               0.917317268687      0.915604348623      0.915605781693      0.915604400542      0.915605737103      0.915524987209      0.915526201448      0.915526141124      0.91552702817      
35                  0.917694748633      0.91598947824       0.91599090473       0.915989529917      0.915990860351      0.915910471172      0.915911679858      0.915911619816      0.915912502769     
35.05               0.918070508723      0.916372855091      0.916374275032      0.916372906528      0.916374230862      0.916294200846      0.916295404005      0.916295344243      0.916296223121     
35.1                0.918444556739      0.916754487086      0.916755900506      0.916754538283      0.916755856544      0.916676184145      0.916677381801      0.916677322318      0.916678197139     
35.15               0.91881690043       0.917134382096      0.917135789025      0.917134433055      0.917135745269      0.917056428948      0.917057621126      0.91705756192       0.917058432702     
35.2                0.919187547508      0.91751254796       0.917513948426      0.917512598682      0.917513904877      0.917434943099      0.917436129822      0.917436070893      0.917436937655     
35.25               0.919556505653      0.917888992482      0.917890386514      0.917889042967      0.91789034317       0.917811734407      0.917812915701      0.917812857047      0.917813719805     
35.3                0.91992378251       0.918263723432      0.918265111059      0.918263773682      0.918265067919      0.918186810648      0.918187986536      0.918187928156      0.91818878693      
35.35               0.92028938569       0.918636748545      0.918638129796      0.918636798561      0.918638086859      0.918560179564      0.91856135007       0.918561291962      0.91856214677      
35.4                0.920653322771      0.919008075523      0.919009450426      0.919008125306      0.919009407691      0.918931848861      0.918933014009      0.918932956173      0.918933807032     
35.45               0.921015601297      0.919377712033      0.919379080616      0.919377761585      0.919379038083      0.919301826213      0.919302986028      0.919302928461      0.919303775389     
35.5                0.921376228779      0.91974566571       0.919747028002      0.91974571503       0.919746985669      0.91967011926       0.919671273764      0.919671216467      0.919672059482     
35.55               0.921735212688      0.92011194415       0.920113300178      0.920111993239      0.920113258045      0.920036735603      0.920037884819      0.920037827791      0.920038666909     
35.6                0.922092560476      0.920476554925      0.920477904717      0.920476603784      0.920477862783      0.920401682821      0.920402826775      0.920402770013      0.920403605252     
35.65               0.922448279553      0.920839505568      0.920840849154      0.9208395542        0.920840807417      0.920764968454      0.920766107167      0.920766050671      0.920766882049     
35.7                0.922802377297      0.92120080358       0.921202140986      0.921200851985      0.921202099446      0.921126600005      0.921127733502      0.92112767727       0.921128504805     
35.75               0.923154861054      0.921560456427      0.921561787681      0.921560504606      0.921561746337      0.921486584948      0.921487713252      0.921487657283      0.921488480992     
35.8                0.923505738134      0.921918471543      0.921919796673      0.921918519498      0.921919755524      0.921844930723      0.921846053858      0.92184599815       0.92184681805      
35.85               0.92385501582       0.922274856331      0.922276175364      0.922274904062      0.922276134409      0.922201644737      0.922202762725      0.922202707277      0.922203523386     
35.9                0.924202701358      0.922629618159      0.922630931123      0.922629665667      0.922630890361      0.922556734364      0.922557847228      0.92255779204       0.922558604374     
35.95               0.924548801964      0.922982764363      0.922984071285      0.92298281165       0.922984030715      0.922910206947      0.92291131471       0.92291125978       0.922912068357     
36                  0.924893324822      0.923334302248      0.923335603154      0.923334349314      0.923335562776      0.923262069795      0.92326317248       0.923263117806      0.923263922643     
36.05               0.925236277084      0.923684239084      0.923685534004      0.923684285932      0.923685493816      0.923612330185      0.923613427815      0.923613373396      0.92361417451      
36.1                0.92557766587       0.924032582113      0.924033871071      0.924032628742      0.924033831073      0.923960995362      0.923962087959      0.923962033795      0.923962831202     
36.15               0.925917498267      0.924379338542      0.924380621566      0.924379384953      0.924380581756      0.92430807254       0.924309160127      0.924309106217      0.924309899934     
36.2                0.926255781332      0.924724515545      0.924725792662      0.924724561741      0.92472575304       0.924653568901      0.9246546515        0.924654597841      0.924655387885     
36.25               0.926592522091      0.925068120269      0.925069391504      0.925068166249      0.92506935207       0.924997491592      0.924998569226      0.924998515818      0.924999302206     
36.3                0.926927727537      0.925410159824      0.925411425205      0.925410205589      0.925411385956      0.925339847733      0.925340920424      0.925340867266      0.925341650014     
36.35               0.927261404633      0.925750641292      0.925751900845      0.925750686844      0.925751861781      0.925680644411      0.925681712181      0.925681659271      0.925682438395     
36.4                0.92759356031       0.926089571722      0.926090825474      0.926089617062      0.926090786594      0.926019888679      0.92602095155       0.926020898888      0.926021674405     
36.45               0.927924201471      0.926426958133      0.926428206109      0.926427003262      0.926428167413      0.926357587562      0.926358645556      0.92635859314       0.926359365067     
36.5                0.928253334942      0.92676280747       0.9267640497        0.926762852394      0.926764011192      0.926693748016      0.926694801151      0.926694748981      0.926695517332     
36.55               0.92858096762       0.927097126747      0.927098363256      0.927097171466      0.927098324931      0.927028377054      0.927029425353      0.927029373427      0.92703013822      
36.6                0.928907106309      0.927429922884      0.927431153697      0.927429967397      0.927431115554      0.9273614816        0.927362525086      0.927362473403      0.927363234655     
36.65               0.929231757783      0.927761202772      0.927762427914      0.927761247079      0.927762389951      0.927693068551      0.927694107247      0.927694055805      0.927694813532     
36.7                0.929554928788      0.928090973273      0.92809219277       0.928091017375      0.928092154986      0.928023144776      0.928024178703      0.928024127502      0.928024881719     
36.75               0.929876626041      0.92841924122       0.928420455096      0.928419285116      0.92842041749       0.928351717112      0.928352746292      0.92835269533       0.928353446054     
36.8                0.93019685623       0.928746013414      0.928747221695      0.928746057106      0.928747184267      0.928678792368      0.928679816822      0.928679766098      0.928680513344     
36.85               0.930515626011      0.929071296629      0.92907249934       0.929071340118      0.929072462089      0.929004377321      0.92900539707       0.929005346583      0.929006090368     
36.9                0.930832942014      0.929395097608      0.929396294774      0.929395140894      0.929396257698      0.929328478719      0.929329493786      0.929329443535      0.929330183873     
36.95               0.931148810837      0.929717423063      0.929718614709      0.929717466148      0.929718577809      0.929651103282      0.929652113686      0.92965206367       0.929652800578     
37                  0.931463239049      0.930038279678      0.93003946583       0.930038322563      0.930039429103      0.929972257697      0.92997326346       0.929973213678      0.929973947172     
37.05               0.931776233191      0.930357674107      0.930358854788      0.930357716792      0.930358818235      0.930291948624      0.930292949767      0.930292900218      0.930293630312     
37.1                0.932087799772      0.930675612974      0.93067678821       0.930675655459      0.930676751829      0.930610182692      0.930611179236      0.930611129918      0.930611856628     
37.15               0.932397945275      0.930992102873      0.930993272687      0.93099214516       0.930993236479      0.930926966501      0.930927958465      0.930927909379      0.93092863272      
37.2                0.932706676151      0.931307150369      0.931308314788      0.931307192459      0.93130827875       0.931242306621      0.931243294027      0.931243245171      0.931243965158     
37.25               0.933013998826      0.931620761999      0.931621921046      0.931620803893      0.931621885178      0.931556209593      0.931557192462      0.931557143834      0.931557860484     
37.3                0.933319919693      0.93193294427       0.931934097969      0.931932985968      0.931934062271      0.931868681931      0.931869660283      0.931869611882      0.931870325209     
37.35               0.933624445119      0.93224370366       0.932244852035      0.932243745163      0.932244816506      0.932179730116      0.932180703971      0.932180655798      0.932181365817     
37.4                0.933927581443      0.932553046618      0.932554189694      0.932553087928      0.932554154332      0.932489360604      0.932490329983      0.932490282035      0.932490988761     
37.45               0.934229334973      0.932860979564      0.932862117365      0.932861020681      0.932862082171      0.932797579821      0.932798544743      0.93279849702       0.932799200468     
37.5                0.934529711991      0.933167508891      0.933168641441      0.933167549816      0.933168606413      0.933104394162      0.933105354648      0.933105307149      0.933106007335     
37.55               0.934828718749      0.933472640962      0.933473768284      0.933472681696      0.933473733422      0.933409809998      0.933410766068      0.93341071879       0.933411415728     
37.6                0.935126361474      0.933776382113      0.933777504231      0.933776422656      0.933777469533      0.933713833667      0.933714785341      0.933714738285      0.93371543199      
37.65               0.935422646362      0.934078738649      0.934079855586      0.934078779003      0.934079821053      0.934016471482      0.93401741878       0.934017371944      0.934018062431     
37.7                0.935717579582      0.93437971685       0.93438082863       0.934379757015      0.93438079426       0.934317729727      0.934318672668      0.934318626052      0.934319313336     
37.75               0.936011167276      0.934679322966      0.934680429613      0.934679362944      0.934680395406      0.934617614657      0.934618553261      0.934618506864      0.934619190959     
37.8                0.936303415559      0.93497756322       0.934978664758      0.934977603012      0.934978630712      0.934916132501      0.934917066788      0.934917020608      0.934917701528     
37.85               0.936594330517      0.935274443808      0.935275540259      0.935274483414      0.935275506374      0.935213289458      0.935214219447      0.935214173484      0.935214851244     
37.9                0.93688391821       0.935569970897      0.935571062284      0.935570010317      0.935571028559      0.935509091701      0.935510017412      0.935509971665      0.935510646279     
37.95               0.93717218467       0.935864150626      0.935865236972      0.935864189863      0.935865203407      0.935803545375      0.935804466827      0.935804421294      0.935805092777     
38                  0.937459135902      0.936156989109      0.936158070437      0.936157028162      0.936158037031      0.936096656597      0.936097573809      0.93609752849       0.936098196856     
38.05               0.937744777884      0.936448492429      0.936449568763      0.9364485313        0.936449535515      0.936388431458      0.936389344449      0.936389299342      0.936389964606     
38.1                0.938029116567      0.936738666647      0.936739738007      0.936738705336      0.936739704917      0.936678876019      0.936679784809      0.936679739914      0.93668040209      
38.15               0.938312157878      0.937027517791      0.937028584202      0.937027556299      0.937028551268      0.936967996318      0.936968900925      0.936968856241      0.936969515342     
38.2                0.938593907712      0.937315051867      0.937316113351      0.937315090195      0.937316080573      0.937255798363      0.937256698806      0.937256654332      0.937257310373     
38.25               0.938874371943      0.937601274851      0.93760233143       0.937601313         0.937602298807      0.937542288135      0.937543184434      0.937543140169      0.937543793164     
38.3                0.939153556415      0.937886192694      0.937887244391      0.937886230664      0.937887211922      0.937827471591      0.937828363765      0.937828319707      0.93782896967      
38.35               0.939431466947      0.938169811319      0.938170858156      0.938169849112      0.938170825841      0.938111354659      0.938112242725      0.938112198874      0.938112845819     
38.4                0.939708109331      0.938452136625      0.938453178623      0.938452174241      0.938453146462      0.938393943241      0.938394827219      0.938394783574      0.938395427514     
38.45               0.939983489335      0.938733174481      0.938734211664      0.938733211922      0.938734179654      0.938675243213      0.938676123121      0.93867607968       0.93867672063      
38.5                0.9402576127        0.939012930733      0.939013963121      0.939012967998      0.939013931264      0.938955260424      0.938956136281      0.938956093044      0.938956731017     
38.55               0.94053048514       0.939291411199      0.939292438815      0.93929144829       0.939292407108      0.939234000698      0.939234872521      0.939234829488      0.939235464497     
38.6                0.940802112344      0.939568621671      0.939569644537      0.939568658589      0.93956961298       0.939511469832      0.93951233764       0.939512294809      0.939512926868     
38.65               0.941072499977      0.939844567916      0.939845586053      0.939844604661      0.939845554646      0.939787673596      0.939788537408      0.939788494778      0.939789123901     
38.7                0.941341653676      0.940119255675      0.940120269105      0.940119292248      0.940120237847      0.940062617738      0.940063477571      0.940063435141      0.940064061341     
38.75               0.941609579055      0.940392690663      0.940393699407      0.940392727065      0.940393668297      0.940336307975      0.940337163848      0.940337121618      0.940337744908     
38.8                0.9418762817        0.940664878568      0.940665882648      0.9406649148        0.940665851685      0.940608750003      0.940609601933      0.940609559901      0.940610180296     
38.85               0.942141767175      0.940935825056      0.940936824492      0.940935861118      0.940936793677      0.940879949489      0.940880797495      0.940880755661      0.940881373173     
38.9                0.942406041016      0.941205535764      0.941206530578      0.941205571657      0.941206499909      0.941149912078      0.941150756177      0.94115071454       0.941151329182     
38.95               0.942669108736      0.941474016305      0.941475006518      0.94147405203       0.941474975994      0.941418643387      0.941419483597      0.941419442155      0.941420053941     
39                  0.942930975823      0.941741272268      0.941742257902      0.941741307826      0.941742227522      0.941686149008      0.941686985346      0.9416869441        0.941687553043     
39.05               0.943191647739      0.942007309215      0.94200829029       0.942007344607      0.942008260055      0.941952434509      0.941953266994      0.941953225941      0.941953832054     
39.1                0.943451129924      0.942272132686      0.942273109222      0.942272167912      0.942273079131      0.942217505433      0.942218334082      0.942218293222      0.942218896518     
39.15               0.94370942779       0.942535748192      0.942536720211      0.942535783253      0.942536690262      0.942481367298      0.942482192128      0.942482151461      0.942482751952     
39.2                0.943966546727      0.942798161222      0.942799128744      0.942798196119      0.942799098938      0.942744025597      0.942744846625      0.942744806149      0.942745403849     
39.25               0.9442224921        0.94305937724       0.943060340287      0.943059411974      0.943060310621      0.943005485797      0.943006303042      0.943006262756      0.943006857678     
39.3                0.944477269251      0.943319401686      0.943320360277      0.943319436257      0.943320330752      0.943265753344      0.943266566822      0.943266526726      0.943267118881     
39.35               0.944730883495      0.943578239974      0.943579194129      0.943578274383      0.943579164745      0.943524833656      0.943525643384      0.943525603476      0.943526192879     
39.4                0.944983340127      0.943835897495      0.943836847235      0.943835931743      0.94383681799       0.943782732128      0.943783538124      0.943783498404      0.943784085066     
39.45               0.945234644414      0.944092379615      0.944093324961      0.944092413703      0.944093295854      0.944039454132      0.944040256412      0.944040216879      0.944040800814     
39.5                0.945484801602      0.944347691677      0.944348632647      0.944347725605      0.944348603679      0.944295005014      0.944295803595      0.944295764248      0.944296345468     
39.55               0.945733816913      0.944601838998      0.944602775614      0.944601872767      0.944602746784      0.944549390096      0.944550184995      0.944550145834      0.944550724351     
39.6                0.945981695545      0.944854826873      0.944855759155      0.944854860485      0.944855730461      0.944802614678      0.944803405912      0.944803366936      0.944803942762     
39.65               0.946228442672      0.945106660574      0.94510758854       0.945106694027      0.945107559983      0.945054684035      0.945055471621      0.945055432828      0.945056005976     
39.7                0.946474063445      0.945357345345      0.945358269016      0.945357378642      0.945358240595      0.945305603418      0.945306387372      0.945306348761      0.945306919244     
39.75               0.946718562993      0.945606886412      0.945607805807      0.945606919553      0.945607777521      0.945555378054      0.945556158393      0.945556119964      0.945556687794     
39.8                0.946961946421      0.945855288973      0.945856204112      0.945855321958      0.94585617596       0.945804013148      0.945804789888      0.945804751641      0.945805316829     
39.85               0.94720421881       0.946102558205      0.946103469108      0.946102591036      0.94610344109       0.946051513881      0.946052287039      0.946052248972      0.946052811531     
39.9                0.947445385219      0.946348699262      0.946349605947      0.946348731939      0.946349578062      0.94629788541       0.946298655002      0.946298617114      0.946299177056     
39.95               0.947685450684      0.946593717272      0.94659461976       0.946593749796      0.946594592008      0.94654313287       0.946543898912      0.946543861202      0.94654441854      
40                  0.947924420219      0.946837617344      0.946838515653      0.946837649716      0.946838488033      0.946787261371      0.946788023879      0.946787986348      0.946788541093     
